employee_id,date,period,day_index,weekday,weekday_num,iso_week,is_weekend,is_holiday,holiday_name,role,role_group,skills,employment_pct,weekly_hours,contract_minutes_horizon,planable_minutes_horizon,min_total_minutes,max_total_minutes,max_consecutive_shifts,min_consecutive_days_off,max_weekends,max_night_shifts,night_eligible,ppug_countable,ppug_category,is_ward_lead,lead_release_pct,time_account_start_min,census_1200,census_0000,admissions,discharges,isolation_patients,care_minutes_total,available,availability_type,request_off_weight,request_on_shift,request_on_weight,history_shift,absence_s1,absence_s1_notice_h,absence_s2,absence_s2_notice_h,required_F,ppug_min_F,min_fachkraft_F,max_hilfskraft_F,care_minutes_F,azubi_slots_F,required_S,ppug_min_S,min_fachkraft_S,max_hilfskraft_S,care_minutes_S,azubi_slots_S,required_N,ppug_min_N,min_fachkraft_N,max_hilfskraft_N,care_minutes_N,azubi_slots_N,ward_id,ward_name,beds,ppug_bereich,ppug_ratio_day,ppug_ratio_night,shift_F_start,shift_F_end,shift_F_net_min,shift_F_forbidden_next,shift_S_start,shift_S_end,shift_S_net_min,shift_S_forbidden_next,shift_N_start,shift_N_end,shift_N_net_min,shift_N_forbidden_next,rule_min_rest_h,rule_min_rest_h_with_compensation,rule_max_daily_h,rule_max_daily_h_with_compensation,rule_break_min_6_to_9h,rule_break_min_over_9h,rule_max_night_h,rule_weekly_hours_fulltime,rule_annual_leave_days,rule_max_helper_share,rule_azubi_counts_towards_minimum,dataset_version,seed
AZ-001,2026-11-02,history,-28,Montag,1,45,0,0,,Auszubildende_r_3_Ausbildungsjahr,Auszubildende,AUSZUBILDEND,1.0,38.5,9240,9240,8316,10164,5,2,2,8,1,0,nicht anrechenbar,0,0.0,-9240,22,22,4,3,0,3917,1,,,,,,0,,0,,3,3,2,1,1567,1,3,3,2,1,1371,1,2,1,2,0,979,0,ST-IK1,Normalstation Innere Medizin / Kardiologie,30,Innere Medizin und Kardiologie,10.0,22.0,06:00,14:00,450,,13:30,21:30,450,F,21:15,06:15,495,F|S,11,10,8,10,30,45,8,38.5,30,0.1,0,2.0.0,20261133
AZ-002,2026-11-02,history,-28,Montag,1,45,0,0,,Auszubildende_r_2_Ausbildungsjahr,Auszubildende,AUSZUBILDEND,1.0,38.5,9240,9240,8316,10164,5,2,2,8,1,0,nicht anrechenbar,0,0.0,-9240,22,22,4,3,0,3917,1,,,,,,0,,0,,3,3,2,1,1567,1,3,3,2,1,1371,1,2,1,2,0,979,0,ST-IK1,Normalstation Innere Medizin / Kardiologie,30,Innere Medizin und Kardiologie,10.0,22.0,06:00,14:00,450,,13:30,21:30,450,F,21:15,06:15,495,F|S,11,10,8,10,30,45,8,38.5,30,0.1,0,2.0.0,20261133
AZ-003,2026-11-02,history,-28,Montag,1,45,0,0,,Auszubildende_r_1_Ausbildungsjahr,Auszubildende,AUSZUBILDEND,1.0,38.5,9240,9240,8316,10164,5,2,2,0,0,0,nicht anrechenbar,0,0.0,-6006,22,22,4,3,0,3917,1,,,,,,0,,0,,3,3,2,1,1567,1,3,3,2,1,1371,1,2,1,2,0,979,0,ST-IK1,Normalstation Innere Medizin / Kardiologie,30,Innere Medizin und Kardiologie,10.0,22.0,06:00,14:00,450,,13:30,21:30,450,F,21:15,06:15,495,F|S,11,10,8,10,30,45,8,38.5,30,0.1,0,2.0.0,20261133
PH-001,2026-11-02,history,-28,Montag,1,45,0,0,,Pflegehilfskraft,Pflegehilfskraft,PFLEGEHILFE,0.75,28.88,6931,6931,6238,7624,5,2,2,0,0,1,Pflegehilfskraft,0,0.0,-1530,22,22,4,3,0,3917,1,,,,,F,0,,0,,3,3,2,1,1567,1,3,3,2,1,1371,1,2,1,2,0,979,0,ST-IK1,Normalstation Innere Medizin / Kardiologie,30,Innere Medizin und Kardiologie,10.0,22.0,06:00,14:00,450,,13:30,21:30,450,F,21:15,06:15,495,F|S,11,10,8,10,30,45,8,38.5,30,0.1,0,2.0.0,20261133
PH-002,2026-11-02,history,-28,Montag,1,45,0,0,,Pflegehilfskraft,Pflegehilfskraft,PFLEGEHILFE,0.5,19.25,4620,4620,4158,5082,5,2,2,0,0,1,Pflegehilfskraft,0,0.0,-1020,22,22,4,3,0,3917,1,,,,,S,0,,0,,3,3,2,1,1567,1,3,3,2,1,1371,1,2,1,2,0,979,0,ST-IK1,Normalstation Innere Medizin / Kardiologie,30,Innere Medizin und Kardiologie,10.0,22.0,06:00,14:00,450,,13:30,21:30,450,F,21:15,06:15,495,F|S,11,10,8,10,30,45,8,38.5,30,0.1,0,2.0.0,20261133
PK-001,2026-11-02,history,-28,Montag,1,45,0,0,,Stationsleitung,Pflegefachkraft,EXAM|LEITUNG|PRAXISANLEITUNG,1.0,38.5,9240,4620,4158,5082,5,2,2,0,0,1,Pflegefachkraft,1,0.5,2130,22,22,4,3,0,3917,1,,,,,F,0,,0,,3,3,2,1,1567,1,3,3,2,1,1371,1,2,1,2,0,979,0,ST-IK1,Normalstation Innere Medizin / Kardiologie,30,Innere Medizin und Kardiologie,10.0,22.0,06:00,14:00,450,,13:30,21:30,450,F,21:15,06:15,495,F|S,11,10,8,10,30,45,8,38.5,30,0.1,0,2.0.0,20261133
PK-002,2026-11-02,history,-28,Montag,1,45,0,0,,Pflegefachkraft,Pflegefachkraft,EXAM|PRAXISANLEITUNG,0.8,30.8,7392,7392,6653,8131,5,2,2,8,1,1,Pflegefachkraft,0,0.0,-1857,22,22,4,3,0,3917,1,,,,,N,0,,0,,3,3,2,1,1567,1,3,3,2,1,1371,1,2,1,2,0,979,0,ST-IK1,Normalstation Innere Medizin / Kardiologie,30,Innere Medizin und Kardiologie,10.0,22.0,06:00,14:00,450,,13:30,21:30,450,F,21:15,06:15,495,F|S,11,10,8,10,30,45,8,38.5,30,0.1,0,2.0.0,20261133
PK-003,2026-11-02,history,-28,Montag,1,45,0,0,,Pflegefachkraft,Pflegefachkraft,EXAM,0.8,30.8,7392,7392,6653,8131,5,2,2,8,1,1,Pflegefachkraft,0,0.0,-1902,22,22,4,3,0,3917,1,,,,,N,0,,0,,3,3,2,1,1567,1,3,3,2,1,1371,1,2,1,2,0,979,0,ST-IK1,Normalstation Innere Medizin / Kardiologie,30,Innere Medizin und Kardiologie,10.0,22.0,06:00,14:00,450,,13:30,21:30,450,F,21:15,06:15,495,F|S,11,10,8,10,30,45,8,38.5,30,0.1,0,2.0.0,20261133
PK-004,2026-11-02,history,-28,Montag,1,45,0,0,,Pflegefachkraft,Pflegefachkraft,EXAM,1.0,38.5,9240,9240,8316,10164,5,2,2,8,1,1,Pflegefachkraft,0,0.0,-2625,22,22,4,3,0,3917,1,,,,,F,0,,0,,3,3,2,1,1567,1,3,3,2,1,1371,1,2,1,2,0,979,0,ST-IK1,Normalstation Innere Medizin / Kardiologie,30,Innere Medizin und Kardiologie,10.0,22.0,06:00,14:00,450,,13:30,21:30,450,F,21:15,06:15,495,F|S,11,10,8,10,30,45,8,38.5,30,0.1,0,2.0.0,20261133
PK-005,2026-11-02,history,-28,Montag,1,45,0,0,,Pflegefachkraft,Pflegefachkraft,EXAM,1.0,38.5,9240,9240,8316,10164,5,2,2,8,1,1,Pflegefachkraft,0,0.0,-2625,22,22,4,3,0,3917,1,,,,,S,0,,0,,3,3,2,1,1567,1,3,3,2,1,1371,1,2,1,2,0,979,0,ST-IK1,Normalstation Innere Medizin / Kardiologie,30,Innere Medizin und Kardiologie,10.0,22.0,06:00,14:00,450,,13:30,21:30,450,F,21:15,06:15,495,F|S,11,10,8,10,30,45,8,38.5,30,0.1,0,2.0.0,20261133
PK-006,2026-11-02,history,-28,Montag,1,45,0,0,,Pflegefachkraft,Pflegefachkraft,EXAM|PRAXISANLEITUNG|KARDIO_MONITORING,1.0,38.5,9240,9240,8316,10164,5,2,2,8,1,1,Pflegefachkraft,0,0.0,1104,22,22,4,3,0,3917,1,,,,,S,0,,0,,3,3,2,1,1567,1,3,3,2,1,1371,1,2,1,2,0,979,0,ST-IK1,Normalstation Innere Medizin / Kardiologie,30,Innere Medizin und Kardiologie,10.0,22.0,06:00,14:00,450,,13:30,21:30,450,F,21:15,06:15,495,F|S,11,10,8,10,30,45,8,38.5,30,0.1,0,2.0.0,20261133
PK-007,2026-11-02,history,-28,Montag,1,45,0,0,,Pflegefachkraft,Pflegefachkraft,EXAM,0.75,28.88,6931,6931,6238,7624,5,2,2,8,1,1,Pflegefachkraft,0,0.0,-1800,22,22,4,3,0,3917,1,,,,,,0,,0,,3,3,2,1,1567,1,3,3,2,1,1371,1,2,1,2,0,979,0,ST-IK1,Normalstation Innere Medizin / Kardiologie,30,Innere Medizin und Kardiologie,10.0,22.0,06:00,14:00,450,,13:30,21:30,450,F,21:15,06:15,495,F|S,11,10,8,10,30,45,8,38.5,30,0.1,0,2.0.0,20261133
PK-008,2026-11-02,history,-28,Montag,1,45,0,0,,Pflegefachkraft,Pflegefachkraft,EXAM|PRAXISANLEITUNG,0.6,23.1,5544,5544,4990,6098,5,2,2,8,1,1,Pflegefachkraft,0,0.0,-1449,22,22,4,3,0,3917,1,,,,,,0,,0,,3,3,2,1,1567,1,3,3,2,1,1371,1,2,1,2,0,979,0,ST-IK1,Normalstation Innere Medizin / Kardiologie,30,Innere Medizin und Kardiologie,10.0,22.0,06:00,14:00,450,,13:30,21:30,450,F,21:15,06:15,495,F|S,11,10,8,10,30,45,8,38.5,30,0.1,0,2.0.0,20261133
PK-009,2026-11-02,history,-28,Montag,1,45,0,0,,Pflegefachkraft,Pflegefachkraft,EXAM|KARDIO_MONITORING,0.6,23.1,5544,5544,4990,6098,5,2,2,8,1,1,Pflegefachkraft,0,0.0,-1494,22,22,4,3,0,3917,1,,,,,,0,,0,,3,3,2,1,1567,1,3,3,2,1,1371,1,2,1,2,0,979,0,ST-IK1,Normalstation Innere Medizin / Kardiologie,30,Innere Medizin und Kardiologie,10.0,22.0,06:00,14:00,450,,13:30,21:30,450,F,21:15,06:15,495,F|S,11,10,8,10,30,45,8,38.5,30,0.1,0,2.0.0,20261133
PK-010,2026-11-02,history,-28,Montag,1,45,0,0,,Pflegefachkraft,Pflegefachkraft,EXAM|KARDIO_MONITORING,0.9,34.65,8316,8316,7484,9148,5,2,2,8,1,1,Pflegefachkraft,0,0.0,-1971,22,22,4,3,0,3917,1,,,,,,0,,0,,3,3,2,1,1567,1,3,3,2,1,1371,1,2,1,2,0,979,0,ST-IK1,Normalstation Innere Medizin / Kardiologie,30,Innere Medizin und Kardiologie,10.0,22.0,06:00,14:00,450,,13:30,21:30,450,F,21:15,06:15,495,F|S,11,10,8,10,30,45,8,38.5,30,0.1,0,2.0.0,20261133
PK-011,2026-11-02,history,-28,Montag,1,45,0,0,,Pflegefachkraft,Pflegefachkraft,EXAM|PRAXISANLEITUNG,0.5,19.25,4620,4620,4158,5082,5,2,2,8,1,1,Pflegefachkraft,0,0.0,-885,22,22,4,3,0,3917,1,,,,,,0,,0,,3,3,2,1,1567,1,3,3,2,1,1371,1,2,1,2,0,979,0,ST-IK1,Normalstation Innere Medizin / Kardiologie,30,Innere Medizin und Kardiologie,10.0,22.0,06:00,14:00,450,,13:30,21:30,450,F,21:15,06:15,495,F|S,11,10,8,10,30,45,8,38.5,30,0.1,0,2.0.0,20261133
PK-012,2026-11-02,history,-28,Montag,1,45,0,0,,Pflegefachkraft,Pflegefachkraft,EXAM|KARDIO_MONITORING,0.75,28.88,6931,6931,6238,7624,5,2,2,8,1,1,Pflegefachkraft,0,0.0,-1845,22,22,4,3,0,3917,1,,,,,,0,,0,,3,3,2,1,1567,1,3,3,2,1,1371,1,2,1,2,0,979,0,ST-IK1,Normalstation Innere Medizin / Kardiologie,30,Innere Medizin und Kardiologie,10.0,22.0,06:00,14:00,450,,13:30,21:30,450,F,21:15,06:15,495,F|S,11,10,8,10,30,45,8,38.5,30,0.1,0,2.0.0,20261133
PK-013,2026-11-02,history,-28,Montag,1,45,0,0,,Pflegefachkraft,Pflegefachkraft,EXAM,1.0,38.5,9240,9240,8316,10164,5,2,2,8,1,1,Pflegefachkraft,0,0.0,-2445,22,22,4,3,0,3917,1,,,,,,0,,0,,3,3,2,1,1567,1,3,3,2,1,1371,1,2,1,2,0,979,0,ST-IK1,Normalstation Innere Medizin / Kardiologie,30,Innere Medizin und Kardiologie,10.0,22.0,06:00,14:00,450,,13:30,21:30,450,F,21:15,06:15,495,F|S,11,10,8,10,30,45,8,38.5,30,0.1,0,2.0.0,20261133
PK-014,2026-11-02,history,-28,Montag,1,45,0,0,,Pflegefachkraft,Pflegefachkraft,EXAM|PRAXISANLEITUNG,0.75,28.88,6931,6931,6238,7624,5,2,2,8,1,1,Pflegefachkraft,0,0.0,-1440,22,22,4,3,0,3917,1,,,,,,0,,0,,3,3,2,1,1567,1,3,3,2,1,1371,1,2,1,2,0,979,0,ST-IK1,Normalstation Innere Medizin / Kardiologie,30,Innere Medizin und Kardiologie,10.0,22.0,06:00,14:00,450,,13:30,21:30,450,F,21:15,06:15,495,F|S,11,10,8,10,30,45,8,38.5,30,0.1,0,2.0.0,20261133
PK-015,2026-11-02,history,-28,Montag,1,45,0,0,,Pflegefachkraft,Pflegefachkraft,EXAM|KARDIO_MONITORING,0.8,30.8,7392,7392,6653,8131,5,2,2,8,1,1,Pflegefachkraft,0,0.0,-1992,22,22,4,3,0,3917,1,,,,,,0,,0,,3,3,2,1,1567,1,3,3,2,1,1371,1,2,1,2,0,979,0,ST-IK1,Normalstation Innere Medizin / Kardiologie,30,Innere Medizin und Kardiologie,10.0,22.0,06:00,14:00,450,,13:30,21:30,450,F,21:15,06:15,495,F|S,11,10,8,10,30,45,8,38.5,30,0.1,0,2.0.0,20261133
PK-016,2026-11-02,history,-28,Montag,1,45,0,0,,Pflegefachkraft,Pflegefachkraft,EXAM|KARDIO_MONITORING,0.7,26.95,6468,6468,5821,7115,5,2,2,8,1,1,Pflegefachkraft,0,0.0,566,22,22,4,3,0,3917,1,,,,,,0,,0,,3,3,2,1,1567,1,3,3,2,1,1371,1,2,1,2,0,979,0,ST-IK1,Normalstation Innere Medizin / Kardiologie,30,Innere Medizin und Kardiologie,10.0,22.0,06:00,14:00,450,,13:30,21:30,450,F,21:15,06:15,495,F|S,11,10,8,10,30,45,8,38.5,30,0.1,0,2.0.0,20261133
PK-017,2026-11-02,history,-28,Montag,1,45,0,0,,Pflegefachkraft,Pflegefachkraft,EXAM|PRAXISANLEITUNG|KARDIO_MONITORING,1.0,38.5,9240,9240,8316,10164,5,2,2,8,1,1,Pflegefachkraft,0,0.0,-2265,22,22,4,3,0,3917,1,,,,,,0,,0,,3,3,2,1,1567,1,3,3,2,1,1371,1,2,1,2,0,979,0,ST-IK1,Normalstation Innere Medizin / Kardiologie,30,Innere Medizin und Kardiologie,10.0,22.0,06:00,14:00,450,,13:30,21:30,450,F,21:15,06:15,495,F|S,11,10,8,10,30,45,8,38.5,30,0.1,0,2.0.0,20261133
PK-018,2026-11-02,history,-28,Montag,1,45,0,0,,Pflegefachkraft,Pflegefachkraft,EXAM,0.5,19.25,4620,4620,4158,5082,5,2,2,8,1,1,Pflegefachkraft,0,0.0,-885,22,22,4,3,0,3917,1,,,,,,0,,0,,3,3,2,1,1567,1,3,3,2,1,1371,1,2,1,2,0,979,0,ST-IK1,Normalstation Innere Medizin / Kardiologie,30,Innere Medizin und Kardiologie,10.0,22.0,06:00,14:00,450,,13:30,21:30,450,F,21:15,06:15,495,F|S,11,10,8,10,30,45,8,38.5,30,0.1,0,2.0.0,20261133
AZ-001,2026-11-03,history,-27,Dienstag,2,45,0,0,,Auszubildende_r_3_Ausbildungsjahr,Auszubildende,AUSZUBILDEND,1.0,38.5,9240,9240,8316,10164,5,2,2,8,1,0,nicht anrechenbar,0,0.0,-9240,23,22,4,8,0,4074,1,,,,,,0,,0,,4,3,3,1,1630,1,3,3,2,1,1426,1,2,1,2,0,1018,0,ST-IK1,Normalstation Innere Medizin / Kardiologie,30,Innere Medizin und Kardiologie,10.0,22.0,06:00,14:00,450,,13:30,21:30,450,F,21:15,06:15,495,F|S,11,10,8,10,30,45,8,38.5,30,0.1,0,2.0.0,20261133
AZ-002,2026-11-03,history,-27,Dienstag,2,45,0,0,,Auszubildende_r_2_Ausbildungsjahr,Auszubildende,AUSZUBILDEND,1.0,38.5,9240,9240,8316,10164,5,2,2,8,1,0,nicht anrechenbar,0,0.0,-9240,23,22,4,8,0,4074,1,,,,,,0,,0,,4,3,3,1,1630,1,3,3,2,1,1426,1,2,1,2,0,1018,0,ST-IK1,Normalstation Innere Medizin / Kardiologie,30,Innere Medizin und Kardiologie,10.0,22.0,06:00,14:00,450,,13:30,21:30,450,F,21:15,06:15,495,F|S,11,10,8,10,30,45,8,38.5,30,0.1,0,2.0.0,20261133
AZ-003,2026-11-03,history,-27,Dienstag,2,45,0,0,,Auszubildende_r_1_Ausbildungsjahr,Auszubildende,AUSZUBILDEND,1.0,38.5,9240,9240,8316,10164,5,2,2,0,0,0,nicht anrechenbar,0,0.0,-6006,23,22,4,8,0,4074,1,,,,,,0,,0,,4,3,3,1,1630,1,3,3,2,1,1426,1,2,1,2,0,1018,0,ST-IK1,Normalstation Innere Medizin / Kardiologie,30,Innere Medizin und Kardiologie,10.0,22.0,06:00,14:00,450,,13:30,21:30,450,F,21:15,06:15,495,F|S,11,10,8,10,30,45,8,38.5,30,0.1,0,2.0.0,20261133
PH-001,2026-11-03,history,-27,Dienstag,2,45,0,0,,Pflegehilfskraft,Pflegehilfskraft,PFLEGEHILFE,0.75,28.88,6931,6931,6238,7624,5,2,2,0,0,1,Pflegehilfskraft,0,0.0,-1530,23,22,4,8,0,4074,1,,,,,,0,,0,,4,3,3,1,1630,1,3,3,2,1,1426,1,2,1,2,0,1018,0,ST-IK1,Normalstation Innere Medizin / Kardiologie,30,Innere Medizin und Kardiologie,10.0,22.0,06:00,14:00,450,,13:30,21:30,450,F,21:15,06:15,495,F|S,11,10,8,10,30,45,8,38.5,30,0.1,0,2.0.0,20261133
PH-002,2026-11-03,history,-27,Dienstag,2,45,0,0,,Pflegehilfskraft,Pflegehilfskraft,PFLEGEHILFE,0.5,19.25,4620,4620,4158,5082,5,2,2,0,0,1,Pflegehilfskraft,0,0.0,-1020,23,22,4,8,0,4074,1,,,,,,0,,0,,4,3,3,1,1630,1,3,3,2,1,1426,1,2,1,2,0,1018,0,ST-IK1,Normalstation Innere Medizin / Kardiologie,30,Innere Medizin und Kardiologie,10.0,22.0,06:00,14:00,450,,13:30,21:30,450,F,21:15,06:15,495,F|S,11,10,8,10,30,45,8,38.5,30,0.1,0,2.0.0,20261133
PK-001,2026-11-03,history,-27,Dienstag,2,45,0,0,,Stationsleitung,Pflegefachkraft,EXAM|LEITUNG|PRAXISANLEITUNG,1.0,38.5,9240,4620,4158,5082,5,2,2,0,0,1,Pflegefachkraft,1,0.5,2130,23,22,4,8,0,4074,1,,,,,,0,,0,,4,3,3,1,1630,1,3,3,2,1,1426,1,2,1,2,0,1018,0,ST-IK1,Normalstation Innere Medizin / Kardiologie,30,Innere Medizin und Kardiologie,10.0,22.0,06:00,14:00,450,,13:30,21:30,450,F,21:15,06:15,495,F|S,11,10,8,10,30,45,8,38.5,30,0.1,0,2.0.0,20261133
PK-002,2026-11-03,history,-27,Dienstag,2,45,0,0,,Pflegefachkraft,Pflegefachkraft,EXAM|PRAXISANLEITUNG,0.8,30.8,7392,7392,6653,8131,5,2,2,8,1,1,Pflegefachkraft,0,0.0,-1857,23,22,4,8,0,4074,1,,,,,,0,,0,,4,3,3,1,1630,1,3,3,2,1,1426,1,2,1,2,0,1018,0,ST-IK1,Normalstation Innere Medizin / Kardiologie,30,Innere Medizin und Kardiologie,10.0,22.0,06:00,14:00,450,,13:30,21:30,450,F,21:15,06:15,495,F|S,11,10,8,10,30,45,8,38.5,30,0.1,0,2.0.0,20261133
PK-003,2026-11-03,history,-27,Dienstag,2,45,0,0,,Pflegefachkraft,Pflegefachkraft,EXAM,0.8,30.8,7392,7392,6653,8131,5,2,2,8,1,1,Pflegefachkraft,0,0.0,-1902,23,22,4,8,0,4074,1,,,,,,0,,0,,4,3,3,1,1630,1,3,3,2,1,1426,1,2,1,2,0,1018,0,ST-IK1,Normalstation Innere Medizin / Kardiologie,30,Innere Medizin und Kardiologie,10.0,22.0,06:00,14:00,450,,13:30,21:30,450,F,21:15,06:15,495,F|S,11,10,8,10,30,45,8,38.5,30,0.1,0,2.0.0,20261133
PK-004,2026-11-03,history,-27,Dienstag,2,45,0,0,,Pflegefachkraft,Pflegefachkraft,EXAM,1.0,38.5,9240,9240,8316,10164,5,2,2,8,1,1,Pflegefachkraft,0,0.0,-2625,23,22,4,8,0,4074,1,,,,,,0,,0,,4,3,3,1,1630,1,3,3,2,1,1426,1,2,1,2,0,1018,0,ST-IK1,Normalstation Innere Medizin / Kardiologie,30,Innere Medizin und Kardiologie,10.0,22.0,06:00,14:00,450,,13:30,21:30,450,F,21:15,06:15,495,F|S,11,10,8,10,30,45,8,38.5,30,0.1,0,2.0.0,20261133
PK-005,2026-11-03,history,-27,Dienstag,2,45,0,0,,Pflegefachkraft,Pflegefachkraft,EXAM,1.0,38.5,9240,9240,8316,10164,5,2,2,8,1,1,Pflegefachkraft,0,0.0,-2625,23,22,4,8,0,4074,1,,,,,,0,,0,,4,3,3,1,1630,1,3,3,2,1,1426,1,2,1,2,0,1018,0,ST-IK1,Normalstation Innere Medizin / Kardiologie,30,Innere Medizin und Kardiologie,10.0,22.0,06:00,14:00,450,,13:30,21:30,450,F,21:15,06:15,495,F|S,11,10,8,10,30,45,8,38.5,30,0.1,0,2.0.0,20261133
PK-006,2026-11-03,history,-27,Dienstag,2,45,0,0,,Pflegefachkraft,Pflegefachkraft,EXAM|PRAXISANLEITUNG|KARDIO_MONITORING,1.0,38.5,9240,9240,8316,10164,5,2,2,8,1,1,Pflegefachkraft,0,0.0,1104,23,22,4,8,0,4074,1,,,,,,0,,0,,4,3,3,1,1630,1,3,3,2,1,1426,1,2,1,2,0,1018,0,ST-IK1,Normalstation Innere Medizin / Kardiologie,30,Innere Medizin und Kardiologie,10.0,22.0,06:00,14:00,450,,13:30,21:30,450,F,21:15,06:15,495,F|S,11,10,8,10,30,45,8,38.5,30,0.1,0,2.0.0,20261133
PK-007,2026-11-03,history,-27,Dienstag,2,45,0,0,,Pflegefachkraft,Pflegefachkraft,EXAM,0.75,28.88,6931,6931,6238,7624,5,2,2,8,1,1,Pflegefachkraft,0,0.0,-1800,23,22,4,8,0,4074,1,,,,,N,0,,0,,4,3,3,1,1630,1,3,3,2,1,1426,1,2,1,2,0,1018,0,ST-IK1,Normalstation Innere Medizin / Kardiologie,30,Innere Medizin und Kardiologie,10.0,22.0,06:00,14:00,450,,13:30,21:30,450,F,21:15,06:15,495,F|S,11,10,8,10,30,45,8,38.5,30,0.1,0,2.0.0,20261133
PK-008,2026-11-03,history,-27,Dienstag,2,45,0,0,,Pflegefachkraft,Pflegefachkraft,EXAM|PRAXISANLEITUNG,0.6,23.1,5544,5544,4990,6098,5,2,2,8,1,1,Pflegefachkraft,0,0.0,-1449,23,22,4,8,0,4074,1,,,,,N,0,,0,,4,3,3,1,1630,1,3,3,2,1,1426,1,2,1,2,0,1018,0,ST-IK1,Normalstation Innere Medizin / Kardiologie,30,Innere Medizin und Kardiologie,10.0,22.0,06:00,14:00,450,,13:30,21:30,450,F,21:15,06:15,495,F|S,11,10,8,10,30,45,8,38.5,30,0.1,0,2.0.0,20261133
PK-009,2026-11-03,history,-27,Dienstag,2,45,0,0,,Pflegefachkraft,Pflegefachkraft,EXAM|KARDIO_MONITORING,0.6,23.1,5544,5544,4990,6098,5,2,2,8,1,1,Pflegefachkraft,0,0.0,-1494,23,22,4,8,0,4074,1,,,,,F,0,,0,,4,3,3,1,1630,1,3,3,2,1,1426,1,2,1,2,0,1018,0,ST-IK1,Normalstation Innere Medizin / Kardiologie,30,Innere Medizin und Kardiologie,10.0,22.0,06:00,14:00,450,,13:30,21:30,450,F,21:15,06:15,495,F|S,11,10,8,10,30,45,8,38.5,30,0.1,0,2.0.0,20261133
PK-010,2026-11-03,history,-27,Dienstag,2,45,0,0,,Pflegefachkraft,Pflegefachkraft,EXAM|KARDIO_MONITORING,0.9,34.65,8316,8316,7484,9148,5,2,2,8,1,1,Pflegefachkraft,0,0.0,-1971,23,22,4,8,0,4074,1,,,,,F,0,,0,,4,3,3,1,1630,1,3,3,2,1,1426,1,2,1,2,0,1018,0,ST-IK1,Normalstation Innere Medizin / Kardiologie,30,Innere Medizin und Kardiologie,10.0,22.0,06:00,14:00,450,,13:30,21:30,450,F,21:15,06:15,495,F|S,11,10,8,10,30,45,8,38.5,30,0.1,0,2.0.0,20261133
PK-011,2026-11-03,history,-27,Dienstag,2,45,0,0,,Pflegefachkraft,Pflegefachkraft,EXAM|PRAXISANLEITUNG,0.5,19.25,4620,4620,4158,5082,5,2,2,8,1,1,Pflegefachkraft,0,0.0,-885,23,22,4,8,0,4074,1,,,,,F,0,,0,,4,3,3,1,1630,1,3,3,2,1,1426,1,2,1,2,0,1018,0,ST-IK1,Normalstation Innere Medizin / Kardiologie,30,Innere Medizin und Kardiologie,10.0,22.0,06:00,14:00,450,,13:30,21:30,450,F,21:15,06:15,495,F|S,11,10,8,10,30,45,8,38.5,30,0.1,0,2.0.0,20261133
PK-012,2026-11-03,history,-27,Dienstag,2,45,0,0,,Pflegefachkraft,Pflegefachkraft,EXAM|KARDIO_MONITORING,0.75,28.88,6931,6931,6238,7624,5,2,2,8,1,1,Pflegefachkraft,0,0.0,-1845,23,22,4,8,0,4074,1,,,,,F,0,,0,,4,3,3,1,1630,1,3,3,2,1,1426,1,2,1,2,0,1018,0,ST-IK1,Normalstation Innere Medizin / Kardiologie,30,Innere Medizin und Kardiologie,10.0,22.0,06:00,14:00,450,,13:30,21:30,450,F,21:15,06:15,495,F|S,11,10,8,10,30,45,8,38.5,30,0.1,0,2.0.0,20261133
PK-013,2026-11-03,history,-27,Dienstag,2,45,0,0,,Pflegefachkraft,Pflegefachkraft,EXAM,1.0,38.5,9240,9240,8316,10164,5,2,2,8,1,1,Pflegefachkraft,0,0.0,-2445,23,22,4,8,0,4074,1,,,,,S,0,,0,,4,3,3,1,1630,1,3,3,2,1,1426,1,2,1,2,0,1018,0,ST-IK1,Normalstation Innere Medizin / Kardiologie,30,Innere Medizin und Kardiologie,10.0,22.0,06:00,14:00,450,,13:30,21:30,450,F,21:15,06:15,495,F|S,11,10,8,10,30,45,8,38.5,30,0.1,0,2.0.0,20261133
PK-014,2026-11-03,history,-27,Dienstag,2,45,0,0,,Pflegefachkraft,Pflegefachkraft,EXAM|PRAXISANLEITUNG,0.75,28.88,6931,6931,6238,7624,5,2,2,8,1,1,Pflegefachkraft,0,0.0,-1440,23,22,4,8,0,4074,1,,,,,S,0,,0,,4,3,3,1,1630,1,3,3,2,1,1426,1,2,1,2,0,1018,0,ST-IK1,Normalstation Innere Medizin / Kardiologie,30,Innere Medizin und Kardiologie,10.0,22.0,06:00,14:00,450,,13:30,21:30,450,F,21:15,06:15,495,F|S,11,10,8,10,30,45,8,38.5,30,0.1,0,2.0.0,20261133
PK-015,2026-11-03,history,-27,Dienstag,2,45,0,0,,Pflegefachkraft,Pflegefachkraft,EXAM|KARDIO_MONITORING,0.8,30.8,7392,7392,6653,8131,5,2,2,8,1,1,Pflegefachkraft,0,0.0,-1992,23,22,4,8,0,4074,1,,,,,S,0,,0,,4,3,3,1,1630,1,3,3,2,1,1426,1,2,1,2,0,1018,0,ST-IK1,Normalstation Innere Medizin / Kardiologie,30,Innere Medizin und Kardiologie,10.0,22.0,06:00,14:00,450,,13:30,21:30,450,F,21:15,06:15,495,F|S,11,10,8,10,30,45,8,38.5,30,0.1,0,2.0.0,20261133
PK-016,2026-11-03,history,-27,Dienstag,2,45,0,0,,Pflegefachkraft,Pflegefachkraft,EXAM|KARDIO_MONITORING,0.7,26.95,6468,6468,5821,7115,5,2,2,8,1,1,Pflegefachkraft,0,0.0,566,23,22,4,8,0,4074,1,,,,,,0,,0,,4,3,3,1,1630,1,3,3,2,1,1426,1,2,1,2,0,1018,0,ST-IK1,Normalstation Innere Medizin / Kardiologie,30,Innere Medizin und Kardiologie,10.0,22.0,06:00,14:00,450,,13:30,21:30,450,F,21:15,06:15,495,F|S,11,10,8,10,30,45,8,38.5,30,0.1,0,2.0.0,20261133
PK-017,2026-11-03,history,-27,Dienstag,2,45,0,0,,Pflegefachkraft,Pflegefachkraft,EXAM|PRAXISANLEITUNG|KARDIO_MONITORING,1.0,38.5,9240,9240,8316,10164,5,2,2,8,1,1,Pflegefachkraft,0,0.0,-2265,23,22,4,8,0,4074,1,,,,,,0,,0,,4,3,3,1,1630,1,3,3,2,1,1426,1,2,1,2,0,1018,0,ST-IK1,Normalstation Innere Medizin / Kardiologie,30,Innere Medizin und Kardiologie,10.0,22.0,06:00,14:00,450,,13:30,21:30,450,F,21:15,06:15,495,F|S,11,10,8,10,30,45,8,38.5,30,0.1,0,2.0.0,20261133
PK-018,2026-11-03,history,-27,Dienstag,2,45,0,0,,Pflegefachkraft,Pflegefachkraft,EXAM,0.5,19.25,4620,4620,4158,5082,5,2,2,8,1,1,Pflegefachkraft,0,0.0,-885,23,22,4,8,0,4074,1,,,,,,0,,0,,4,3,3,1,1630,1,3,3,2,1,1426,1,2,1,2,0,1018,0,ST-IK1,Normalstation Innere Medizin / Kardiologie,30,Innere Medizin und Kardiologie,10.0,22.0,06:00,14:00,450,,13:30,21:30,450,F,21:15,06:15,495,F|S,11,10,8,10,30,45,8,38.5,30,0.1,0,2.0.0,20261133
AZ-001,2026-11-04,history,-26,Mittwoch,3,45,0,0,,Auszubildende_r_3_Ausbildungsjahr,Auszubildende,AUSZUBILDEND,1.0,38.5,9240,9240,8316,10164,5,2,2,8,1,0,nicht anrechenbar,0,0.0,-9240,22,20,4,1,2,4040,1,,,,,,0,,0,,4,3,3,1,1616,1,3,3,2,1,1414,1,2,1,2,0,1010,0,ST-IK1,Normalstation Innere Medizin / Kardiologie,30,Innere Medizin und Kardiologie,10.0,22.0,06:00,14:00,450,,13:30,21:30,450,F,21:15,06:15,495,F|S,11,10,8,10,30,45,8,38.5,30,0.1,0,2.0.0,20261133
AZ-002,2026-11-04,history,-26,Mittwoch,3,45,0,0,,Auszubildende_r_2_Ausbildungsjahr,Auszubildende,AUSZUBILDEND,1.0,38.5,9240,9240,8316,10164,5,2,2,8,1,0,nicht anrechenbar,0,0.0,-9240,22,20,4,1,2,4040,1,,,,,,0,,0,,4,3,3,1,1616,1,3,3,2,1,1414,1,2,1,2,0,1010,0,ST-IK1,Normalstation Innere Medizin / Kardiologie,30,Innere Medizin und Kardiologie,10.0,22.0,06:00,14:00,450,,13:30,21:30,450,F,21:15,06:15,495,F|S,11,10,8,10,30,45,8,38.5,30,0.1,0,2.0.0,20261133
AZ-003,2026-11-04,history,-26,Mittwoch,3,45,0,0,,Auszubildende_r_1_Ausbildungsjahr,Auszubildende,AUSZUBILDEND,1.0,38.5,9240,9240,8316,10164,5,2,2,0,0,0,nicht anrechenbar,0,0.0,-6006,22,20,4,1,2,4040,1,,,,,,0,,0,,4,3,3,1,1616,1,3,3,2,1,1414,1,2,1,2,0,1010,0,ST-IK1,Normalstation Innere Medizin / Kardiologie,30,Innere Medizin und Kardiologie,10.0,22.0,06:00,14:00,450,,13:30,21:30,450,F,21:15,06:15,495,F|S,11,10,8,10,30,45,8,38.5,30,0.1,0,2.0.0,20261133
PH-001,2026-11-04,history,-26,Mittwoch,3,45,0,0,,Pflegehilfskraft,Pflegehilfskraft,PFLEGEHILFE,0.75,28.88,6931,6931,6238,7624,5,2,2,0,0,1,Pflegehilfskraft,0,0.0,-1530,22,20,4,1,2,4040,1,,,,,S,0,,0,,4,3,3,1,1616,1,3,3,2,1,1414,1,2,1,2,0,1010,0,ST-IK1,Normalstation Innere Medizin / Kardiologie,30,Innere Medizin und Kardiologie,10.0,22.0,06:00,14:00,450,,13:30,21:30,450,F,21:15,06:15,495,F|S,11,10,8,10,30,45,8,38.5,30,0.1,0,2.0.0,20261133
PH-002,2026-11-04,history,-26,Mittwoch,3,45,0,0,,Pflegehilfskraft,Pflegehilfskraft,PFLEGEHILFE,0.5,19.25,4620,4620,4158,5082,5,2,2,0,0,1,Pflegehilfskraft,0,0.0,-1020,22,20,4,1,2,4040,1,,,,,,0,,0,,4,3,3,1,1616,1,3,3,2,1,1414,1,2,1,2,0,1010,0,ST-IK1,Normalstation Innere Medizin / Kardiologie,30,Innere Medizin und Kardiologie,10.0,22.0,06:00,14:00,450,,13:30,21:30,450,F,21:15,06:15,495,F|S,11,10,8,10,30,45,8,38.5,30,0.1,0,2.0.0,20261133
PK-001,2026-11-04,history,-26,Mittwoch,3,45,0,0,,Stationsleitung,Pflegefachkraft,EXAM|LEITUNG|PRAXISANLEITUNG,1.0,38.5,9240,4620,4158,5082,5,2,2,0,0,1,Pflegefachkraft,1,0.5,2130,22,20,4,1,2,4040,1,,,,,F,0,,0,,4,3,3,1,1616,1,3,3,2,1,1414,1,2,1,2,0,1010,0,ST-IK1,Normalstation Innere Medizin / Kardiologie,30,Innere Medizin und Kardiologie,10.0,22.0,06:00,14:00,450,,13:30,21:30,450,F,21:15,06:15,495,F|S,11,10,8,10,30,45,8,38.5,30,0.1,0,2.0.0,20261133
PK-002,2026-11-04,history,-26,Mittwoch,3,45,0,0,,Pflegefachkraft,Pflegefachkraft,EXAM|PRAXISANLEITUNG,0.8,30.8,7392,7392,6653,8131,5,2,2,8,1,1,Pflegefachkraft,0,0.0,-1857,22,20,4,1,2,4040,1,,,,,,0,,0,,4,3,3,1,1616,1,3,3,2,1,1414,1,2,1,2,0,1010,0,ST-IK1,Normalstation Innere Medizin / Kardiologie,30,Innere Medizin und Kardiologie,10.0,22.0,06:00,14:00,450,,13:30,21:30,450,F,21:15,06:15,495,F|S,11,10,8,10,30,45,8,38.5,30,0.1,0,2.0.0,20261133
PK-003,2026-11-04,history,-26,Mittwoch,3,45,0,0,,Pflegefachkraft,Pflegefachkraft,EXAM,0.8,30.8,7392,7392,6653,8131,5,2,2,8,1,1,Pflegefachkraft,0,0.0,-1902,22,20,4,1,2,4040,1,,,,,,0,,0,,4,3,3,1,1616,1,3,3,2,1,1414,1,2,1,2,0,1010,0,ST-IK1,Normalstation Innere Medizin / Kardiologie,30,Innere Medizin und Kardiologie,10.0,22.0,06:00,14:00,450,,13:30,21:30,450,F,21:15,06:15,495,F|S,11,10,8,10,30,45,8,38.5,30,0.1,0,2.0.0,20261133
PK-004,2026-11-04,history,-26,Mittwoch,3,45,0,0,,Pflegefachkraft,Pflegefachkraft,EXAM,1.0,38.5,9240,9240,8316,10164,5,2,2,8,1,1,Pflegefachkraft,0,0.0,-2625,22,20,4,1,2,4040,1,,,,,F,0,,0,,4,3,3,1,1616,1,3,3,2,1,1414,1,2,1,2,0,1010,0,ST-IK1,Normalstation Innere Medizin / Kardiologie,30,Innere Medizin und Kardiologie,10.0,22.0,06:00,14:00,450,,13:30,21:30,450,F,21:15,06:15,495,F|S,11,10,8,10,30,45,8,38.5,30,0.1,0,2.0.0,20261133
PK-005,2026-11-04,history,-26,Mittwoch,3,45,0,0,,Pflegefachkraft,Pflegefachkraft,EXAM,1.0,38.5,9240,9240,8316,10164,5,2,2,8,1,1,Pflegefachkraft,0,0.0,-2625,22,20,4,1,2,4040,1,,,,,F,0,,0,,4,3,3,1,1616,1,3,3,2,1,1414,1,2,1,2,0,1010,0,ST-IK1,Normalstation Innere Medizin / Kardiologie,30,Innere Medizin und Kardiologie,10.0,22.0,06:00,14:00,450,,13:30,21:30,450,F,21:15,06:15,495,F|S,11,10,8,10,30,45,8,38.5,30,0.1,0,2.0.0,20261133
PK-006,2026-11-04,history,-26,Mittwoch,3,45,0,0,,Pflegefachkraft,Pflegefachkraft,EXAM|PRAXISANLEITUNG|KARDIO_MONITORING,1.0,38.5,9240,9240,8316,10164,5,2,2,8,1,1,Pflegefachkraft,0,0.0,1104,22,20,4,1,2,4040,0,URLAUB,,,,,0,,0,,4,3,3,1,1616,1,3,3,2,1,1414,1,2,1,2,0,1010,0,ST-IK1,Normalstation Innere Medizin / Kardiologie,30,Innere Medizin und Kardiologie,10.0,22.0,06:00,14:00,450,,13:30,21:30,450,F,21:15,06:15,495,F|S,11,10,8,10,30,45,8,38.5,30,0.1,0,2.0.0,20261133
PK-007,2026-11-04,history,-26,Mittwoch,3,45,0,0,,Pflegefachkraft,Pflegefachkraft,EXAM,0.75,28.88,6931,6931,6238,7624,5,2,2,8,1,1,Pflegefachkraft,0,0.0,-1800,22,20,4,1,2,4040,1,,,,,,0,,0,,4,3,3,1,1616,1,3,3,2,1,1414,1,2,1,2,0,1010,0,ST-IK1,Normalstation Innere Medizin / Kardiologie,30,Innere Medizin und Kardiologie,10.0,22.0,06:00,14:00,450,,13:30,21:30,450,F,21:15,06:15,495,F|S,11,10,8,10,30,45,8,38.5,30,0.1,0,2.0.0,20261133
PK-008,2026-11-04,history,-26,Mittwoch,3,45,0,0,,Pflegefachkraft,Pflegefachkraft,EXAM|PRAXISANLEITUNG,0.6,23.1,5544,5544,4990,6098,5,2,2,8,1,1,Pflegefachkraft,0,0.0,-1449,22,20,4,1,2,4040,1,,,,,,0,,0,,4,3,3,1,1616,1,3,3,2,1,1414,1,2,1,2,0,1010,0,ST-IK1,Normalstation Innere Medizin / Kardiologie,30,Innere Medizin und Kardiologie,10.0,22.0,06:00,14:00,450,,13:30,21:30,450,F,21:15,06:15,495,F|S,11,10,8,10,30,45,8,38.5,30,0.1,0,2.0.0,20261133
PK-009,2026-11-04,history,-26,Mittwoch,3,45,0,0,,Pflegefachkraft,Pflegefachkraft,EXAM|KARDIO_MONITORING,0.6,23.1,5544,5544,4990,6098,5,2,2,8,1,1,Pflegefachkraft,0,0.0,-1494,22,20,4,1,2,4040,1,,,,,,0,,0,,4,3,3,1,1616,1,3,3,2,1,1414,1,2,1,2,0,1010,0,ST-IK1,Normalstation Innere Medizin / Kardiologie,30,Innere Medizin und Kardiologie,10.0,22.0,06:00,14:00,450,,13:30,21:30,450,F,21:15,06:15,495,F|S,11,10,8,10,30,45,8,38.5,30,0.1,0,2.0.0,20261133
PK-010,2026-11-04,history,-26,Mittwoch,3,45,0,0,,Pflegefachkraft,Pflegefachkraft,EXAM|KARDIO_MONITORING,0.9,34.65,8316,8316,7484,9148,5,2,2,8,1,1,Pflegefachkraft,0,0.0,-1971,22,20,4,1,2,4040,1,,,,,F,0,,0,,4,3,3,1,1616,1,3,3,2,1,1414,1,2,1,2,0,1010,0,ST-IK1,Normalstation Innere Medizin / Kardiologie,30,Innere Medizin und Kardiologie,10.0,22.0,06:00,14:00,450,,13:30,21:30,450,F,21:15,06:15,495,F|S,11,10,8,10,30,45,8,38.5,30,0.1,0,2.0.0,20261133
PK-011,2026-11-04,history,-26,Mittwoch,3,45,0,0,,Pflegefachkraft,Pflegefachkraft,EXAM|PRAXISANLEITUNG,0.5,19.25,4620,4620,4158,5082,5,2,2,8,1,1,Pflegefachkraft,0,0.0,-885,22,20,4,1,2,4040,1,,,,,,0,,0,,4,3,3,1,1616,1,3,3,2,1,1414,1,2,1,2,0,1010,0,ST-IK1,Normalstation Innere Medizin / Kardiologie,30,Innere Medizin und Kardiologie,10.0,22.0,06:00,14:00,450,,13:30,21:30,450,F,21:15,06:15,495,F|S,11,10,8,10,30,45,8,38.5,30,0.1,0,2.0.0,20261133
PK-012,2026-11-04,history,-26,Mittwoch,3,45,0,0,,Pflegefachkraft,Pflegefachkraft,EXAM|KARDIO_MONITORING,0.75,28.88,6931,6931,6238,7624,5,2,2,8,1,1,Pflegefachkraft,0,0.0,-1845,22,20,4,1,2,4040,1,,,,,,0,,0,,4,3,3,1,1616,1,3,3,2,1,1414,1,2,1,2,0,1010,0,ST-IK1,Normalstation Innere Medizin / Kardiologie,30,Innere Medizin und Kardiologie,10.0,22.0,06:00,14:00,450,,13:30,21:30,450,F,21:15,06:15,495,F|S,11,10,8,10,30,45,8,38.5,30,0.1,0,2.0.0,20261133
PK-013,2026-11-04,history,-26,Mittwoch,3,45,0,0,,Pflegefachkraft,Pflegefachkraft,EXAM,1.0,38.5,9240,9240,8316,10164,5,2,2,8,1,1,Pflegefachkraft,0,0.0,-2445,22,20,4,1,2,4040,1,,,,,S,0,,0,,4,3,3,1,1616,1,3,3,2,1,1414,1,2,1,2,0,1010,0,ST-IK1,Normalstation Innere Medizin / Kardiologie,30,Innere Medizin und Kardiologie,10.0,22.0,06:00,14:00,450,,13:30,21:30,450,F,21:15,06:15,495,F|S,11,10,8,10,30,45,8,38.5,30,0.1,0,2.0.0,20261133
PK-014,2026-11-04,history,-26,Mittwoch,3,45,0,0,,Pflegefachkraft,Pflegefachkraft,EXAM|PRAXISANLEITUNG,0.75,28.88,6931,6931,6238,7624,5,2,2,8,1,1,Pflegefachkraft,0,0.0,-1440,22,20,4,1,2,4040,1,,,,,,0,,0,,4,3,3,1,1616,1,3,3,2,1,1414,1,2,1,2,0,1010,0,ST-IK1,Normalstation Innere Medizin / Kardiologie,30,Innere Medizin und Kardiologie,10.0,22.0,06:00,14:00,450,,13:30,21:30,450,F,21:15,06:15,495,F|S,11,10,8,10,30,45,8,38.5,30,0.1,0,2.0.0,20261133
PK-015,2026-11-04,history,-26,Mittwoch,3,45,0,0,,Pflegefachkraft,Pflegefachkraft,EXAM|KARDIO_MONITORING,0.8,30.8,7392,7392,6653,8131,5,2,2,8,1,1,Pflegefachkraft,0,0.0,-1992,22,20,4,1,2,4040,1,,,,,S,0,,0,,4,3,3,1,1616,1,3,3,2,1,1414,1,2,1,2,0,1010,0,ST-IK1,Normalstation Innere Medizin / Kardiologie,30,Innere Medizin und Kardiologie,10.0,22.0,06:00,14:00,450,,13:30,21:30,450,F,21:15,06:15,495,F|S,11,10,8,10,30,45,8,38.5,30,0.1,0,2.0.0,20261133
PK-016,2026-11-04,history,-26,Mittwoch,3,45,0,0,,Pflegefachkraft,Pflegefachkraft,EXAM|KARDIO_MONITORING,0.7,26.95,6468,6468,5821,7115,5,2,2,8,1,1,Pflegefachkraft,0,0.0,566,22,20,4,1,2,4040,0,URLAUB,,,,,0,,0,,4,3,3,1,1616,1,3,3,2,1,1414,1,2,1,2,0,1010,0,ST-IK1,Normalstation Innere Medizin / Kardiologie,30,Innere Medizin und Kardiologie,10.0,22.0,06:00,14:00,450,,13:30,21:30,450,F,21:15,06:15,495,F|S,11,10,8,10,30,45,8,38.5,30,0.1,0,2.0.0,20261133
PK-017,2026-11-04,history,-26,Mittwoch,3,45,0,0,,Pflegefachkraft,Pflegefachkraft,EXAM|PRAXISANLEITUNG|KARDIO_MONITORING,1.0,38.5,9240,9240,8316,10164,5,2,2,8,1,1,Pflegefachkraft,0,0.0,-2265,22,20,4,1,2,4040,1,,,,,N,0,,0,,4,3,3,1,1616,1,3,3,2,1,1414,1,2,1,2,0,1010,0,ST-IK1,Normalstation Innere Medizin / Kardiologie,30,Innere Medizin und Kardiologie,10.0,22.0,06:00,14:00,450,,13:30,21:30,450,F,21:15,06:15,495,F|S,11,10,8,10,30,45,8,38.5,30,0.1,0,2.0.0,20261133
PK-018,2026-11-04,history,-26,Mittwoch,3,45,0,0,,Pflegefachkraft,Pflegefachkraft,EXAM,0.5,19.25,4620,4620,4158,5082,5,2,2,8,1,1,Pflegefachkraft,0,0.0,-885,22,20,4,1,2,4040,1,,,,,N,0,,0,,4,3,3,1,1616,1,3,3,2,1,1414,1,2,1,2,0,1010,0,ST-IK1,Normalstation Innere Medizin / Kardiologie,30,Innere Medizin und Kardiologie,10.0,22.0,06:00,14:00,450,,13:30,21:30,450,F,21:15,06:15,495,F|S,11,10,8,10,30,45,8,38.5,30,0.1,0,2.0.0,20261133
AZ-001,2026-11-05,history,-25,Donnerstag,4,45,0,0,,Auszubildende_r_3_Ausbildungsjahr,Auszubildende,AUSZUBILDEND,1.0,38.5,9240,9240,8316,10164,5,2,2,8,1,0,nicht anrechenbar,0,0.0,-9240,24,23,3,6,1,4453,1,,,,,,0,,0,,4,3,3,1,1781,1,3,3,2,1,1559,1,2,2,2,0,1113,0,ST-IK1,Normalstation Innere Medizin / Kardiologie,30,Innere Medizin und Kardiologie,10.0,22.0,06:00,14:00,450,,13:30,21:30,450,F,21:15,06:15,495,F|S,11,10,8,10,30,45,8,38.5,30,0.1,0,2.0.0,20261133
AZ-002,2026-11-05,history,-25,Donnerstag,4,45,0,0,,Auszubildende_r_2_Ausbildungsjahr,Auszubildende,AUSZUBILDEND,1.0,38.5,9240,9240,8316,10164,5,2,2,8,1,0,nicht anrechenbar,0,0.0,-9240,24,23,3,6,1,4453,1,,,,,,0,,0,,4,3,3,1,1781,1,3,3,2,1,1559,1,2,2,2,0,1113,0,ST-IK1,Normalstation Innere Medizin / Kardiologie,30,Innere Medizin und Kardiologie,10.0,22.0,06:00,14:00,450,,13:30,21:30,450,F,21:15,06:15,495,F|S,11,10,8,10,30,45,8,38.5,30,0.1,0,2.0.0,20261133
AZ-003,2026-11-05,history,-25,Donnerstag,4,45,0,0,,Auszubildende_r_1_Ausbildungsjahr,Auszubildende,AUSZUBILDEND,1.0,38.5,9240,9240,8316,10164,5,2,2,0,0,0,nicht anrechenbar,0,0.0,-6006,24,23,3,6,1,4453,1,,,,,,0,,0,,4,3,3,1,1781,1,3,3,2,1,1559,1,2,2,2,0,1113,0,ST-IK1,Normalstation Innere Medizin / Kardiologie,30,Innere Medizin und Kardiologie,10.0,22.0,06:00,14:00,450,,13:30,21:30,450,F,21:15,06:15,495,F|S,11,10,8,10,30,45,8,38.5,30,0.1,0,2.0.0,20261133
PH-001,2026-11-05,history,-25,Donnerstag,4,45,0,0,,Pflegehilfskraft,Pflegehilfskraft,PFLEGEHILFE,0.75,28.88,6931,6931,6238,7624,5,2,2,0,0,1,Pflegehilfskraft,0,0.0,-1530,24,23,3,6,1,4453,1,,,,,,0,,0,,4,3,3,1,1781,1,3,3,2,1,1559,1,2,2,2,0,1113,0,ST-IK1,Normalstation Innere Medizin / Kardiologie,30,Innere Medizin und Kardiologie,10.0,22.0,06:00,14:00,450,,13:30,21:30,450,F,21:15,06:15,495,F|S,11,10,8,10,30,45,8,38.5,30,0.1,0,2.0.0,20261133
PH-002,2026-11-05,history,-25,Donnerstag,4,45,0,0,,Pflegehilfskraft,Pflegehilfskraft,PFLEGEHILFE,0.5,19.25,4620,4620,4158,5082,5,2,2,0,0,1,Pflegehilfskraft,0,0.0,-1020,24,23,3,6,1,4453,1,,,,,S,0,,0,,4,3,3,1,1781,1,3,3,2,1,1559,1,2,2,2,0,1113,0,ST-IK1,Normalstation Innere Medizin / Kardiologie,30,Innere Medizin und Kardiologie,10.0,22.0,06:00,14:00,450,,13:30,21:30,450,F,21:15,06:15,495,F|S,11,10,8,10,30,45,8,38.5,30,0.1,0,2.0.0,20261133
PK-001,2026-11-05,history,-25,Donnerstag,4,45,0,0,,Stationsleitung,Pflegefachkraft,EXAM|LEITUNG|PRAXISANLEITUNG,1.0,38.5,9240,4620,4158,5082,5,2,2,0,0,1,Pflegefachkraft,1,0.5,2130,24,23,3,6,1,4453,1,,,,,,0,,0,,4,3,3,1,1781,1,3,3,2,1,1559,1,2,2,2,0,1113,0,ST-IK1,Normalstation Innere Medizin / Kardiologie,30,Innere Medizin und Kardiologie,10.0,22.0,06:00,14:00,450,,13:30,21:30,450,F,21:15,06:15,495,F|S,11,10,8,10,30,45,8,38.5,30,0.1,0,2.0.0,20261133
PK-002,2026-11-05,history,-25,Donnerstag,4,45,0,0,,Pflegefachkraft,Pflegefachkraft,EXAM|PRAXISANLEITUNG,0.8,30.8,7392,7392,6653,8131,5,2,2,8,1,1,Pflegefachkraft,0,0.0,-1857,24,23,3,6,1,4453,1,,,,,F,0,,0,,4,3,3,1,1781,1,3,3,2,1,1559,1,2,2,2,0,1113,0,ST-IK1,Normalstation Innere Medizin / Kardiologie,30,Innere Medizin und Kardiologie,10.0,22.0,06:00,14:00,450,,13:30,21:30,450,F,21:15,06:15,495,F|S,11,10,8,10,30,45,8,38.5,30,0.1,0,2.0.0,20261133
PK-003,2026-11-05,history,-25,Donnerstag,4,45,0,0,,Pflegefachkraft,Pflegefachkraft,EXAM,0.8,30.8,7392,7392,6653,8131,5,2,2,8,1,1,Pflegefachkraft,0,0.0,-1902,24,23,3,6,1,4453,1,,,,,F,0,,0,,4,3,3,1,1781,1,3,3,2,1,1559,1,2,2,2,0,1113,0,ST-IK1,Normalstation Innere Medizin / Kardiologie,30,Innere Medizin und Kardiologie,10.0,22.0,06:00,14:00,450,,13:30,21:30,450,F,21:15,06:15,495,F|S,11,10,8,10,30,45,8,38.5,30,0.1,0,2.0.0,20261133
PK-004,2026-11-05,history,-25,Donnerstag,4,45,0,0,,Pflegefachkraft,Pflegefachkraft,EXAM,1.0,38.5,9240,9240,8316,10164,5,2,2,8,1,1,Pflegefachkraft,0,0.0,-2625,24,23,3,6,1,4453,1,,,,,,0,,0,,4,3,3,1,1781,1,3,3,2,1,1559,1,2,2,2,0,1113,0,ST-IK1,Normalstation Innere Medizin / Kardiologie,30,Innere Medizin und Kardiologie,10.0,22.0,06:00,14:00,450,,13:30,21:30,450,F,21:15,06:15,495,F|S,11,10,8,10,30,45,8,38.5,30,0.1,0,2.0.0,20261133
PK-005,2026-11-05,history,-25,Donnerstag,4,45,0,0,,Pflegefachkraft,Pflegefachkraft,EXAM,1.0,38.5,9240,9240,8316,10164,5,2,2,8,1,1,Pflegefachkraft,0,0.0,-2625,24,23,3,6,1,4453,1,,,,,,0,,0,,4,3,3,1,1781,1,3,3,2,1,1559,1,2,2,2,0,1113,0,ST-IK1,Normalstation Innere Medizin / Kardiologie,30,Innere Medizin und Kardiologie,10.0,22.0,06:00,14:00,450,,13:30,21:30,450,F,21:15,06:15,495,F|S,11,10,8,10,30,45,8,38.5,30,0.1,0,2.0.0,20261133
PK-006,2026-11-05,history,-25,Donnerstag,4,45,0,0,,Pflegefachkraft,Pflegefachkraft,EXAM|PRAXISANLEITUNG|KARDIO_MONITORING,1.0,38.5,9240,9240,8316,10164,5,2,2,8,1,1,Pflegefachkraft,0,0.0,1104,24,23,3,6,1,4453,0,URLAUB,,,,,0,,0,,4,3,3,1,1781,1,3,3,2,1,1559,1,2,2,2,0,1113,0,ST-IK1,Normalstation Innere Medizin / Kardiologie,30,Innere Medizin und Kardiologie,10.0,22.0,06:00,14:00,450,,13:30,21:30,450,F,21:15,06:15,495,F|S,11,10,8,10,30,45,8,38.5,30,0.1,0,2.0.0,20261133
PK-007,2026-11-05,history,-25,Donnerstag,4,45,0,0,,Pflegefachkraft,Pflegefachkraft,EXAM,0.75,28.88,6931,6931,6238,7624,5,2,2,8,1,1,Pflegefachkraft,0,0.0,-1800,24,23,3,6,1,4453,1,,,,,F,0,,0,,4,3,3,1,1781,1,3,3,2,1,1559,1,2,2,2,0,1113,0,ST-IK1,Normalstation Innere Medizin / Kardiologie,30,Innere Medizin und Kardiologie,10.0,22.0,06:00,14:00,450,,13:30,21:30,450,F,21:15,06:15,495,F|S,11,10,8,10,30,45,8,38.5,30,0.1,0,2.0.0,20261133
PK-008,2026-11-05,history,-25,Donnerstag,4,45,0,0,,Pflegefachkraft,Pflegefachkraft,EXAM|PRAXISANLEITUNG,0.6,23.1,5544,5544,4990,6098,5,2,2,8,1,1,Pflegefachkraft,0,0.0,-1449,24,23,3,6,1,4453,1,,,,,S,0,,0,,4,3,3,1,1781,1,3,3,2,1,1559,1,2,2,2,0,1113,0,ST-IK1,Normalstation Innere Medizin / Kardiologie,30,Innere Medizin und Kardiologie,10.0,22.0,06:00,14:00,450,,13:30,21:30,450,F,21:15,06:15,495,F|S,11,10,8,10,30,45,8,38.5,30,0.1,0,2.0.0,20261133
PK-009,2026-11-05,history,-25,Donnerstag,4,45,0,0,,Pflegefachkraft,Pflegefachkraft,EXAM|KARDIO_MONITORING,0.6,23.1,5544,5544,4990,6098,5,2,2,8,1,1,Pflegefachkraft,0,0.0,-1494,24,23,3,6,1,4453,1,,,,,S,0,,0,,4,3,3,1,1781,1,3,3,2,1,1559,1,2,2,2,0,1113,0,ST-IK1,Normalstation Innere Medizin / Kardiologie,30,Innere Medizin und Kardiologie,10.0,22.0,06:00,14:00,450,,13:30,21:30,450,F,21:15,06:15,495,F|S,11,10,8,10,30,45,8,38.5,30,0.1,0,2.0.0,20261133
PK-010,2026-11-05,history,-25,Donnerstag,4,45,0,0,,Pflegefachkraft,Pflegefachkraft,EXAM|KARDIO_MONITORING,0.9,34.65,8316,8316,7484,9148,5,2,2,8,1,1,Pflegefachkraft,0,0.0,-1971,24,23,3,6,1,4453,1,,,,,,0,,0,,4,3,3,1,1781,1,3,3,2,1,1559,1,2,2,2,0,1113,0,ST-IK1,Normalstation Innere Medizin / Kardiologie,30,Innere Medizin und Kardiologie,10.0,22.0,06:00,14:00,450,,13:30,21:30,450,F,21:15,06:15,495,F|S,11,10,8,10,30,45,8,38.5,30,0.1,0,2.0.0,20261133
PK-011,2026-11-05,history,-25,Donnerstag,4,45,0,0,,Pflegefachkraft,Pflegefachkraft,EXAM|PRAXISANLEITUNG,0.5,19.25,4620,4620,4158,5082,5,2,2,8,1,1,Pflegefachkraft,0,0.0,-885,24,23,3,6,1,4453,1,,,,,,0,,0,,4,3,3,1,1781,1,3,3,2,1,1559,1,2,2,2,0,1113,0,ST-IK1,Normalstation Innere Medizin / Kardiologie,30,Innere Medizin und Kardiologie,10.0,22.0,06:00,14:00,450,,13:30,21:30,450,F,21:15,06:15,495,F|S,11,10,8,10,30,45,8,38.5,30,0.1,0,2.0.0,20261133
PK-012,2026-11-05,history,-25,Donnerstag,4,45,0,0,,Pflegefachkraft,Pflegefachkraft,EXAM|KARDIO_MONITORING,0.75,28.88,6931,6931,6238,7624,5,2,2,8,1,1,Pflegefachkraft,0,0.0,-1845,24,23,3,6,1,4453,1,,,,,N,0,,0,,4,3,3,1,1781,1,3,3,2,1,1559,1,2,2,2,0,1113,0,ST-IK1,Normalstation Innere Medizin / Kardiologie,30,Innere Medizin und Kardiologie,10.0,22.0,06:00,14:00,450,,13:30,21:30,450,F,21:15,06:15,495,F|S,11,10,8,10,30,45,8,38.5,30,0.1,0,2.0.0,20261133
PK-013,2026-11-05,history,-25,Donnerstag,4,45,0,0,,Pflegefachkraft,Pflegefachkraft,EXAM,1.0,38.5,9240,9240,8316,10164,5,2,2,8,1,1,Pflegefachkraft,0,0.0,-2445,24,23,3,6,1,4453,1,,,,,,0,,0,,4,3,3,1,1781,1,3,3,2,1,1559,1,2,2,2,0,1113,0,ST-IK1,Normalstation Innere Medizin / Kardiologie,30,Innere Medizin und Kardiologie,10.0,22.0,06:00,14:00,450,,13:30,21:30,450,F,21:15,06:15,495,F|S,11,10,8,10,30,45,8,38.5,30,0.1,0,2.0.0,20261133
PK-014,2026-11-05,history,-25,Donnerstag,4,45,0,0,,Pflegefachkraft,Pflegefachkraft,EXAM|PRAXISANLEITUNG,0.75,28.88,6931,6931,6238,7624,5,2,2,8,1,1,Pflegefachkraft,0,0.0,-1440,24,23,3,6,1,4453,1,,,,,F,0,,0,,4,3,3,1,1781,1,3,3,2,1,1559,1,2,2,2,0,1113,0,ST-IK1,Normalstation Innere Medizin / Kardiologie,30,Innere Medizin und Kardiologie,10.0,22.0,06:00,14:00,450,,13:30,21:30,450,F,21:15,06:15,495,F|S,11,10,8,10,30,45,8,38.5,30,0.1,0,2.0.0,20261133
PK-015,2026-11-05,history,-25,Donnerstag,4,45,0,0,,Pflegefachkraft,Pflegefachkraft,EXAM|KARDIO_MONITORING,0.8,30.8,7392,7392,6653,8131,5,2,2,8,1,1,Pflegefachkraft,0,0.0,-1992,24,23,3,6,1,4453,1,,,,,,0,,0,,4,3,3,1,1781,1,3,3,2,1,1559,1,2,2,2,0,1113,0,ST-IK1,Normalstation Innere Medizin / Kardiologie,30,Innere Medizin und Kardiologie,10.0,22.0,06:00,14:00,450,,13:30,21:30,450,F,21:15,06:15,495,F|S,11,10,8,10,30,45,8,38.5,30,0.1,0,2.0.0,20261133
PK-016,2026-11-05,history,-25,Donnerstag,4,45,0,0,,Pflegefachkraft,Pflegefachkraft,EXAM|KARDIO_MONITORING,0.7,26.95,6468,6468,5821,7115,5,2,2,8,1,1,Pflegefachkraft,0,0.0,566,24,23,3,6,1,4453,0,URLAUB,,,,,0,,0,,4,3,3,1,1781,1,3,3,2,1,1559,1,2,2,2,0,1113,0,ST-IK1,Normalstation Innere Medizin / Kardiologie,30,Innere Medizin und Kardiologie,10.0,22.0,06:00,14:00,450,,13:30,21:30,450,F,21:15,06:15,495,F|S,11,10,8,10,30,45,8,38.5,30,0.1,0,2.0.0,20261133
PK-017,2026-11-05,history,-25,Donnerstag,4,45,0,0,,Pflegefachkraft,Pflegefachkraft,EXAM|PRAXISANLEITUNG|KARDIO_MONITORING,1.0,38.5,9240,9240,8316,10164,5,2,2,8,1,1,Pflegefachkraft,0,0.0,-2265,24,23,3,6,1,4453,1,,,,,N,0,,0,,4,3,3,1,1781,1,3,3,2,1,1559,1,2,2,2,0,1113,0,ST-IK1,Normalstation Innere Medizin / Kardiologie,30,Innere Medizin und Kardiologie,10.0,22.0,06:00,14:00,450,,13:30,21:30,450,F,21:15,06:15,495,F|S,11,10,8,10,30,45,8,38.5,30,0.1,0,2.0.0,20261133
PK-018,2026-11-05,history,-25,Donnerstag,4,45,0,0,,Pflegefachkraft,Pflegefachkraft,EXAM,0.5,19.25,4620,4620,4158,5082,5,2,2,8,1,1,Pflegefachkraft,0,0.0,-885,24,23,3,6,1,4453,1,,,,,,0,,0,,4,3,3,1,1781,1,3,3,2,1,1559,1,2,2,2,0,1113,0,ST-IK1,Normalstation Innere Medizin / Kardiologie,30,Innere Medizin und Kardiologie,10.0,22.0,06:00,14:00,450,,13:30,21:30,450,F,21:15,06:15,495,F|S,11,10,8,10,30,45,8,38.5,30,0.1,0,2.0.0,20261133
AZ-001,2026-11-06,history,-24,Freitag,5,45,0,0,,Auszubildende_r_3_Ausbildungsjahr,Auszubildende,AUSZUBILDEND,1.0,38.5,9240,9240,8316,10164,5,2,2,8,1,0,nicht anrechenbar,0,0.0,-9240,20,20,1,0,1,3384,1,,,,,,0,,0,,3,2,2,1,1354,1,3,2,2,1,1184,1,2,1,2,0,846,0,ST-IK1,Normalstation Innere Medizin / Kardiologie,30,Innere Medizin und Kardiologie,10.0,22.0,06:00,14:00,450,,13:30,21:30,450,F,21:15,06:15,495,F|S,11,10,8,10,30,45,8,38.5,30,0.1,0,2.0.0,20261133
AZ-002,2026-11-06,history,-24,Freitag,5,45,0,0,,Auszubildende_r_2_Ausbildungsjahr,Auszubildende,AUSZUBILDEND,1.0,38.5,9240,9240,8316,10164,5,2,2,8,1,0,nicht anrechenbar,0,0.0,-9240,20,20,1,0,1,3384,1,,,,,,0,,0,,3,2,2,1,1354,1,3,2,2,1,1184,1,2,1,2,0,846,0,ST-IK1,Normalstation Innere Medizin / Kardiologie,30,Innere Medizin und Kardiologie,10.0,22.0,06:00,14:00,450,,13:30,21:30,450,F,21:15,06:15,495,F|S,11,10,8,10,30,45,8,38.5,30,0.1,0,2.0.0,20261133
AZ-003,2026-11-06,history,-24,Freitag,5,45,0,0,,Auszubildende_r_1_Ausbildungsjahr,Auszubildende,AUSZUBILDEND,1.0,38.5,9240,9240,8316,10164,5,2,2,0,0,0,nicht anrechenbar,0,0.0,-6006,20,20,1,0,1,3384,1,,,,,,0,,0,,3,2,2,1,1354,1,3,2,2,1,1184,1,2,1,2,0,846,0,ST-IK1,Normalstation Innere Medizin / Kardiologie,30,Innere Medizin und Kardiologie,10.0,22.0,06:00,14:00,450,,13:30,21:30,450,F,21:15,06:15,495,F|S,11,10,8,10,30,45,8,38.5,30,0.1,0,2.0.0,20261133
PH-001,2026-11-06,history,-24,Freitag,5,45,0,0,,Pflegehilfskraft,Pflegehilfskraft,PFLEGEHILFE,0.75,28.88,6931,6931,6238,7624,5,2,2,0,0,1,Pflegehilfskraft,0,0.0,-1530,20,20,1,0,1,3384,1,,,,,,0,,0,,3,2,2,1,1354,1,3,2,2,1,1184,1,2,1,2,0,846,0,ST-IK1,Normalstation Innere Medizin / Kardiologie,30,Innere Medizin und Kardiologie,10.0,22.0,06:00,14:00,450,,13:30,21:30,450,F,21:15,06:15,495,F|S,11,10,8,10,30,45,8,38.5,30,0.1,0,2.0.0,20261133
PH-002,2026-11-06,history,-24,Freitag,5,45,0,0,,Pflegehilfskraft,Pflegehilfskraft,PFLEGEHILFE,0.5,19.25,4620,4620,4158,5082,5,2,2,0,0,1,Pflegehilfskraft,0,0.0,-1020,20,20,1,0,1,3384,1,,,,,,0,,0,,3,2,2,1,1354,1,3,2,2,1,1184,1,2,1,2,0,846,0,ST-IK1,Normalstation Innere Medizin / Kardiologie,30,Innere Medizin und Kardiologie,10.0,22.0,06:00,14:00,450,,13:30,21:30,450,F,21:15,06:15,495,F|S,11,10,8,10,30,45,8,38.5,30,0.1,0,2.0.0,20261133
PK-001,2026-11-06,history,-24,Freitag,5,45,0,0,,Stationsleitung,Pflegefachkraft,EXAM|LEITUNG|PRAXISANLEITUNG,1.0,38.5,9240,4620,4158,5082,5,2,2,0,0,1,Pflegefachkraft,1,0.5,2130,20,20,1,0,1,3384,1,,,,,F,0,,0,,3,2,2,1,1354,1,3,2,2,1,1184,1,2,1,2,0,846,0,ST-IK1,Normalstation Innere Medizin / Kardiologie,30,Innere Medizin und Kardiologie,10.0,22.0,06:00,14:00,450,,13:30,21:30,450,F,21:15,06:15,495,F|S,11,10,8,10,30,45,8,38.5,30,0.1,0,2.0.0,20261133
PK-002,2026-11-06,history,-24,Freitag,5,45,0,0,,Pflegefachkraft,Pflegefachkraft,EXAM|PRAXISANLEITUNG,0.8,30.8,7392,7392,6653,8131,5,2,2,8,1,1,Pflegefachkraft,0,0.0,-1857,20,20,1,0,1,3384,1,,,,,,0,,0,,3,2,2,1,1354,1,3,2,2,1,1184,1,2,1,2,0,846,0,ST-IK1,Normalstation Innere Medizin / Kardiologie,30,Innere Medizin und Kardiologie,10.0,22.0,06:00,14:00,450,,13:30,21:30,450,F,21:15,06:15,495,F|S,11,10,8,10,30,45,8,38.5,30,0.1,0,2.0.0,20261133
PK-003,2026-11-06,history,-24,Freitag,5,45,0,0,,Pflegefachkraft,Pflegefachkraft,EXAM,0.8,30.8,7392,7392,6653,8131,5,2,2,8,1,1,Pflegefachkraft,0,0.0,-1902,20,20,1,0,1,3384,1,,,,,,0,,0,,3,2,2,1,1354,1,3,2,2,1,1184,1,2,1,2,0,846,0,ST-IK1,Normalstation Innere Medizin / Kardiologie,30,Innere Medizin und Kardiologie,10.0,22.0,06:00,14:00,450,,13:30,21:30,450,F,21:15,06:15,495,F|S,11,10,8,10,30,45,8,38.5,30,0.1,0,2.0.0,20261133
PK-004,2026-11-06,history,-24,Freitag,5,45,0,0,,Pflegefachkraft,Pflegefachkraft,EXAM,1.0,38.5,9240,9240,8316,10164,5,2,2,8,1,1,Pflegefachkraft,0,0.0,-2625,20,20,1,0,1,3384,1,,,,,N,0,,0,,3,2,2,1,1354,1,3,2,2,1,1184,1,2,1,2,0,846,0,ST-IK1,Normalstation Innere Medizin / Kardiologie,30,Innere Medizin und Kardiologie,10.0,22.0,06:00,14:00,450,,13:30,21:30,450,F,21:15,06:15,495,F|S,11,10,8,10,30,45,8,38.5,30,0.1,0,2.0.0,20261133
PK-005,2026-11-06,history,-24,Freitag,5,45,0,0,,Pflegefachkraft,Pflegefachkraft,EXAM,1.0,38.5,9240,9240,8316,10164,5,2,2,8,1,1,Pflegefachkraft,0,0.0,-2625,20,20,1,0,1,3384,1,,,,,N,0,,0,,3,2,2,1,1354,1,3,2,2,1,1184,1,2,1,2,0,846,0,ST-IK1,Normalstation Innere Medizin / Kardiologie,30,Innere Medizin und Kardiologie,10.0,22.0,06:00,14:00,450,,13:30,21:30,450,F,21:15,06:15,495,F|S,11,10,8,10,30,45,8,38.5,30,0.1,0,2.0.0,20261133
PK-006,2026-11-06,history,-24,Freitag,5,45,0,0,,Pflegefachkraft,Pflegefachkraft,EXAM|PRAXISANLEITUNG|KARDIO_MONITORING,1.0,38.5,9240,9240,8316,10164,5,2,2,8,1,1,Pflegefachkraft,0,0.0,1104,20,20,1,0,1,3384,0,URLAUB,,,,,0,,0,,3,2,2,1,1354,1,3,2,2,1,1184,1,2,1,2,0,846,0,ST-IK1,Normalstation Innere Medizin / Kardiologie,30,Innere Medizin und Kardiologie,10.0,22.0,06:00,14:00,450,,13:30,21:30,450,F,21:15,06:15,495,F|S,11,10,8,10,30,45,8,38.5,30,0.1,0,2.0.0,20261133
PK-007,2026-11-06,history,-24,Freitag,5,45,0,0,,Pflegefachkraft,Pflegefachkraft,EXAM,0.75,28.88,6931,6931,6238,7624,5,2,2,8,1,1,Pflegefachkraft,0,0.0,-1800,20,20,1,0,1,3384,1,,,,,,0,,0,,3,2,2,1,1354,1,3,2,2,1,1184,1,2,1,2,0,846,0,ST-IK1,Normalstation Innere Medizin / Kardiologie,30,Innere Medizin und Kardiologie,10.0,22.0,06:00,14:00,450,,13:30,21:30,450,F,21:15,06:15,495,F|S,11,10,8,10,30,45,8,38.5,30,0.1,0,2.0.0,20261133
PK-008,2026-11-06,history,-24,Freitag,5,45,0,0,,Pflegefachkraft,Pflegefachkraft,EXAM|PRAXISANLEITUNG,0.6,23.1,5544,5544,4990,6098,5,2,2,8,1,1,Pflegefachkraft,0,0.0,-1449,20,20,1,0,1,3384,1,,,,,,0,,0,,3,2,2,1,1354,1,3,2,2,1,1184,1,2,1,2,0,846,0,ST-IK1,Normalstation Innere Medizin / Kardiologie,30,Innere Medizin und Kardiologie,10.0,22.0,06:00,14:00,450,,13:30,21:30,450,F,21:15,06:15,495,F|S,11,10,8,10,30,45,8,38.5,30,0.1,0,2.0.0,20261133
PK-009,2026-11-06,history,-24,Freitag,5,45,0,0,,Pflegefachkraft,Pflegefachkraft,EXAM|KARDIO_MONITORING,0.6,23.1,5544,5544,4990,6098,5,2,2,8,1,1,Pflegefachkraft,0,0.0,-1494,20,20,1,0,1,3384,1,,,,,,0,,0,,3,2,2,1,1354,1,3,2,2,1,1184,1,2,1,2,0,846,0,ST-IK1,Normalstation Innere Medizin / Kardiologie,30,Innere Medizin und Kardiologie,10.0,22.0,06:00,14:00,450,,13:30,21:30,450,F,21:15,06:15,495,F|S,11,10,8,10,30,45,8,38.5,30,0.1,0,2.0.0,20261133
PK-010,2026-11-06,history,-24,Freitag,5,45,0,0,,Pflegefachkraft,Pflegefachkraft,EXAM|KARDIO_MONITORING,0.9,34.65,8316,8316,7484,9148,5,2,2,8,1,1,Pflegefachkraft,0,0.0,-1971,20,20,1,0,1,3384,1,,,,,S,0,,0,,3,2,2,1,1354,1,3,2,2,1,1184,1,2,1,2,0,846,0,ST-IK1,Normalstation Innere Medizin / Kardiologie,30,Innere Medizin und Kardiologie,10.0,22.0,06:00,14:00,450,,13:30,21:30,450,F,21:15,06:15,495,F|S,11,10,8,10,30,45,8,38.5,30,0.1,0,2.0.0,20261133
PK-011,2026-11-06,history,-24,Freitag,5,45,0,0,,Pflegefachkraft,Pflegefachkraft,EXAM|PRAXISANLEITUNG,0.5,19.25,4620,4620,4158,5082,5,2,2,8,1,1,Pflegefachkraft,0,0.0,-885,20,20,1,0,1,3384,1,,,,,F,0,,0,,3,2,2,1,1354,1,3,2,2,1,1184,1,2,1,2,0,846,0,ST-IK1,Normalstation Innere Medizin / Kardiologie,30,Innere Medizin und Kardiologie,10.0,22.0,06:00,14:00,450,,13:30,21:30,450,F,21:15,06:15,495,F|S,11,10,8,10,30,45,8,38.5,30,0.1,0,2.0.0,20261133
PK-012,2026-11-06,history,-24,Freitag,5,45,0,0,,Pflegefachkraft,Pflegefachkraft,EXAM|KARDIO_MONITORING,0.75,28.88,6931,6931,6238,7624,5,2,2,8,1,1,Pflegefachkraft,0,0.0,-1845,20,20,1,0,1,3384,1,,,,,,0,,0,,3,2,2,1,1354,1,3,2,2,1,1184,1,2,1,2,0,846,0,ST-IK1,Normalstation Innere Medizin / Kardiologie,30,Innere Medizin und Kardiologie,10.0,22.0,06:00,14:00,450,,13:30,21:30,450,F,21:15,06:15,495,F|S,11,10,8,10,30,45,8,38.5,30,0.1,0,2.0.0,20261133
PK-013,2026-11-06,history,-24,Freitag,5,45,0,0,,Pflegefachkraft,Pflegefachkraft,EXAM,1.0,38.5,9240,9240,8316,10164,5,2,2,8,1,1,Pflegefachkraft,0,0.0,-2445,20,20,1,0,1,3384,1,,,,,F,0,,0,,3,2,2,1,1354,1,3,2,2,1,1184,1,2,1,2,0,846,0,ST-IK1,Normalstation Innere Medizin / Kardiologie,30,Innere Medizin und Kardiologie,10.0,22.0,06:00,14:00,450,,13:30,21:30,450,F,21:15,06:15,495,F|S,11,10,8,10,30,45,8,38.5,30,0.1,0,2.0.0,20261133
PK-014,2026-11-06,history,-24,Freitag,5,45,0,0,,Pflegefachkraft,Pflegefachkraft,EXAM|PRAXISANLEITUNG,0.75,28.88,6931,6931,6238,7624,5,2,2,8,1,1,Pflegefachkraft,0,0.0,-1440,20,20,1,0,1,3384,1,,,,,,0,,0,,3,2,2,1,1354,1,3,2,2,1,1184,1,2,1,2,0,846,0,ST-IK1,Normalstation Innere Medizin / Kardiologie,30,Innere Medizin und Kardiologie,10.0,22.0,06:00,14:00,450,,13:30,21:30,450,F,21:15,06:15,495,F|S,11,10,8,10,30,45,8,38.5,30,0.1,0,2.0.0,20261133
PK-015,2026-11-06,history,-24,Freitag,5,45,0,0,,Pflegefachkraft,Pflegefachkraft,EXAM|KARDIO_MONITORING,0.8,30.8,7392,7392,6653,8131,5,2,2,8,1,1,Pflegefachkraft,0,0.0,-1992,20,20,1,0,1,3384,1,,,,,S,0,,0,,3,2,2,1,1354,1,3,2,2,1,1184,1,2,1,2,0,846,0,ST-IK1,Normalstation Innere Medizin / Kardiologie,30,Innere Medizin und Kardiologie,10.0,22.0,06:00,14:00,450,,13:30,21:30,450,F,21:15,06:15,495,F|S,11,10,8,10,30,45,8,38.5,30,0.1,0,2.0.0,20261133
PK-016,2026-11-06,history,-24,Freitag,5,45,0,0,,Pflegefachkraft,Pflegefachkraft,EXAM|KARDIO_MONITORING,0.7,26.95,6468,6468,5821,7115,5,2,2,8,1,1,Pflegefachkraft,0,0.0,566,20,20,1,0,1,3384,0,URLAUB,,,,,0,,0,,3,2,2,1,1354,1,3,2,2,1,1184,1,2,1,2,0,846,0,ST-IK1,Normalstation Innere Medizin / Kardiologie,30,Innere Medizin und Kardiologie,10.0,22.0,06:00,14:00,450,,13:30,21:30,450,F,21:15,06:15,495,F|S,11,10,8,10,30,45,8,38.5,30,0.1,0,2.0.0,20261133
PK-017,2026-11-06,history,-24,Freitag,5,45,0,0,,Pflegefachkraft,Pflegefachkraft,EXAM|PRAXISANLEITUNG|KARDIO_MONITORING,1.0,38.5,9240,9240,8316,10164,5,2,2,8,1,1,Pflegefachkraft,0,0.0,-2265,20,20,1,0,1,3384,1,,,,,,0,,0,,3,2,2,1,1354,1,3,2,2,1,1184,1,2,1,2,0,846,0,ST-IK1,Normalstation Innere Medizin / Kardiologie,30,Innere Medizin und Kardiologie,10.0,22.0,06:00,14:00,450,,13:30,21:30,450,F,21:15,06:15,495,F|S,11,10,8,10,30,45,8,38.5,30,0.1,0,2.0.0,20261133
PK-018,2026-11-06,history,-24,Freitag,5,45,0,0,,Pflegefachkraft,Pflegefachkraft,EXAM,0.5,19.25,4620,4620,4158,5082,5,2,2,8,1,1,Pflegefachkraft,0,0.0,-885,20,20,1,0,1,3384,1,,,,,S,0,,0,,3,2,2,1,1354,1,3,2,2,1,1184,1,2,1,2,0,846,0,ST-IK1,Normalstation Innere Medizin / Kardiologie,30,Innere Medizin und Kardiologie,10.0,22.0,06:00,14:00,450,,13:30,21:30,450,F,21:15,06:15,495,F|S,11,10,8,10,30,45,8,38.5,30,0.1,0,2.0.0,20261133
AZ-001,2026-11-07,history,-23,Samstag,6,45,1,0,,Auszubildende_r_3_Ausbildungsjahr,Auszubildende,AUSZUBILDEND,1.0,38.5,9240,9240,8316,10164,5,2,2,8,1,0,nicht anrechenbar,0,0.0,-9240,20,19,2,2,2,3385,1,,,,,,0,,0,,3,2,2,1,1354,1,3,2,2,1,1185,1,2,1,2,0,846,0,ST-IK1,Normalstation Innere Medizin / Kardiologie,30,Innere Medizin und Kardiologie,10.0,22.0,06:00,14:00,450,,13:30,21:30,450,F,21:15,06:15,495,F|S,11,10,8,10,30,45,8,38.5,30,0.1,0,2.0.0,20261133
AZ-002,2026-11-07,history,-23,Samstag,6,45,1,0,,Auszubildende_r_2_Ausbildungsjahr,Auszubildende,AUSZUBILDEND,1.0,38.5,9240,9240,8316,10164,5,2,2,8,1,0,nicht anrechenbar,0,0.0,-9240,20,19,2,2,2,3385,1,,,,,,0,,0,,3,2,2,1,1354,1,3,2,2,1,1185,1,2,1,2,0,846,0,ST-IK1,Normalstation Innere Medizin / Kardiologie,30,Innere Medizin und Kardiologie,10.0,22.0,06:00,14:00,450,,13:30,21:30,450,F,21:15,06:15,495,F|S,11,10,8,10,30,45,8,38.5,30,0.1,0,2.0.0,20261133
AZ-003,2026-11-07,history,-23,Samstag,6,45,1,0,,Auszubildende_r_1_Ausbildungsjahr,Auszubildende,AUSZUBILDEND,1.0,38.5,9240,9240,8316,10164,5,2,2,0,0,0,nicht anrechenbar,0,0.0,-6006,20,19,2,2,2,3385,1,,,,,,0,,0,,3,2,2,1,1354,1,3,2,2,1,1185,1,2,1,2,0,846,0,ST-IK1,Normalstation Innere Medizin / Kardiologie,30,Innere Medizin und Kardiologie,10.0,22.0,06:00,14:00,450,,13:30,21:30,450,F,21:15,06:15,495,F|S,11,10,8,10,30,45,8,38.5,30,0.1,0,2.0.0,20261133
PH-001,2026-11-07,history,-23,Samstag,6,45,1,0,,Pflegehilfskraft,Pflegehilfskraft,PFLEGEHILFE,0.75,28.88,6931,6931,6238,7624,5,2,2,0,0,1,Pflegehilfskraft,0,0.0,-1530,20,19,2,2,2,3385,1,,,,,F,0,,0,,3,2,2,1,1354,1,3,2,2,1,1185,1,2,1,2,0,846,0,ST-IK1,Normalstation Innere Medizin / Kardiologie,30,Innere Medizin und Kardiologie,10.0,22.0,06:00,14:00,450,,13:30,21:30,450,F,21:15,06:15,495,F|S,11,10,8,10,30,45,8,38.5,30,0.1,0,2.0.0,20261133
PH-002,2026-11-07,history,-23,Samstag,6,45,1,0,,Pflegehilfskraft,Pflegehilfskraft,PFLEGEHILFE,0.5,19.25,4620,4620,4158,5082,5,2,2,0,0,1,Pflegehilfskraft,0,0.0,-1020,20,19,2,2,2,3385,1,,,,,,0,,0,,3,2,2,1,1354,1,3,2,2,1,1185,1,2,1,2,0,846,0,ST-IK1,Normalstation Innere Medizin / Kardiologie,30,Innere Medizin und Kardiologie,10.0,22.0,06:00,14:00,450,,13:30,21:30,450,F,21:15,06:15,495,F|S,11,10,8,10,30,45,8,38.5,30,0.1,0,2.0.0,20261133
PK-001,2026-11-07,history,-23,Samstag,6,45,1,0,,Stationsleitung,Pflegefachkraft,EXAM|LEITUNG|PRAXISANLEITUNG,1.0,38.5,9240,4620,4158,5082,5,2,2,0,0,1,Pflegefachkraft,1,0.5,2130,20,19,2,2,2,3385,1,,,,,,0,,0,,3,2,2,1,1354,1,3,2,2,1,1185,1,2,1,2,0,846,0,ST-IK1,Normalstation Innere Medizin / Kardiologie,30,Innere Medizin und Kardiologie,10.0,22.0,06:00,14:00,450,,13:30,21:30,450,F,21:15,06:15,495,F|S,11,10,8,10,30,45,8,38.5,30,0.1,0,2.0.0,20261133
PK-002,2026-11-07,history,-23,Samstag,6,45,1,0,,Pflegefachkraft,Pflegefachkraft,EXAM|PRAXISANLEITUNG,0.8,30.8,7392,7392,6653,8131,5,2,2,8,1,1,Pflegefachkraft,0,0.0,-1857,20,19,2,2,2,3385,1,,,,,N,0,,0,,3,2,2,1,1354,1,3,2,2,1,1185,1,2,1,2,0,846,0,ST-IK1,Normalstation Innere Medizin / Kardiologie,30,Innere Medizin und Kardiologie,10.0,22.0,06:00,14:00,450,,13:30,21:30,450,F,21:15,06:15,495,F|S,11,10,8,10,30,45,8,38.5,30,0.1,0,2.0.0,20261133
PK-003,2026-11-07,history,-23,Samstag,6,45,1,0,,Pflegefachkraft,Pflegefachkraft,EXAM,0.8,30.8,7392,7392,6653,8131,5,2,2,8,1,1,Pflegefachkraft,0,0.0,-1902,20,19,2,2,2,3385,1,,,,,F,0,,0,,3,2,2,1,1354,1,3,2,2,1,1185,1,2,1,2,0,846,0,ST-IK1,Normalstation Innere Medizin / Kardiologie,30,Innere Medizin und Kardiologie,10.0,22.0,06:00,14:00,450,,13:30,21:30,450,F,21:15,06:15,495,F|S,11,10,8,10,30,45,8,38.5,30,0.1,0,2.0.0,20261133
PK-004,2026-11-07,history,-23,Samstag,6,45,1,0,,Pflegefachkraft,Pflegefachkraft,EXAM,1.0,38.5,9240,9240,8316,10164,5,2,2,8,1,1,Pflegefachkraft,0,0.0,-2625,20,19,2,2,2,3385,1,,,,,,0,,0,,3,2,2,1,1354,1,3,2,2,1,1185,1,2,1,2,0,846,0,ST-IK1,Normalstation Innere Medizin / Kardiologie,30,Innere Medizin und Kardiologie,10.0,22.0,06:00,14:00,450,,13:30,21:30,450,F,21:15,06:15,495,F|S,11,10,8,10,30,45,8,38.5,30,0.1,0,2.0.0,20261133
PK-005,2026-11-07,history,-23,Samstag,6,45,1,0,,Pflegefachkraft,Pflegefachkraft,EXAM,1.0,38.5,9240,9240,8316,10164,5,2,2,8,1,1,Pflegefachkraft,0,0.0,-2625,20,19,2,2,2,3385,1,,,,,,0,,0,,3,2,2,1,1354,1,3,2,2,1,1185,1,2,1,2,0,846,0,ST-IK1,Normalstation Innere Medizin / Kardiologie,30,Innere Medizin und Kardiologie,10.0,22.0,06:00,14:00,450,,13:30,21:30,450,F,21:15,06:15,495,F|S,11,10,8,10,30,45,8,38.5,30,0.1,0,2.0.0,20261133
PK-006,2026-11-07,history,-23,Samstag,6,45,1,0,,Pflegefachkraft,Pflegefachkraft,EXAM|PRAXISANLEITUNG|KARDIO_MONITORING,1.0,38.5,9240,9240,8316,10164,5,2,2,8,1,1,Pflegefachkraft,0,0.0,1104,20,19,2,2,2,3385,0,URLAUB,,,,,0,,0,,3,2,2,1,1354,1,3,2,2,1,1185,1,2,1,2,0,846,0,ST-IK1,Normalstation Innere Medizin / Kardiologie,30,Innere Medizin und Kardiologie,10.0,22.0,06:00,14:00,450,,13:30,21:30,450,F,21:15,06:15,495,F|S,11,10,8,10,30,45,8,38.5,30,0.1,0,2.0.0,20261133
PK-007,2026-11-07,history,-23,Samstag,6,45,1,0,,Pflegefachkraft,Pflegefachkraft,EXAM,0.75,28.88,6931,6931,6238,7624,5,2,2,8,1,1,Pflegefachkraft,0,0.0,-1800,20,19,2,2,2,3385,1,,,,,S,0,,0,,3,2,2,1,1354,1,3,2,2,1,1185,1,2,1,2,0,846,0,ST-IK1,Normalstation Innere Medizin / Kardiologie,30,Innere Medizin und Kardiologie,10.0,22.0,06:00,14:00,450,,13:30,21:30,450,F,21:15,06:15,495,F|S,11,10,8,10,30,45,8,38.5,30,0.1,0,2.0.0,20261133
PK-008,2026-11-07,history,-23,Samstag,6,45,1,0,,Pflegefachkraft,Pflegefachkraft,EXAM|PRAXISANLEITUNG,0.6,23.1,5544,5544,4990,6098,5,2,2,8,1,1,Pflegefachkraft,0,0.0,-1449,20,19,2,2,2,3385,1,,,,,,0,,0,,3,2,2,1,1354,1,3,2,2,1,1185,1,2,1,2,0,846,0,ST-IK1,Normalstation Innere Medizin / Kardiologie,30,Innere Medizin und Kardiologie,10.0,22.0,06:00,14:00,450,,13:30,21:30,450,F,21:15,06:15,495,F|S,11,10,8,10,30,45,8,38.5,30,0.1,0,2.0.0,20261133
PK-009,2026-11-07,history,-23,Samstag,6,45,1,0,,Pflegefachkraft,Pflegefachkraft,EXAM|KARDIO_MONITORING,0.6,23.1,5544,5544,4990,6098,5,2,2,8,1,1,Pflegefachkraft,0,0.0,-1494,20,19,2,2,2,3385,1,,,,,,0,,0,,3,2,2,1,1354,1,3,2,2,1,1185,1,2,1,2,0,846,0,ST-IK1,Normalstation Innere Medizin / Kardiologie,30,Innere Medizin und Kardiologie,10.0,22.0,06:00,14:00,450,,13:30,21:30,450,F,21:15,06:15,495,F|S,11,10,8,10,30,45,8,38.5,30,0.1,0,2.0.0,20261133
PK-010,2026-11-07,history,-23,Samstag,6,45,1,0,,Pflegefachkraft,Pflegefachkraft,EXAM|KARDIO_MONITORING,0.9,34.65,8316,8316,7484,9148,5,2,2,8,1,1,Pflegefachkraft,0,0.0,-1971,20,19,2,2,2,3385,1,,,,,,0,,0,,3,2,2,1,1354,1,3,2,2,1,1185,1,2,1,2,0,846,0,ST-IK1,Normalstation Innere Medizin / Kardiologie,30,Innere Medizin und Kardiologie,10.0,22.0,06:00,14:00,450,,13:30,21:30,450,F,21:15,06:15,495,F|S,11,10,8,10,30,45,8,38.5,30,0.1,0,2.0.0,20261133
PK-011,2026-11-07,history,-23,Samstag,6,45,1,0,,Pflegefachkraft,Pflegefachkraft,EXAM|PRAXISANLEITUNG,0.5,19.25,4620,4620,4158,5082,5,2,2,8,1,1,Pflegefachkraft,0,0.0,-885,20,19,2,2,2,3385,1,,,,,,0,,0,,3,2,2,1,1354,1,3,2,2,1,1185,1,2,1,2,0,846,0,ST-IK1,Normalstation Innere Medizin / Kardiologie,30,Innere Medizin und Kardiologie,10.0,22.0,06:00,14:00,450,,13:30,21:30,450,F,21:15,06:15,495,F|S,11,10,8,10,30,45,8,38.5,30,0.1,0,2.0.0,20261133
PK-012,2026-11-07,history,-23,Samstag,6,45,1,0,,Pflegefachkraft,Pflegefachkraft,EXAM|KARDIO_MONITORING,0.75,28.88,6931,6931,6238,7624,5,2,2,8,1,1,Pflegefachkraft,0,0.0,-1845,20,19,2,2,2,3385,1,,,,,S,0,,0,,3,2,2,1,1354,1,3,2,2,1,1185,1,2,1,2,0,846,0,ST-IK1,Normalstation Innere Medizin / Kardiologie,30,Innere Medizin und Kardiologie,10.0,22.0,06:00,14:00,450,,13:30,21:30,450,F,21:15,06:15,495,F|S,11,10,8,10,30,45,8,38.5,30,0.1,0,2.0.0,20261133
PK-013,2026-11-07,history,-23,Samstag,6,45,1,0,,Pflegefachkraft,Pflegefachkraft,EXAM,1.0,38.5,9240,9240,8316,10164,5,2,2,8,1,1,Pflegefachkraft,0,0.0,-2445,20,19,2,2,2,3385,1,,,,,S,0,,0,,3,2,2,1,1354,1,3,2,2,1,1185,1,2,1,2,0,846,0,ST-IK1,Normalstation Innere Medizin / Kardiologie,30,Innere Medizin und Kardiologie,10.0,22.0,06:00,14:00,450,,13:30,21:30,450,F,21:15,06:15,495,F|S,11,10,8,10,30,45,8,38.5,30,0.1,0,2.0.0,20261133
PK-014,2026-11-07,history,-23,Samstag,6,45,1,0,,Pflegefachkraft,Pflegefachkraft,EXAM|PRAXISANLEITUNG,0.75,28.88,6931,6931,6238,7624,5,2,2,8,1,1,Pflegefachkraft,0,0.0,-1440,20,19,2,2,2,3385,1,,,,,F,0,,0,,3,2,2,1,1354,1,3,2,2,1,1185,1,2,1,2,0,846,0,ST-IK1,Normalstation Innere Medizin / Kardiologie,30,Innere Medizin und Kardiologie,10.0,22.0,06:00,14:00,450,,13:30,21:30,450,F,21:15,06:15,495,F|S,11,10,8,10,30,45,8,38.5,30,0.1,0,2.0.0,20261133
PK-015,2026-11-07,history,-23,Samstag,6,45,1,0,,Pflegefachkraft,Pflegefachkraft,EXAM|KARDIO_MONITORING,0.8,30.8,7392,7392,6653,8131,5,2,2,8,1,1,Pflegefachkraft,0,0.0,-1992,20,19,2,2,2,3385,1,,,,,,0,,0,,3,2,2,1,1354,1,3,2,2,1,1185,1,2,1,2,0,846,0,ST-IK1,Normalstation Innere Medizin / Kardiologie,30,Innere Medizin und Kardiologie,10.0,22.0,06:00,14:00,450,,13:30,21:30,450,F,21:15,06:15,495,F|S,11,10,8,10,30,45,8,38.5,30,0.1,0,2.0.0,20261133
PK-016,2026-11-07,history,-23,Samstag,6,45,1,0,,Pflegefachkraft,Pflegefachkraft,EXAM|KARDIO_MONITORING,0.7,26.95,6468,6468,5821,7115,5,2,2,8,1,1,Pflegefachkraft,0,0.0,566,20,19,2,2,2,3385,0,URLAUB,,,,,0,,0,,3,2,2,1,1354,1,3,2,2,1,1185,1,2,1,2,0,846,0,ST-IK1,Normalstation Innere Medizin / Kardiologie,30,Innere Medizin und Kardiologie,10.0,22.0,06:00,14:00,450,,13:30,21:30,450,F,21:15,06:15,495,F|S,11,10,8,10,30,45,8,38.5,30,0.1,0,2.0.0,20261133
PK-017,2026-11-07,history,-23,Samstag,6,45,1,0,,Pflegefachkraft,Pflegefachkraft,EXAM|PRAXISANLEITUNG|KARDIO_MONITORING,1.0,38.5,9240,9240,8316,10164,5,2,2,8,1,1,Pflegefachkraft,0,0.0,-2265,20,19,2,2,2,3385,1,,,,,N,0,,0,,3,2,2,1,1354,1,3,2,2,1,1185,1,2,1,2,0,846,0,ST-IK1,Normalstation Innere Medizin / Kardiologie,30,Innere Medizin und Kardiologie,10.0,22.0,06:00,14:00,450,,13:30,21:30,450,F,21:15,06:15,495,F|S,11,10,8,10,30,45,8,38.5,30,0.1,0,2.0.0,20261133
PK-018,2026-11-07,history,-23,Samstag,6,45,1,0,,Pflegefachkraft,Pflegefachkraft,EXAM,0.5,19.25,4620,4620,4158,5082,5,2,2,8,1,1,Pflegefachkraft,0,0.0,-885,20,19,2,2,2,3385,1,,,,,,0,,0,,3,2,2,1,1354,1,3,2,2,1,1185,1,2,1,2,0,846,0,ST-IK1,Normalstation Innere Medizin / Kardiologie,30,Innere Medizin und Kardiologie,10.0,22.0,06:00,14:00,450,,13:30,21:30,450,F,21:15,06:15,495,F|S,11,10,8,10,30,45,8,38.5,30,0.1,0,2.0.0,20261133
AZ-001,2026-11-08,history,-22,Sonntag,7,45,1,0,,Auszubildende_r_3_Ausbildungsjahr,Auszubildende,AUSZUBILDEND,1.0,38.5,9240,9240,8316,10164,5,2,2,8,1,0,nicht anrechenbar,0,0.0,-9240,17,15,1,1,0,3130,1,,,,,,0,,0,,3,2,2,1,1252,1,3,2,2,1,1096,1,2,1,2,0,782,0,ST-IK1,Normalstation Innere Medizin / Kardiologie,30,Innere Medizin und Kardiologie,10.0,22.0,06:00,14:00,450,,13:30,21:30,450,F,21:15,06:15,495,F|S,11,10,8,10,30,45,8,38.5,30,0.1,0,2.0.0,20261133
AZ-002,2026-11-08,history,-22,Sonntag,7,45,1,0,,Auszubildende_r_2_Ausbildungsjahr,Auszubildende,AUSZUBILDEND,1.0,38.5,9240,9240,8316,10164,5,2,2,8,1,0,nicht anrechenbar,0,0.0,-9240,17,15,1,1,0,3130,1,,,,,,0,,0,,3,2,2,1,1252,1,3,2,2,1,1096,1,2,1,2,0,782,0,ST-IK1,Normalstation Innere Medizin / Kardiologie,30,Innere Medizin und Kardiologie,10.0,22.0,06:00,14:00,450,,13:30,21:30,450,F,21:15,06:15,495,F|S,11,10,8,10,30,45,8,38.5,30,0.1,0,2.0.0,20261133
AZ-003,2026-11-08,history,-22,Sonntag,7,45,1,0,,Auszubildende_r_1_Ausbildungsjahr,Auszubildende,AUSZUBILDEND,1.0,38.5,9240,9240,8316,10164,5,2,2,0,0,0,nicht anrechenbar,0,0.0,-6006,17,15,1,1,0,3130,1,,,,,,0,,0,,3,2,2,1,1252,1,3,2,2,1,1096,1,2,1,2,0,782,0,ST-IK1,Normalstation Innere Medizin / Kardiologie,30,Innere Medizin und Kardiologie,10.0,22.0,06:00,14:00,450,,13:30,21:30,450,F,21:15,06:15,495,F|S,11,10,8,10,30,45,8,38.5,30,0.1,0,2.0.0,20261133
PH-001,2026-11-08,history,-22,Sonntag,7,45,1,0,,Pflegehilfskraft,Pflegehilfskraft,PFLEGEHILFE,0.75,28.88,6931,6931,6238,7624,5,2,2,0,0,1,Pflegehilfskraft,0,0.0,-1530,17,15,1,1,0,3130,1,,,,,,0,,0,,3,2,2,1,1252,1,3,2,2,1,1096,1,2,1,2,0,782,0,ST-IK1,Normalstation Innere Medizin / Kardiologie,30,Innere Medizin und Kardiologie,10.0,22.0,06:00,14:00,450,,13:30,21:30,450,F,21:15,06:15,495,F|S,11,10,8,10,30,45,8,38.5,30,0.1,0,2.0.0,20261133
PH-002,2026-11-08,history,-22,Sonntag,7,45,1,0,,Pflegehilfskraft,Pflegehilfskraft,PFLEGEHILFE,0.5,19.25,4620,4620,4158,5082,5,2,2,0,0,1,Pflegehilfskraft,0,0.0,-1020,17,15,1,1,0,3130,1,,,,,,0,,0,,3,2,2,1,1252,1,3,2,2,1,1096,1,2,1,2,0,782,0,ST-IK1,Normalstation Innere Medizin / Kardiologie,30,Innere Medizin und Kardiologie,10.0,22.0,06:00,14:00,450,,13:30,21:30,450,F,21:15,06:15,495,F|S,11,10,8,10,30,45,8,38.5,30,0.1,0,2.0.0,20261133
PK-001,2026-11-08,history,-22,Sonntag,7,45,1,0,,Stationsleitung,Pflegefachkraft,EXAM|LEITUNG|PRAXISANLEITUNG,1.0,38.5,9240,4620,4158,5082,5,2,2,0,0,1,Pflegefachkraft,1,0.5,2130,17,15,1,1,0,3130,1,,,,,F,0,,0,,3,2,2,1,1252,1,3,2,2,1,1096,1,2,1,2,0,782,0,ST-IK1,Normalstation Innere Medizin / Kardiologie,30,Innere Medizin und Kardiologie,10.0,22.0,06:00,14:00,450,,13:30,21:30,450,F,21:15,06:15,495,F|S,11,10,8,10,30,45,8,38.5,30,0.1,0,2.0.0,20261133
PK-002,2026-11-08,history,-22,Sonntag,7,45,1,0,,Pflegefachkraft,Pflegefachkraft,EXAM|PRAXISANLEITUNG,0.8,30.8,7392,7392,6653,8131,5,2,2,8,1,1,Pflegefachkraft,0,0.0,-1857,17,15,1,1,0,3130,1,,,,,,0,,0,,3,2,2,1,1252,1,3,2,2,1,1096,1,2,1,2,0,782,0,ST-IK1,Normalstation Innere Medizin / Kardiologie,30,Innere Medizin und Kardiologie,10.0,22.0,06:00,14:00,450,,13:30,21:30,450,F,21:15,06:15,495,F|S,11,10,8,10,30,45,8,38.5,30,0.1,0,2.0.0,20261133
PK-003,2026-11-08,history,-22,Sonntag,7,45,1,0,,Pflegefachkraft,Pflegefachkraft,EXAM,0.8,30.8,7392,7392,6653,8131,5,2,2,8,1,1,Pflegefachkraft,0,0.0,-1902,17,15,1,1,0,3130,1,,,,,S,0,,0,,3,2,2,1,1252,1,3,2,2,1,1096,1,2,1,2,0,782,0,ST-IK1,Normalstation Innere Medizin / Kardiologie,30,Innere Medizin und Kardiologie,10.0,22.0,06:00,14:00,450,,13:30,21:30,450,F,21:15,06:15,495,F|S,11,10,8,10,30,45,8,38.5,30,0.1,0,2.0.0,20261133
PK-004,2026-11-08,history,-22,Sonntag,7,45,1,0,,Pflegefachkraft,Pflegefachkraft,EXAM,1.0,38.5,9240,9240,8316,10164,5,2,2,8,1,1,Pflegefachkraft,0,0.0,-2625,17,15,1,1,0,3130,1,,,,,N,0,,0,,3,2,2,1,1252,1,3,2,2,1,1096,1,2,1,2,0,782,0,ST-IK1,Normalstation Innere Medizin / Kardiologie,30,Innere Medizin und Kardiologie,10.0,22.0,06:00,14:00,450,,13:30,21:30,450,F,21:15,06:15,495,F|S,11,10,8,10,30,45,8,38.5,30,0.1,0,2.0.0,20261133
PK-005,2026-11-08,history,-22,Sonntag,7,45,1,0,,Pflegefachkraft,Pflegefachkraft,EXAM,1.0,38.5,9240,9240,8316,10164,5,2,2,8,1,1,Pflegefachkraft,0,0.0,-2625,17,15,1,1,0,3130,1,,,,,N,0,,0,,3,2,2,1,1252,1,3,2,2,1,1096,1,2,1,2,0,782,0,ST-IK1,Normalstation Innere Medizin / Kardiologie,30,Innere Medizin und Kardiologie,10.0,22.0,06:00,14:00,450,,13:30,21:30,450,F,21:15,06:15,495,F|S,11,10,8,10,30,45,8,38.5,30,0.1,0,2.0.0,20261133
PK-006,2026-11-08,history,-22,Sonntag,7,45,1,0,,Pflegefachkraft,Pflegefachkraft,EXAM|PRAXISANLEITUNG|KARDIO_MONITORING,1.0,38.5,9240,9240,8316,10164,5,2,2,8,1,1,Pflegefachkraft,0,0.0,1104,17,15,1,1,0,3130,0,URLAUB,,,,,0,,0,,3,2,2,1,1252,1,3,2,2,1,1096,1,2,1,2,0,782,0,ST-IK1,Normalstation Innere Medizin / Kardiologie,30,Innere Medizin und Kardiologie,10.0,22.0,06:00,14:00,450,,13:30,21:30,450,F,21:15,06:15,495,F|S,11,10,8,10,30,45,8,38.5,30,0.1,0,2.0.0,20261133
PK-007,2026-11-08,history,-22,Sonntag,7,45,1,0,,Pflegefachkraft,Pflegefachkraft,EXAM,0.75,28.88,6931,6931,6238,7624,5,2,2,8,1,1,Pflegefachkraft,0,0.0,-1800,17,15,1,1,0,3130,1,,,,,,0,,0,,3,2,2,1,1252,1,3,2,2,1,1096,1,2,1,2,0,782,0,ST-IK1,Normalstation Innere Medizin / Kardiologie,30,Innere Medizin und Kardiologie,10.0,22.0,06:00,14:00,450,,13:30,21:30,450,F,21:15,06:15,495,F|S,11,10,8,10,30,45,8,38.5,30,0.1,0,2.0.0,20261133
PK-008,2026-11-08,history,-22,Sonntag,7,45,1,0,,Pflegefachkraft,Pflegefachkraft,EXAM|PRAXISANLEITUNG,0.6,23.1,5544,5544,4990,6098,5,2,2,8,1,1,Pflegefachkraft,0,0.0,-1449,17,15,1,1,0,3130,1,,,,,S,0,,0,,3,2,2,1,1252,1,3,2,2,1,1096,1,2,1,2,0,782,0,ST-IK1,Normalstation Innere Medizin / Kardiologie,30,Innere Medizin und Kardiologie,10.0,22.0,06:00,14:00,450,,13:30,21:30,450,F,21:15,06:15,495,F|S,11,10,8,10,30,45,8,38.5,30,0.1,0,2.0.0,20261133
PK-009,2026-11-08,history,-22,Sonntag,7,45,1,0,,Pflegefachkraft,Pflegefachkraft,EXAM|KARDIO_MONITORING,0.6,23.1,5544,5544,4990,6098,5,2,2,8,1,1,Pflegefachkraft,0,0.0,-1494,17,15,1,1,0,3130,1,,,,,F,0,,0,,3,2,2,1,1252,1,3,2,2,1,1096,1,2,1,2,0,782,0,ST-IK1,Normalstation Innere Medizin / Kardiologie,30,Innere Medizin und Kardiologie,10.0,22.0,06:00,14:00,450,,13:30,21:30,450,F,21:15,06:15,495,F|S,11,10,8,10,30,45,8,38.5,30,0.1,0,2.0.0,20261133
PK-010,2026-11-08,history,-22,Sonntag,7,45,1,0,,Pflegefachkraft,Pflegefachkraft,EXAM|KARDIO_MONITORING,0.9,34.65,8316,8316,7484,9148,5,2,2,8,1,1,Pflegefachkraft,0,0.0,-1971,17,15,1,1,0,3130,1,,,,,F,0,,0,,3,2,2,1,1252,1,3,2,2,1,1096,1,2,1,2,0,782,0,ST-IK1,Normalstation Innere Medizin / Kardiologie,30,Innere Medizin und Kardiologie,10.0,22.0,06:00,14:00,450,,13:30,21:30,450,F,21:15,06:15,495,F|S,11,10,8,10,30,45,8,38.5,30,0.1,0,2.0.0,20261133
PK-011,2026-11-08,history,-22,Sonntag,7,45,1,0,,Pflegefachkraft,Pflegefachkraft,EXAM|PRAXISANLEITUNG,0.5,19.25,4620,4620,4158,5082,5,2,2,8,1,1,Pflegefachkraft,0,0.0,-885,17,15,1,1,0,3130,1,,,,,,0,,0,,3,2,2,1,1252,1,3,2,2,1,1096,1,2,1,2,0,782,0,ST-IK1,Normalstation Innere Medizin / Kardiologie,30,Innere Medizin und Kardiologie,10.0,22.0,06:00,14:00,450,,13:30,21:30,450,F,21:15,06:15,495,F|S,11,10,8,10,30,45,8,38.5,30,0.1,0,2.0.0,20261133
PK-012,2026-11-08,history,-22,Sonntag,7,45,1,0,,Pflegefachkraft,Pflegefachkraft,EXAM|KARDIO_MONITORING,0.75,28.88,6931,6931,6238,7624,5,2,2,8,1,1,Pflegefachkraft,0,0.0,-1845,17,15,1,1,0,3130,1,,,,,,0,,0,,3,2,2,1,1252,1,3,2,2,1,1096,1,2,1,2,0,782,0,ST-IK1,Normalstation Innere Medizin / Kardiologie,30,Innere Medizin und Kardiologie,10.0,22.0,06:00,14:00,450,,13:30,21:30,450,F,21:15,06:15,495,F|S,11,10,8,10,30,45,8,38.5,30,0.1,0,2.0.0,20261133
PK-013,2026-11-08,history,-22,Sonntag,7,45,1,0,,Pflegefachkraft,Pflegefachkraft,EXAM,1.0,38.5,9240,9240,8316,10164,5,2,2,8,1,1,Pflegefachkraft,0,0.0,-2445,17,15,1,1,0,3130,1,,,,,,0,,0,,3,2,2,1,1252,1,3,2,2,1,1096,1,2,1,2,0,782,0,ST-IK1,Normalstation Innere Medizin / Kardiologie,30,Innere Medizin und Kardiologie,10.0,22.0,06:00,14:00,450,,13:30,21:30,450,F,21:15,06:15,495,F|S,11,10,8,10,30,45,8,38.5,30,0.1,0,2.0.0,20261133
PK-014,2026-11-08,history,-22,Sonntag,7,45,1,0,,Pflegefachkraft,Pflegefachkraft,EXAM|PRAXISANLEITUNG,0.75,28.88,6931,6931,6238,7624,5,2,2,8,1,1,Pflegefachkraft,0,0.0,-1440,17,15,1,1,0,3130,1,,,,,,0,,0,,3,2,2,1,1252,1,3,2,2,1,1096,1,2,1,2,0,782,0,ST-IK1,Normalstation Innere Medizin / Kardiologie,30,Innere Medizin und Kardiologie,10.0,22.0,06:00,14:00,450,,13:30,21:30,450,F,21:15,06:15,495,F|S,11,10,8,10,30,45,8,38.5,30,0.1,0,2.0.0,20261133
PK-015,2026-11-08,history,-22,Sonntag,7,45,1,0,,Pflegefachkraft,Pflegefachkraft,EXAM|KARDIO_MONITORING,0.8,30.8,7392,7392,6653,8131,5,2,2,8,1,1,Pflegefachkraft,0,0.0,-1992,17,15,1,1,0,3130,1,,,,,S,0,,0,,3,2,2,1,1252,1,3,2,2,1,1096,1,2,1,2,0,782,0,ST-IK1,Normalstation Innere Medizin / Kardiologie,30,Innere Medizin und Kardiologie,10.0,22.0,06:00,14:00,450,,13:30,21:30,450,F,21:15,06:15,495,F|S,11,10,8,10,30,45,8,38.5,30,0.1,0,2.0.0,20261133
PK-016,2026-11-08,history,-22,Sonntag,7,45,1,0,,Pflegefachkraft,Pflegefachkraft,EXAM|KARDIO_MONITORING,0.7,26.95,6468,6468,5821,7115,5,2,2,8,1,1,Pflegefachkraft,0,0.0,566,17,15,1,1,0,3130,0,URLAUB,,,,,0,,0,,3,2,2,1,1252,1,3,2,2,1,1096,1,2,1,2,0,782,0,ST-IK1,Normalstation Innere Medizin / Kardiologie,30,Innere Medizin und Kardiologie,10.0,22.0,06:00,14:00,450,,13:30,21:30,450,F,21:15,06:15,495,F|S,11,10,8,10,30,45,8,38.5,30,0.1,0,2.0.0,20261133
PK-017,2026-11-08,history,-22,Sonntag,7,45,1,0,,Pflegefachkraft,Pflegefachkraft,EXAM|PRAXISANLEITUNG|KARDIO_MONITORING,1.0,38.5,9240,9240,8316,10164,5,2,2,8,1,1,Pflegefachkraft,0,0.0,-2265,17,15,1,1,0,3130,1,,,,,,0,,0,,3,2,2,1,1252,1,3,2,2,1,1096,1,2,1,2,0,782,0,ST-IK1,Normalstation Innere Medizin / Kardiologie,30,Innere Medizin und Kardiologie,10.0,22.0,06:00,14:00,450,,13:30,21:30,450,F,21:15,06:15,495,F|S,11,10,8,10,30,45,8,38.5,30,0.1,0,2.0.0,20261133
PK-018,2026-11-08,history,-22,Sonntag,7,45,1,0,,Pflegefachkraft,Pflegefachkraft,EXAM,0.5,19.25,4620,4620,4158,5082,5,2,2,8,1,1,Pflegefachkraft,0,0.0,-885,17,15,1,1,0,3130,1,,,,,,0,,0,,3,2,2,1,1252,1,3,2,2,1,1096,1,2,1,2,0,782,0,ST-IK1,Normalstation Innere Medizin / Kardiologie,30,Innere Medizin und Kardiologie,10.0,22.0,06:00,14:00,450,,13:30,21:30,450,F,21:15,06:15,495,F|S,11,10,8,10,30,45,8,38.5,30,0.1,0,2.0.0,20261133
AZ-001,2026-11-09,history,-21,Montag,1,46,0,0,,Auszubildende_r_3_Ausbildungsjahr,Auszubildende,AUSZUBILDEND,1.0,38.5,9240,9240,8316,10164,5,2,2,8,1,0,nicht anrechenbar,0,0.0,-9240,22,20,4,3,2,3686,1,,,,,,0,,0,,3,3,2,1,1474,1,3,3,2,1,1290,1,2,1,2,0,922,0,ST-IK1,Normalstation Innere Medizin / Kardiologie,30,Innere Medizin und Kardiologie,10.0,22.0,06:00,14:00,450,,13:30,21:30,450,F,21:15,06:15,495,F|S,11,10,8,10,30,45,8,38.5,30,0.1,0,2.0.0,20261133
AZ-002,2026-11-09,history,-21,Montag,1,46,0,0,,Auszubildende_r_2_Ausbildungsjahr,Auszubildende,AUSZUBILDEND,1.0,38.5,9240,9240,8316,10164,5,2,2,8,1,0,nicht anrechenbar,0,0.0,-9240,22,20,4,3,2,3686,1,,,,,,0,,0,,3,3,2,1,1474,1,3,3,2,1,1290,1,2,1,2,0,922,0,ST-IK1,Normalstation Innere Medizin / Kardiologie,30,Innere Medizin und Kardiologie,10.0,22.0,06:00,14:00,450,,13:30,21:30,450,F,21:15,06:15,495,F|S,11,10,8,10,30,45,8,38.5,30,0.1,0,2.0.0,20261133
AZ-003,2026-11-09,history,-21,Montag,1,46,0,0,,Auszubildende_r_1_Ausbildungsjahr,Auszubildende,AUSZUBILDEND,1.0,38.5,9240,9240,8316,10164,5,2,2,0,0,0,nicht anrechenbar,0,0.0,-6006,22,20,4,3,2,3686,1,,,,,,0,,0,,3,3,2,1,1474,1,3,3,2,1,1290,1,2,1,2,0,922,0,ST-IK1,Normalstation Innere Medizin / Kardiologie,30,Innere Medizin und Kardiologie,10.0,22.0,06:00,14:00,450,,13:30,21:30,450,F,21:15,06:15,495,F|S,11,10,8,10,30,45,8,38.5,30,0.1,0,2.0.0,20261133
PH-001,2026-11-09,history,-21,Montag,1,46,0,0,,Pflegehilfskraft,Pflegehilfskraft,PFLEGEHILFE,0.75,28.88,6931,6931,6238,7624,5,2,2,0,0,1,Pflegehilfskraft,0,0.0,-1530,22,20,4,3,2,3686,1,,,,,F,0,,0,,3,3,2,1,1474,1,3,3,2,1,1290,1,2,1,2,0,922,0,ST-IK1,Normalstation Innere Medizin / Kardiologie,30,Innere Medizin und Kardiologie,10.0,22.0,06:00,14:00,450,,13:30,21:30,450,F,21:15,06:15,495,F|S,11,10,8,10,30,45,8,38.5,30,0.1,0,2.0.0,20261133
PH-002,2026-11-09,history,-21,Montag,1,46,0,0,,Pflegehilfskraft,Pflegehilfskraft,PFLEGEHILFE,0.5,19.25,4620,4620,4158,5082,5,2,2,0,0,1,Pflegehilfskraft,0,0.0,-1020,22,20,4,3,2,3686,1,,,,,S,0,,0,,3,3,2,1,1474,1,3,3,2,1,1290,1,2,1,2,0,922,0,ST-IK1,Normalstation Innere Medizin / Kardiologie,30,Innere Medizin und Kardiologie,10.0,22.0,06:00,14:00,450,,13:30,21:30,450,F,21:15,06:15,495,F|S,11,10,8,10,30,45,8,38.5,30,0.1,0,2.0.0,20261133
PK-001,2026-11-09,history,-21,Montag,1,46,0,0,,Stationsleitung,Pflegefachkraft,EXAM|LEITUNG|PRAXISANLEITUNG,1.0,38.5,9240,4620,4158,5082,5,2,2,0,0,1,Pflegefachkraft,1,0.5,2130,22,20,4,3,2,3686,1,,,,,F,0,,0,,3,3,2,1,1474,1,3,3,2,1,1290,1,2,1,2,0,922,0,ST-IK1,Normalstation Innere Medizin / Kardiologie,30,Innere Medizin und Kardiologie,10.0,22.0,06:00,14:00,450,,13:30,21:30,450,F,21:15,06:15,495,F|S,11,10,8,10,30,45,8,38.5,30,0.1,0,2.0.0,20261133
PK-002,2026-11-09,history,-21,Montag,1,46,0,0,,Pflegefachkraft,Pflegefachkraft,EXAM|PRAXISANLEITUNG,0.8,30.8,7392,7392,6653,8131,5,2,2,8,1,1,Pflegefachkraft,0,0.0,-1857,22,20,4,3,2,3686,1,,,,,N,0,,0,,3,3,2,1,1474,1,3,3,2,1,1290,1,2,1,2,0,922,0,ST-IK1,Normalstation Innere Medizin / Kardiologie,30,Innere Medizin und Kardiologie,10.0,22.0,06:00,14:00,450,,13:30,21:30,450,F,21:15,06:15,495,F|S,11,10,8,10,30,45,8,38.5,30,0.1,0,2.0.0,20261133
PK-003,2026-11-09,history,-21,Montag,1,46,0,0,,Pflegefachkraft,Pflegefachkraft,EXAM,0.8,30.8,7392,7392,6653,8131,5,2,2,8,1,1,Pflegefachkraft,0,0.0,-1902,22,20,4,3,2,3686,1,,,,,,0,,0,,3,3,2,1,1474,1,3,3,2,1,1290,1,2,1,2,0,922,0,ST-IK1,Normalstation Innere Medizin / Kardiologie,30,Innere Medizin und Kardiologie,10.0,22.0,06:00,14:00,450,,13:30,21:30,450,F,21:15,06:15,495,F|S,11,10,8,10,30,45,8,38.5,30,0.1,0,2.0.0,20261133
PK-004,2026-11-09,history,-21,Montag,1,46,0,0,,Pflegefachkraft,Pflegefachkraft,EXAM,1.0,38.5,9240,9240,8316,10164,5,2,2,8,1,1,Pflegefachkraft,0,0.0,-2625,22,20,4,3,2,3686,1,,,,,,0,,0,,3,3,2,1,1474,1,3,3,2,1,1290,1,2,1,2,0,922,0,ST-IK1,Normalstation Innere Medizin / Kardiologie,30,Innere Medizin und Kardiologie,10.0,22.0,06:00,14:00,450,,13:30,21:30,450,F,21:15,06:15,495,F|S,11,10,8,10,30,45,8,38.5,30,0.1,0,2.0.0,20261133
PK-005,2026-11-09,history,-21,Montag,1,46,0,0,,Pflegefachkraft,Pflegefachkraft,EXAM,1.0,38.5,9240,9240,8316,10164,5,2,2,8,1,1,Pflegefachkraft,0,0.0,-2625,22,20,4,3,2,3686,1,,,,,,0,,0,,3,3,2,1,1474,1,3,3,2,1,1290,1,2,1,2,0,922,0,ST-IK1,Normalstation Innere Medizin / Kardiologie,30,Innere Medizin und Kardiologie,10.0,22.0,06:00,14:00,450,,13:30,21:30,450,F,21:15,06:15,495,F|S,11,10,8,10,30,45,8,38.5,30,0.1,0,2.0.0,20261133
PK-006,2026-11-09,history,-21,Montag,1,46,0,0,,Pflegefachkraft,Pflegefachkraft,EXAM|PRAXISANLEITUNG|KARDIO_MONITORING,1.0,38.5,9240,9240,8316,10164,5,2,2,8,1,1,Pflegefachkraft,0,0.0,1104,22,20,4,3,2,3686,0,URLAUB,,,,,0,,0,,3,3,2,1,1474,1,3,3,2,1,1290,1,2,1,2,0,922,0,ST-IK1,Normalstation Innere Medizin / Kardiologie,30,Innere Medizin und Kardiologie,10.0,22.0,06:00,14:00,450,,13:30,21:30,450,F,21:15,06:15,495,F|S,11,10,8,10,30,45,8,38.5,30,0.1,0,2.0.0,20261133
PK-007,2026-11-09,history,-21,Montag,1,46,0,0,,Pflegefachkraft,Pflegefachkraft,EXAM,0.75,28.88,6931,6931,6238,7624,5,2,2,8,1,1,Pflegefachkraft,0,0.0,-1800,22,20,4,3,2,3686,1,,,,,,0,,0,,3,3,2,1,1474,1,3,3,2,1,1290,1,2,1,2,0,922,0,ST-IK1,Normalstation Innere Medizin / Kardiologie,30,Innere Medizin und Kardiologie,10.0,22.0,06:00,14:00,450,,13:30,21:30,450,F,21:15,06:15,495,F|S,11,10,8,10,30,45,8,38.5,30,0.1,0,2.0.0,20261133
PK-008,2026-11-09,history,-21,Montag,1,46,0,0,,Pflegefachkraft,Pflegefachkraft,EXAM|PRAXISANLEITUNG,0.6,23.1,5544,5544,4990,6098,5,2,2,8,1,1,Pflegefachkraft,0,0.0,-1449,22,20,4,3,2,3686,1,,,,,,0,,0,,3,3,2,1,1474,1,3,3,2,1,1290,1,2,1,2,0,922,0,ST-IK1,Normalstation Innere Medizin / Kardiologie,30,Innere Medizin und Kardiologie,10.0,22.0,06:00,14:00,450,,13:30,21:30,450,F,21:15,06:15,495,F|S,11,10,8,10,30,45,8,38.5,30,0.1,0,2.0.0,20261133
PK-009,2026-11-09,history,-21,Montag,1,46,0,0,,Pflegefachkraft,Pflegefachkraft,EXAM|KARDIO_MONITORING,0.6,23.1,5544,5544,4990,6098,5,2,2,8,1,1,Pflegefachkraft,0,0.0,-1494,22,20,4,3,2,3686,1,,,,,,0,,0,,3,3,2,1,1474,1,3,3,2,1,1290,1,2,1,2,0,922,0,ST-IK1,Normalstation Innere Medizin / Kardiologie,30,Innere Medizin und Kardiologie,10.0,22.0,06:00,14:00,450,,13:30,21:30,450,F,21:15,06:15,495,F|S,11,10,8,10,30,45,8,38.5,30,0.1,0,2.0.0,20261133
PK-010,2026-11-09,history,-21,Montag,1,46,0,0,,Pflegefachkraft,Pflegefachkraft,EXAM|KARDIO_MONITORING,0.9,34.65,8316,8316,7484,9148,5,2,2,8,1,1,Pflegefachkraft,0,0.0,-1971,22,20,4,3,2,3686,1,,,,,,0,,0,,3,3,2,1,1474,1,3,3,2,1,1290,1,2,1,2,0,922,0,ST-IK1,Normalstation Innere Medizin / Kardiologie,30,Innere Medizin und Kardiologie,10.0,22.0,06:00,14:00,450,,13:30,21:30,450,F,21:15,06:15,495,F|S,11,10,8,10,30,45,8,38.5,30,0.1,0,2.0.0,20261133
PK-011,2026-11-09,history,-21,Montag,1,46,0,0,,Pflegefachkraft,Pflegefachkraft,EXAM|PRAXISANLEITUNG,0.5,19.25,4620,4620,4158,5082,5,2,2,8,1,1,Pflegefachkraft,0,0.0,-885,22,20,4,3,2,3686,1,,,,,F,0,,0,,3,3,2,1,1474,1,3,3,2,1,1290,1,2,1,2,0,922,0,ST-IK1,Normalstation Innere Medizin / Kardiologie,30,Innere Medizin und Kardiologie,10.0,22.0,06:00,14:00,450,,13:30,21:30,450,F,21:15,06:15,495,F|S,11,10,8,10,30,45,8,38.5,30,0.1,0,2.0.0,20261133
PK-012,2026-11-09,history,-21,Montag,1,46,0,0,,Pflegefachkraft,Pflegefachkraft,EXAM|KARDIO_MONITORING,0.75,28.88,6931,6931,6238,7624,5,2,2,8,1,1,Pflegefachkraft,0,0.0,-1845,22,20,4,3,2,3686,1,,,,,,0,,0,,3,3,2,1,1474,1,3,3,2,1,1290,1,2,1,2,0,922,0,ST-IK1,Normalstation Innere Medizin / Kardiologie,30,Innere Medizin und Kardiologie,10.0,22.0,06:00,14:00,450,,13:30,21:30,450,F,21:15,06:15,495,F|S,11,10,8,10,30,45,8,38.5,30,0.1,0,2.0.0,20261133
PK-013,2026-11-09,history,-21,Montag,1,46,0,0,,Pflegefachkraft,Pflegefachkraft,EXAM,1.0,38.5,9240,9240,8316,10164,5,2,2,8,1,1,Pflegefachkraft,0,0.0,-2445,22,20,4,3,2,3686,1,,,,,S,0,,0,,3,3,2,1,1474,1,3,3,2,1,1290,1,2,1,2,0,922,0,ST-IK1,Normalstation Innere Medizin / Kardiologie,30,Innere Medizin und Kardiologie,10.0,22.0,06:00,14:00,450,,13:30,21:30,450,F,21:15,06:15,495,F|S,11,10,8,10,30,45,8,38.5,30,0.1,0,2.0.0,20261133
PK-014,2026-11-09,history,-21,Montag,1,46,0,0,,Pflegefachkraft,Pflegefachkraft,EXAM|PRAXISANLEITUNG,0.75,28.88,6931,6931,6238,7624,5,2,2,8,1,1,Pflegefachkraft,0,0.0,-1440,22,20,4,3,2,3686,1,,,,,S,0,,0,,3,3,2,1,1474,1,3,3,2,1,1290,1,2,1,2,0,922,0,ST-IK1,Normalstation Innere Medizin / Kardiologie,30,Innere Medizin und Kardiologie,10.0,22.0,06:00,14:00,450,,13:30,21:30,450,F,21:15,06:15,495,F|S,11,10,8,10,30,45,8,38.5,30,0.1,0,2.0.0,20261133
PK-015,2026-11-09,history,-21,Montag,1,46,0,0,,Pflegefachkraft,Pflegefachkraft,EXAM|KARDIO_MONITORING,0.8,30.8,7392,7392,6653,8131,5,2,2,8,1,1,Pflegefachkraft,0,0.0,-1992,22,20,4,3,2,3686,1,,,,,,0,,0,,3,3,2,1,1474,1,3,3,2,1,1290,1,2,1,2,0,922,0,ST-IK1,Normalstation Innere Medizin / Kardiologie,30,Innere Medizin und Kardiologie,10.0,22.0,06:00,14:00,450,,13:30,21:30,450,F,21:15,06:15,495,F|S,11,10,8,10,30,45,8,38.5,30,0.1,0,2.0.0,20261133
PK-016,2026-11-09,history,-21,Montag,1,46,0,0,,Pflegefachkraft,Pflegefachkraft,EXAM|KARDIO_MONITORING,0.7,26.95,6468,6468,5821,7115,5,2,2,8,1,1,Pflegefachkraft,0,0.0,566,22,20,4,3,2,3686,0,URLAUB,,,,,0,,0,,3,3,2,1,1474,1,3,3,2,1,1290,1,2,1,2,0,922,0,ST-IK1,Normalstation Innere Medizin / Kardiologie,30,Innere Medizin und Kardiologie,10.0,22.0,06:00,14:00,450,,13:30,21:30,450,F,21:15,06:15,495,F|S,11,10,8,10,30,45,8,38.5,30,0.1,0,2.0.0,20261133
PK-017,2026-11-09,history,-21,Montag,1,46,0,0,,Pflegefachkraft,Pflegefachkraft,EXAM|PRAXISANLEITUNG|KARDIO_MONITORING,1.0,38.5,9240,9240,8316,10164,5,2,2,8,1,1,Pflegefachkraft,0,0.0,-2265,22,20,4,3,2,3686,1,,,,,N,0,,0,,3,3,2,1,1474,1,3,3,2,1,1290,1,2,1,2,0,922,0,ST-IK1,Normalstation Innere Medizin / Kardiologie,30,Innere Medizin und Kardiologie,10.0,22.0,06:00,14:00,450,,13:30,21:30,450,F,21:15,06:15,495,F|S,11,10,8,10,30,45,8,38.5,30,0.1,0,2.0.0,20261133
PK-018,2026-11-09,history,-21,Montag,1,46,0,0,,Pflegefachkraft,Pflegefachkraft,EXAM,0.5,19.25,4620,4620,4158,5082,5,2,2,8,1,1,Pflegefachkraft,0,0.0,-885,22,20,4,3,2,3686,1,,,,,,0,,0,,3,3,2,1,1474,1,3,3,2,1,1290,1,2,1,2,0,922,0,ST-IK1,Normalstation Innere Medizin / Kardiologie,30,Innere Medizin und Kardiologie,10.0,22.0,06:00,14:00,450,,13:30,21:30,450,F,21:15,06:15,495,F|S,11,10,8,10,30,45,8,38.5,30,0.1,0,2.0.0,20261133
AZ-001,2026-11-10,history,-20,Dienstag,2,46,0,0,,Auszubildende_r_3_Ausbildungsjahr,Auszubildende,AUSZUBILDEND,1.0,38.5,9240,9240,8316,10164,5,2,2,8,1,0,nicht anrechenbar,0,0.0,-9240,24,22,3,4,0,3849,1,,,,,,0,,0,,3,3,2,1,1540,1,3,3,2,1,1347,1,2,1,2,0,962,0,ST-IK1,Normalstation Innere Medizin / Kardiologie,30,Innere Medizin und Kardiologie,10.0,22.0,06:00,14:00,450,,13:30,21:30,450,F,21:15,06:15,495,F|S,11,10,8,10,30,45,8,38.5,30,0.1,0,2.0.0,20261133
AZ-002,2026-11-10,history,-20,Dienstag,2,46,0,0,,Auszubildende_r_2_Ausbildungsjahr,Auszubildende,AUSZUBILDEND,1.0,38.5,9240,9240,8316,10164,5,2,2,8,1,0,nicht anrechenbar,0,0.0,-9240,24,22,3,4,0,3849,1,,,,,,0,,0,,3,3,2,1,1540,1,3,3,2,1,1347,1,2,1,2,0,962,0,ST-IK1,Normalstation Innere Medizin / Kardiologie,30,Innere Medizin und Kardiologie,10.0,22.0,06:00,14:00,450,,13:30,21:30,450,F,21:15,06:15,495,F|S,11,10,8,10,30,45,8,38.5,30,0.1,0,2.0.0,20261133
AZ-003,2026-11-10,history,-20,Dienstag,2,46,0,0,,Auszubildende_r_1_Ausbildungsjahr,Auszubildende,AUSZUBILDEND,1.0,38.5,9240,9240,8316,10164,5,2,2,0,0,0,nicht anrechenbar,0,0.0,-6006,24,22,3,4,0,3849,1,,,,,,0,,0,,3,3,2,1,1540,1,3,3,2,1,1347,1,2,1,2,0,962,0,ST-IK1,Normalstation Innere Medizin / Kardiologie,30,Innere Medizin und Kardiologie,10.0,22.0,06:00,14:00,450,,13:30,21:30,450,F,21:15,06:15,495,F|S,11,10,8,10,30,45,8,38.5,30,0.1,0,2.0.0,20261133
PH-001,2026-11-10,history,-20,Dienstag,2,46,0,0,,Pflegehilfskraft,Pflegehilfskraft,PFLEGEHILFE,0.75,28.88,6931,6931,6238,7624,5,2,2,0,0,1,Pflegehilfskraft,0,0.0,-1530,24,22,3,4,0,3849,1,,,,,,0,,0,,3,3,2,1,1540,1,3,3,2,1,1347,1,2,1,2,0,962,0,ST-IK1,Normalstation Innere Medizin / Kardiologie,30,Innere Medizin und Kardiologie,10.0,22.0,06:00,14:00,450,,13:30,21:30,450,F,21:15,06:15,495,F|S,11,10,8,10,30,45,8,38.5,30,0.1,0,2.0.0,20261133
PH-002,2026-11-10,history,-20,Dienstag,2,46,0,0,,Pflegehilfskraft,Pflegehilfskraft,PFLEGEHILFE,0.5,19.25,4620,4620,4158,5082,5,2,2,0,0,1,Pflegehilfskraft,0,0.0,-1020,24,22,3,4,0,3849,1,,,,,,0,,0,,3,3,2,1,1540,1,3,3,2,1,1347,1,2,1,2,0,962,0,ST-IK1,Normalstation Innere Medizin / Kardiologie,30,Innere Medizin und Kardiologie,10.0,22.0,06:00,14:00,450,,13:30,21:30,450,F,21:15,06:15,495,F|S,11,10,8,10,30,45,8,38.5,30,0.1,0,2.0.0,20261133
PK-001,2026-11-10,history,-20,Dienstag,2,46,0,0,,Stationsleitung,Pflegefachkraft,EXAM|LEITUNG|PRAXISANLEITUNG,1.0,38.5,9240,4620,4158,5082,5,2,2,0,0,1,Pflegefachkraft,1,0.5,2130,24,22,3,4,0,3849,1,,,,,,0,,0,,3,3,2,1,1540,1,3,3,2,1,1347,1,2,1,2,0,962,0,ST-IK1,Normalstation Innere Medizin / Kardiologie,30,Innere Medizin und Kardiologie,10.0,22.0,06:00,14:00,450,,13:30,21:30,450,F,21:15,06:15,495,F|S,11,10,8,10,30,45,8,38.5,30,0.1,0,2.0.0,20261133
PK-002,2026-11-10,history,-20,Dienstag,2,46,0,0,,Pflegefachkraft,Pflegefachkraft,EXAM|PRAXISANLEITUNG,0.8,30.8,7392,7392,6653,8131,5,2,2,8,1,1,Pflegefachkraft,0,0.0,-1857,24,22,3,4,0,3849,1,,,,,,0,,0,,3,3,2,1,1540,1,3,3,2,1,1347,1,2,1,2,0,962,0,ST-IK1,Normalstation Innere Medizin / Kardiologie,30,Innere Medizin und Kardiologie,10.0,22.0,06:00,14:00,450,,13:30,21:30,450,F,21:15,06:15,495,F|S,11,10,8,10,30,45,8,38.5,30,0.1,0,2.0.0,20261133
PK-003,2026-11-10,history,-20,Dienstag,2,46,0,0,,Pflegefachkraft,Pflegefachkraft,EXAM,0.8,30.8,7392,7392,6653,8131,5,2,2,8,1,1,Pflegefachkraft,0,0.0,-1902,24,22,3,4,0,3849,1,,,,,,0,,0,,3,3,2,1,1540,1,3,3,2,1,1347,1,2,1,2,0,962,0,ST-IK1,Normalstation Innere Medizin / Kardiologie,30,Innere Medizin und Kardiologie,10.0,22.0,06:00,14:00,450,,13:30,21:30,450,F,21:15,06:15,495,F|S,11,10,8,10,30,45,8,38.5,30,0.1,0,2.0.0,20261133
PK-004,2026-11-10,history,-20,Dienstag,2,46,0,0,,Pflegefachkraft,Pflegefachkraft,EXAM,1.0,38.5,9240,9240,8316,10164,5,2,2,8,1,1,Pflegefachkraft,0,0.0,-2625,24,22,3,4,0,3849,1,,,,,F,0,,0,,3,3,2,1,1540,1,3,3,2,1,1347,1,2,1,2,0,962,0,ST-IK1,Normalstation Innere Medizin / Kardiologie,30,Innere Medizin und Kardiologie,10.0,22.0,06:00,14:00,450,,13:30,21:30,450,F,21:15,06:15,495,F|S,11,10,8,10,30,45,8,38.5,30,0.1,0,2.0.0,20261133
PK-005,2026-11-10,history,-20,Dienstag,2,46,0,0,,Pflegefachkraft,Pflegefachkraft,EXAM,1.0,38.5,9240,9240,8316,10164,5,2,2,8,1,1,Pflegefachkraft,0,0.0,-2625,24,22,3,4,0,3849,1,,,,,F,0,,0,,3,3,2,1,1540,1,3,3,2,1,1347,1,2,1,2,0,962,0,ST-IK1,Normalstation Innere Medizin / Kardiologie,30,Innere Medizin und Kardiologie,10.0,22.0,06:00,14:00,450,,13:30,21:30,450,F,21:15,06:15,495,F|S,11,10,8,10,30,45,8,38.5,30,0.1,0,2.0.0,20261133
PK-006,2026-11-10,history,-20,Dienstag,2,46,0,0,,Pflegefachkraft,Pflegefachkraft,EXAM|PRAXISANLEITUNG|KARDIO_MONITORING,1.0,38.5,9240,9240,8316,10164,5,2,2,8,1,1,Pflegefachkraft,0,0.0,1104,24,22,3,4,0,3849,0,URLAUB,,,,,0,,0,,3,3,2,1,1540,1,3,3,2,1,1347,1,2,1,2,0,962,0,ST-IK1,Normalstation Innere Medizin / Kardiologie,30,Innere Medizin und Kardiologie,10.0,22.0,06:00,14:00,450,,13:30,21:30,450,F,21:15,06:15,495,F|S,11,10,8,10,30,45,8,38.5,30,0.1,0,2.0.0,20261133
PK-007,2026-11-10,history,-20,Dienstag,2,46,0,0,,Pflegefachkraft,Pflegefachkraft,EXAM,0.75,28.88,6931,6931,6238,7624,5,2,2,8,1,1,Pflegefachkraft,0,0.0,-1800,24,22,3,4,0,3849,1,,,,,N,0,,0,,3,3,2,1,1540,1,3,3,2,1,1347,1,2,1,2,0,962,0,ST-IK1,Normalstation Innere Medizin / Kardiologie,30,Innere Medizin und Kardiologie,10.0,22.0,06:00,14:00,450,,13:30,21:30,450,F,21:15,06:15,495,F|S,11,10,8,10,30,45,8,38.5,30,0.1,0,2.0.0,20261133
PK-008,2026-11-10,history,-20,Dienstag,2,46,0,0,,Pflegefachkraft,Pflegefachkraft,EXAM|PRAXISANLEITUNG,0.6,23.1,5544,5544,4990,6098,5,2,2,8,1,1,Pflegefachkraft,0,0.0,-1449,24,22,3,4,0,3849,1,,,,,,0,,0,,3,3,2,1,1540,1,3,3,2,1,1347,1,2,1,2,0,962,0,ST-IK1,Normalstation Innere Medizin / Kardiologie,30,Innere Medizin und Kardiologie,10.0,22.0,06:00,14:00,450,,13:30,21:30,450,F,21:15,06:15,495,F|S,11,10,8,10,30,45,8,38.5,30,0.1,0,2.0.0,20261133
PK-009,2026-11-10,history,-20,Dienstag,2,46,0,0,,Pflegefachkraft,Pflegefachkraft,EXAM|KARDIO_MONITORING,0.6,23.1,5544,5544,4990,6098,5,2,2,8,1,1,Pflegefachkraft,0,0.0,-1494,24,22,3,4,0,3849,1,,,,,S,0,,0,,3,3,2,1,1540,1,3,3,2,1,1347,1,2,1,2,0,962,0,ST-IK1,Normalstation Innere Medizin / Kardiologie,30,Innere Medizin und Kardiologie,10.0,22.0,06:00,14:00,450,,13:30,21:30,450,F,21:15,06:15,495,F|S,11,10,8,10,30,45,8,38.5,30,0.1,0,2.0.0,20261133
PK-010,2026-11-10,history,-20,Dienstag,2,46,0,0,,Pflegefachkraft,Pflegefachkraft,EXAM|KARDIO_MONITORING,0.9,34.65,8316,8316,7484,9148,5,2,2,8,1,1,Pflegefachkraft,0,0.0,-1971,24,22,3,4,0,3849,1,,,,,S,0,,0,,3,3,2,1,1540,1,3,3,2,1,1347,1,2,1,2,0,962,0,ST-IK1,Normalstation Innere Medizin / Kardiologie,30,Innere Medizin und Kardiologie,10.0,22.0,06:00,14:00,450,,13:30,21:30,450,F,21:15,06:15,495,F|S,11,10,8,10,30,45,8,38.5,30,0.1,0,2.0.0,20261133
PK-011,2026-11-10,history,-20,Dienstag,2,46,0,0,,Pflegefachkraft,Pflegefachkraft,EXAM|PRAXISANLEITUNG,0.5,19.25,4620,4620,4158,5082,5,2,2,8,1,1,Pflegefachkraft,0,0.0,-885,24,22,3,4,0,3849,1,,,,,,0,,0,,3,3,2,1,1540,1,3,3,2,1,1347,1,2,1,2,0,962,0,ST-IK1,Normalstation Innere Medizin / Kardiologie,30,Innere Medizin und Kardiologie,10.0,22.0,06:00,14:00,450,,13:30,21:30,450,F,21:15,06:15,495,F|S,11,10,8,10,30,45,8,38.5,30,0.1,0,2.0.0,20261133
PK-012,2026-11-10,history,-20,Dienstag,2,46,0,0,,Pflegefachkraft,Pflegefachkraft,EXAM|KARDIO_MONITORING,0.75,28.88,6931,6931,6238,7624,5,2,2,8,1,1,Pflegefachkraft,0,0.0,-1845,24,22,3,4,0,3849,1,,,,,N,0,,0,,3,3,2,1,1540,1,3,3,2,1,1347,1,2,1,2,0,962,0,ST-IK1,Normalstation Innere Medizin / Kardiologie,30,Innere Medizin und Kardiologie,10.0,22.0,06:00,14:00,450,,13:30,21:30,450,F,21:15,06:15,495,F|S,11,10,8,10,30,45,8,38.5,30,0.1,0,2.0.0,20261133
PK-013,2026-11-10,history,-20,Dienstag,2,46,0,0,,Pflegefachkraft,Pflegefachkraft,EXAM,1.0,38.5,9240,9240,8316,10164,5,2,2,8,1,1,Pflegefachkraft,0,0.0,-2445,24,22,3,4,0,3849,1,,,,,S,0,,0,,3,3,2,1,1540,1,3,3,2,1,1347,1,2,1,2,0,962,0,ST-IK1,Normalstation Innere Medizin / Kardiologie,30,Innere Medizin und Kardiologie,10.0,22.0,06:00,14:00,450,,13:30,21:30,450,F,21:15,06:15,495,F|S,11,10,8,10,30,45,8,38.5,30,0.1,0,2.0.0,20261133
PK-014,2026-11-10,history,-20,Dienstag,2,46,0,0,,Pflegefachkraft,Pflegefachkraft,EXAM|PRAXISANLEITUNG,0.75,28.88,6931,6931,6238,7624,5,2,2,8,1,1,Pflegefachkraft,0,0.0,-1440,24,22,3,4,0,3849,1,,,,,,0,,0,,3,3,2,1,1540,1,3,3,2,1,1347,1,2,1,2,0,962,0,ST-IK1,Normalstation Innere Medizin / Kardiologie,30,Innere Medizin und Kardiologie,10.0,22.0,06:00,14:00,450,,13:30,21:30,450,F,21:15,06:15,495,F|S,11,10,8,10,30,45,8,38.5,30,0.1,0,2.0.0,20261133
PK-015,2026-11-10,history,-20,Dienstag,2,46,0,0,,Pflegefachkraft,Pflegefachkraft,EXAM|KARDIO_MONITORING,0.8,30.8,7392,7392,6653,8131,5,2,2,8,1,1,Pflegefachkraft,0,0.0,-1992,24,22,3,4,0,3849,1,,,,,,0,,0,,3,3,2,1,1540,1,3,3,2,1,1347,1,2,1,2,0,962,0,ST-IK1,Normalstation Innere Medizin / Kardiologie,30,Innere Medizin und Kardiologie,10.0,22.0,06:00,14:00,450,,13:30,21:30,450,F,21:15,06:15,495,F|S,11,10,8,10,30,45,8,38.5,30,0.1,0,2.0.0,20261133
PK-016,2026-11-10,history,-20,Dienstag,2,46,0,0,,Pflegefachkraft,Pflegefachkraft,EXAM|KARDIO_MONITORING,0.7,26.95,6468,6468,5821,7115,5,2,2,8,1,1,Pflegefachkraft,0,0.0,566,24,22,3,4,0,3849,0,URLAUB,,,,,0,,0,,3,3,2,1,1540,1,3,3,2,1,1347,1,2,1,2,0,962,0,ST-IK1,Normalstation Innere Medizin / Kardiologie,30,Innere Medizin und Kardiologie,10.0,22.0,06:00,14:00,450,,13:30,21:30,450,F,21:15,06:15,495,F|S,11,10,8,10,30,45,8,38.5,30,0.1,0,2.0.0,20261133
PK-017,2026-11-10,history,-20,Dienstag,2,46,0,0,,Pflegefachkraft,Pflegefachkraft,EXAM|PRAXISANLEITUNG|KARDIO_MONITORING,1.0,38.5,9240,9240,8316,10164,5,2,2,8,1,1,Pflegefachkraft,0,0.0,-2265,24,22,3,4,0,3849,1,,,,,,0,,0,,3,3,2,1,1540,1,3,3,2,1,1347,1,2,1,2,0,962,0,ST-IK1,Normalstation Innere Medizin / Kardiologie,30,Innere Medizin und Kardiologie,10.0,22.0,06:00,14:00,450,,13:30,21:30,450,F,21:15,06:15,495,F|S,11,10,8,10,30,45,8,38.5,30,0.1,0,2.0.0,20261133
PK-018,2026-11-10,history,-20,Dienstag,2,46,0,0,,Pflegefachkraft,Pflegefachkraft,EXAM,0.5,19.25,4620,4620,4158,5082,5,2,2,8,1,1,Pflegefachkraft,0,0.0,-885,24,22,3,4,0,3849,1,,,,,F,0,,0,,3,3,2,1,1540,1,3,3,2,1,1347,1,2,1,2,0,962,0,ST-IK1,Normalstation Innere Medizin / Kardiologie,30,Innere Medizin und Kardiologie,10.0,22.0,06:00,14:00,450,,13:30,21:30,450,F,21:15,06:15,495,F|S,11,10,8,10,30,45,8,38.5,30,0.1,0,2.0.0,20261133
AZ-001,2026-11-11,history,-19,Mittwoch,3,46,0,0,,Auszubildende_r_3_Ausbildungsjahr,Auszubildende,AUSZUBILDEND,1.0,38.5,9240,9240,8316,10164,5,2,2,8,1,0,nicht anrechenbar,0,0.0,-9240,23,21,4,1,1,4296,1,,,,,,0,,0,,4,3,3,1,1718,1,3,3,2,1,1504,1,2,1,2,0,1074,0,ST-IK1,Normalstation Innere Medizin / Kardiologie,30,Innere Medizin und Kardiologie,10.0,22.0,06:00,14:00,450,,13:30,21:30,450,F,21:15,06:15,495,F|S,11,10,8,10,30,45,8,38.5,30,0.1,0,2.0.0,20261133
AZ-002,2026-11-11,history,-19,Mittwoch,3,46,0,0,,Auszubildende_r_2_Ausbildungsjahr,Auszubildende,AUSZUBILDEND,1.0,38.5,9240,9240,8316,10164,5,2,2,8,1,0,nicht anrechenbar,0,0.0,-9240,23,21,4,1,1,4296,1,,,,,,0,,0,,4,3,3,1,1718,1,3,3,2,1,1504,1,2,1,2,0,1074,0,ST-IK1,Normalstation Innere Medizin / Kardiologie,30,Innere Medizin und Kardiologie,10.0,22.0,06:00,14:00,450,,13:30,21:30,450,F,21:15,06:15,495,F|S,11,10,8,10,30,45,8,38.5,30,0.1,0,2.0.0,20261133
AZ-003,2026-11-11,history,-19,Mittwoch,3,46,0,0,,Auszubildende_r_1_Ausbildungsjahr,Auszubildende,AUSZUBILDEND,1.0,38.5,9240,9240,8316,10164,5,2,2,0,0,0,nicht anrechenbar,0,0.0,-6006,23,21,4,1,1,4296,1,,,,,,0,,0,,4,3,3,1,1718,1,3,3,2,1,1504,1,2,1,2,0,1074,0,ST-IK1,Normalstation Innere Medizin / Kardiologie,30,Innere Medizin und Kardiologie,10.0,22.0,06:00,14:00,450,,13:30,21:30,450,F,21:15,06:15,495,F|S,11,10,8,10,30,45,8,38.5,30,0.1,0,2.0.0,20261133
PH-001,2026-11-11,history,-19,Mittwoch,3,46,0,0,,Pflegehilfskraft,Pflegehilfskraft,PFLEGEHILFE,0.75,28.88,6931,6931,6238,7624,5,2,2,0,0,1,Pflegehilfskraft,0,0.0,-1530,23,21,4,1,1,4296,1,,,,,,0,,0,,4,3,3,1,1718,1,3,3,2,1,1504,1,2,1,2,0,1074,0,ST-IK1,Normalstation Innere Medizin / Kardiologie,30,Innere Medizin und Kardiologie,10.0,22.0,06:00,14:00,450,,13:30,21:30,450,F,21:15,06:15,495,F|S,11,10,8,10,30,45,8,38.5,30,0.1,0,2.0.0,20261133
PH-002,2026-11-11,history,-19,Mittwoch,3,46,0,0,,Pflegehilfskraft,Pflegehilfskraft,PFLEGEHILFE,0.5,19.25,4620,4620,4158,5082,5,2,2,0,0,1,Pflegehilfskraft,0,0.0,-1020,23,21,4,1,1,4296,1,,,,,,0,,0,,4,3,3,1,1718,1,3,3,2,1,1504,1,2,1,2,0,1074,0,ST-IK1,Normalstation Innere Medizin / Kardiologie,30,Innere Medizin und Kardiologie,10.0,22.0,06:00,14:00,450,,13:30,21:30,450,F,21:15,06:15,495,F|S,11,10,8,10,30,45,8,38.5,30,0.1,0,2.0.0,20261133
PK-001,2026-11-11,history,-19,Mittwoch,3,46,0,0,,Stationsleitung,Pflegefachkraft,EXAM|LEITUNG|PRAXISANLEITUNG,1.0,38.5,9240,4620,4158,5082,5,2,2,0,0,1,Pflegefachkraft,1,0.5,2130,23,21,4,1,1,4296,1,,,,,F,0,,0,,4,3,3,1,1718,1,3,3,2,1,1504,1,2,1,2,0,1074,0,ST-IK1,Normalstation Innere Medizin / Kardiologie,30,Innere Medizin und Kardiologie,10.0,22.0,06:00,14:00,450,,13:30,21:30,450,F,21:15,06:15,495,F|S,11,10,8,10,30,45,8,38.5,30,0.1,0,2.0.0,20261133
PK-002,2026-11-11,history,-19,Mittwoch,3,46,0,0,,Pflegefachkraft,Pflegefachkraft,EXAM|PRAXISANLEITUNG,0.8,30.8,7392,7392,6653,8131,5,2,2,8,1,1,Pflegefachkraft,0,0.0,-1857,23,21,4,1,1,4296,1,,,,,,0,,0,,4,3,3,1,1718,1,3,3,2,1,1504,1,2,1,2,0,1074,0,ST-IK1,Normalstation Innere Medizin / Kardiologie,30,Innere Medizin und Kardiologie,10.0,22.0,06:00,14:00,450,,13:30,21:30,450,F,21:15,06:15,495,F|S,11,10,8,10,30,45,8,38.5,30,0.1,0,2.0.0,20261133
PK-003,2026-11-11,history,-19,Mittwoch,3,46,0,0,,Pflegefachkraft,Pflegefachkraft,EXAM,0.8,30.8,7392,7392,6653,8131,5,2,2,8,1,1,Pflegefachkraft,0,0.0,-1902,23,21,4,1,1,4296,1,,,,,F,0,,0,,4,3,3,1,1718,1,3,3,2,1,1504,1,2,1,2,0,1074,0,ST-IK1,Normalstation Innere Medizin / Kardiologie,30,Innere Medizin und Kardiologie,10.0,22.0,06:00,14:00,450,,13:30,21:30,450,F,21:15,06:15,495,F|S,11,10,8,10,30,45,8,38.5,30,0.1,0,2.0.0,20261133
PK-004,2026-11-11,history,-19,Mittwoch,3,46,0,0,,Pflegefachkraft,Pflegefachkraft,EXAM,1.0,38.5,9240,9240,8316,10164,5,2,2,8,1,1,Pflegefachkraft,0,0.0,-2625,23,21,4,1,1,4296,1,,,,,S,0,,0,,4,3,3,1,1718,1,3,3,2,1,1504,1,2,1,2,0,1074,0,ST-IK1,Normalstation Innere Medizin / Kardiologie,30,Innere Medizin und Kardiologie,10.0,22.0,06:00,14:00,450,,13:30,21:30,450,F,21:15,06:15,495,F|S,11,10,8,10,30,45,8,38.5,30,0.1,0,2.0.0,20261133
PK-005,2026-11-11,history,-19,Mittwoch,3,46,0,0,,Pflegefachkraft,Pflegefachkraft,EXAM,1.0,38.5,9240,9240,8316,10164,5,2,2,8,1,1,Pflegefachkraft,0,0.0,-2625,23,21,4,1,1,4296,1,,,,,S,0,,0,,4,3,3,1,1718,1,3,3,2,1,1504,1,2,1,2,0,1074,0,ST-IK1,Normalstation Innere Medizin / Kardiologie,30,Innere Medizin und Kardiologie,10.0,22.0,06:00,14:00,450,,13:30,21:30,450,F,21:15,06:15,495,F|S,11,10,8,10,30,45,8,38.5,30,0.1,0,2.0.0,20261133
PK-006,2026-11-11,history,-19,Mittwoch,3,46,0,0,,Pflegefachkraft,Pflegefachkraft,EXAM|PRAXISANLEITUNG|KARDIO_MONITORING,1.0,38.5,9240,9240,8316,10164,5,2,2,8,1,1,Pflegefachkraft,0,0.0,1104,23,21,4,1,1,4296,1,,,,,N,0,,0,,4,3,3,1,1718,1,3,3,2,1,1504,1,2,1,2,0,1074,0,ST-IK1,Normalstation Innere Medizin / Kardiologie,30,Innere Medizin und Kardiologie,10.0,22.0,06:00,14:00,450,,13:30,21:30,450,F,21:15,06:15,495,F|S,11,10,8,10,30,45,8,38.5,30,0.1,0,2.0.0,20261133
PK-007,2026-11-11,history,-19,Mittwoch,3,46,0,0,,Pflegefachkraft,Pflegefachkraft,EXAM,0.75,28.88,6931,6931,6238,7624,5,2,2,8,1,1,Pflegefachkraft,0,0.0,-1800,23,21,4,1,1,4296,1,,,,,,0,,0,,4,3,3,1,1718,1,3,3,2,1,1504,1,2,1,2,0,1074,0,ST-IK1,Normalstation Innere Medizin / Kardiologie,30,Innere Medizin und Kardiologie,10.0,22.0,06:00,14:00,450,,13:30,21:30,450,F,21:15,06:15,495,F|S,11,10,8,10,30,45,8,38.5,30,0.1,0,2.0.0,20261133
PK-008,2026-11-11,history,-19,Mittwoch,3,46,0,0,,Pflegefachkraft,Pflegefachkraft,EXAM|PRAXISANLEITUNG,0.6,23.1,5544,5544,4990,6098,5,2,2,8,1,1,Pflegefachkraft,0,0.0,-1449,23,21,4,1,1,4296,1,,,,,S,0,,0,,4,3,3,1,1718,1,3,3,2,1,1504,1,2,1,2,0,1074,0,ST-IK1,Normalstation Innere Medizin / Kardiologie,30,Innere Medizin und Kardiologie,10.0,22.0,06:00,14:00,450,,13:30,21:30,450,F,21:15,06:15,495,F|S,11,10,8,10,30,45,8,38.5,30,0.1,0,2.0.0,20261133
PK-009,2026-11-11,history,-19,Mittwoch,3,46,0,0,,Pflegefachkraft,Pflegefachkraft,EXAM|KARDIO_MONITORING,0.6,23.1,5544,5544,4990,6098,5,2,2,8,1,1,Pflegefachkraft,0,0.0,-1494,23,21,4,1,1,4296,1,,,,,,0,,0,,4,3,3,1,1718,1,3,3,2,1,1504,1,2,1,2,0,1074,0,ST-IK1,Normalstation Innere Medizin / Kardiologie,30,Innere Medizin und Kardiologie,10.0,22.0,06:00,14:00,450,,13:30,21:30,450,F,21:15,06:15,495,F|S,11,10,8,10,30,45,8,38.5,30,0.1,0,2.0.0,20261133
PK-010,2026-11-11,history,-19,Mittwoch,3,46,0,0,,Pflegefachkraft,Pflegefachkraft,EXAM|KARDIO_MONITORING,0.9,34.65,8316,8316,7484,9148,5,2,2,8,1,1,Pflegefachkraft,0,0.0,-1971,23,21,4,1,1,4296,1,,,,,,0,,0,,4,3,3,1,1718,1,3,3,2,1,1504,1,2,1,2,0,1074,0,ST-IK1,Normalstation Innere Medizin / Kardiologie,30,Innere Medizin und Kardiologie,10.0,22.0,06:00,14:00,450,,13:30,21:30,450,F,21:15,06:15,495,F|S,11,10,8,10,30,45,8,38.5,30,0.1,0,2.0.0,20261133
PK-011,2026-11-11,history,-19,Mittwoch,3,46,0,0,,Pflegefachkraft,Pflegefachkraft,EXAM|PRAXISANLEITUNG,0.5,19.25,4620,4620,4158,5082,5,2,2,8,1,1,Pflegefachkraft,0,0.0,-885,23,21,4,1,1,4296,1,,,,,,0,,0,,4,3,3,1,1718,1,3,3,2,1,1504,1,2,1,2,0,1074,0,ST-IK1,Normalstation Innere Medizin / Kardiologie,30,Innere Medizin und Kardiologie,10.0,22.0,06:00,14:00,450,,13:30,21:30,450,F,21:15,06:15,495,F|S,11,10,8,10,30,45,8,38.5,30,0.1,0,2.0.0,20261133
PK-012,2026-11-11,history,-19,Mittwoch,3,46,0,0,,Pflegefachkraft,Pflegefachkraft,EXAM|KARDIO_MONITORING,0.75,28.88,6931,6931,6238,7624,5,2,2,8,1,1,Pflegefachkraft,0,0.0,-1845,23,21,4,1,1,4296,1,,,,,,0,,0,,4,3,3,1,1718,1,3,3,2,1,1504,1,2,1,2,0,1074,0,ST-IK1,Normalstation Innere Medizin / Kardiologie,30,Innere Medizin und Kardiologie,10.0,22.0,06:00,14:00,450,,13:30,21:30,450,F,21:15,06:15,495,F|S,11,10,8,10,30,45,8,38.5,30,0.1,0,2.0.0,20261133
PK-013,2026-11-11,history,-19,Mittwoch,3,46,0,0,,Pflegefachkraft,Pflegefachkraft,EXAM,1.0,38.5,9240,9240,8316,10164,5,2,2,8,1,1,Pflegefachkraft,0,0.0,-2445,23,21,4,1,1,4296,1,,,,,,0,,0,,4,3,3,1,1718,1,3,3,2,1,1504,1,2,1,2,0,1074,0,ST-IK1,Normalstation Innere Medizin / Kardiologie,30,Innere Medizin und Kardiologie,10.0,22.0,06:00,14:00,450,,13:30,21:30,450,F,21:15,06:15,495,F|S,11,10,8,10,30,45,8,38.5,30,0.1,0,2.0.0,20261133
PK-014,2026-11-11,history,-19,Mittwoch,3,46,0,0,,Pflegefachkraft,Pflegefachkraft,EXAM|PRAXISANLEITUNG,0.75,28.88,6931,6931,6238,7624,5,2,2,8,1,1,Pflegefachkraft,0,0.0,-1440,23,21,4,1,1,4296,1,,,,,,0,,0,,4,3,3,1,1718,1,3,3,2,1,1504,1,2,1,2,0,1074,0,ST-IK1,Normalstation Innere Medizin / Kardiologie,30,Innere Medizin und Kardiologie,10.0,22.0,06:00,14:00,450,,13:30,21:30,450,F,21:15,06:15,495,F|S,11,10,8,10,30,45,8,38.5,30,0.1,0,2.0.0,20261133
PK-015,2026-11-11,history,-19,Mittwoch,3,46,0,0,,Pflegefachkraft,Pflegefachkraft,EXAM|KARDIO_MONITORING,0.8,30.8,7392,7392,6653,8131,5,2,2,8,1,1,Pflegefachkraft,0,0.0,-1992,23,21,4,1,1,4296,1,,,,,F,0,,0,,4,3,3,1,1718,1,3,3,2,1,1504,1,2,1,2,0,1074,0,ST-IK1,Normalstation Innere Medizin / Kardiologie,30,Innere Medizin und Kardiologie,10.0,22.0,06:00,14:00,450,,13:30,21:30,450,F,21:15,06:15,495,F|S,11,10,8,10,30,45,8,38.5,30,0.1,0,2.0.0,20261133
PK-016,2026-11-11,history,-19,Mittwoch,3,46,0,0,,Pflegefachkraft,Pflegefachkraft,EXAM|KARDIO_MONITORING,0.7,26.95,6468,6468,5821,7115,5,2,2,8,1,1,Pflegefachkraft,0,0.0,566,23,21,4,1,1,4296,1,,,,,N,0,,0,,4,3,3,1,1718,1,3,3,2,1,1504,1,2,1,2,0,1074,0,ST-IK1,Normalstation Innere Medizin / Kardiologie,30,Innere Medizin und Kardiologie,10.0,22.0,06:00,14:00,450,,13:30,21:30,450,F,21:15,06:15,495,F|S,11,10,8,10,30,45,8,38.5,30,0.1,0,2.0.0,20261133
PK-017,2026-11-11,history,-19,Mittwoch,3,46,0,0,,Pflegefachkraft,Pflegefachkraft,EXAM|PRAXISANLEITUNG|KARDIO_MONITORING,1.0,38.5,9240,9240,8316,10164,5,2,2,8,1,1,Pflegefachkraft,0,0.0,-2265,23,21,4,1,1,4296,1,,,,,F,0,,0,,4,3,3,1,1718,1,3,3,2,1,1504,1,2,1,2,0,1074,0,ST-IK1,Normalstation Innere Medizin / Kardiologie,30,Innere Medizin und Kardiologie,10.0,22.0,06:00,14:00,450,,13:30,21:30,450,F,21:15,06:15,495,F|S,11,10,8,10,30,45,8,38.5,30,0.1,0,2.0.0,20261133
PK-018,2026-11-11,history,-19,Mittwoch,3,46,0,0,,Pflegefachkraft,Pflegefachkraft,EXAM,0.5,19.25,4620,4620,4158,5082,5,2,2,8,1,1,Pflegefachkraft,0,0.0,-885,23,21,4,1,1,4296,1,,,,,,0,,0,,4,3,3,1,1718,1,3,3,2,1,1504,1,2,1,2,0,1074,0,ST-IK1,Normalstation Innere Medizin / Kardiologie,30,Innere Medizin und Kardiologie,10.0,22.0,06:00,14:00,450,,13:30,21:30,450,F,21:15,06:15,495,F|S,11,10,8,10,30,45,8,38.5,30,0.1,0,2.0.0,20261133
AZ-001,2026-11-12,history,-18,Donnerstag,4,46,0,0,,Auszubildende_r_3_Ausbildungsjahr,Auszubildende,AUSZUBILDEND,1.0,38.5,9240,9240,8316,10164,5,2,2,8,1,0,nicht anrechenbar,0,0.0,-9240,23,22,4,2,3,4638,1,,,,,,0,,0,,4,3,3,1,1855,1,4,3,3,1,1623,1,2,1,2,0,1160,0,ST-IK1,Normalstation Innere Medizin / Kardiologie,30,Innere Medizin und Kardiologie,10.0,22.0,06:00,14:00,450,,13:30,21:30,450,F,21:15,06:15,495,F|S,11,10,8,10,30,45,8,38.5,30,0.1,0,2.0.0,20261133
AZ-002,2026-11-12,history,-18,Donnerstag,4,46,0,0,,Auszubildende_r_2_Ausbildungsjahr,Auszubildende,AUSZUBILDEND,1.0,38.5,9240,9240,8316,10164,5,2,2,8,1,0,nicht anrechenbar,0,0.0,-9240,23,22,4,2,3,4638,1,,,,,,0,,0,,4,3,3,1,1855,1,4,3,3,1,1623,1,2,1,2,0,1160,0,ST-IK1,Normalstation Innere Medizin / Kardiologie,30,Innere Medizin und Kardiologie,10.0,22.0,06:00,14:00,450,,13:30,21:30,450,F,21:15,06:15,495,F|S,11,10,8,10,30,45,8,38.5,30,0.1,0,2.0.0,20261133
AZ-003,2026-11-12,history,-18,Donnerstag,4,46,0,0,,Auszubildende_r_1_Ausbildungsjahr,Auszubildende,AUSZUBILDEND,1.0,38.5,9240,9240,8316,10164,5,2,2,0,0,0,nicht anrechenbar,0,0.0,-6006,23,22,4,2,3,4638,1,,,,,,0,,0,,4,3,3,1,1855,1,4,3,3,1,1623,1,2,1,2,0,1160,0,ST-IK1,Normalstation Innere Medizin / Kardiologie,30,Innere Medizin und Kardiologie,10.0,22.0,06:00,14:00,450,,13:30,21:30,450,F,21:15,06:15,495,F|S,11,10,8,10,30,45,8,38.5,30,0.1,0,2.0.0,20261133
PH-001,2026-11-12,history,-18,Donnerstag,4,46,0,0,,Pflegehilfskraft,Pflegehilfskraft,PFLEGEHILFE,0.75,28.88,6931,6931,6238,7624,5,2,2,0,0,1,Pflegehilfskraft,0,0.0,-1530,23,22,4,2,3,4638,1,,,,,F,0,,0,,4,3,3,1,1855,1,4,3,3,1,1623,1,2,1,2,0,1160,0,ST-IK1,Normalstation Innere Medizin / Kardiologie,30,Innere Medizin und Kardiologie,10.0,22.0,06:00,14:00,450,,13:30,21:30,450,F,21:15,06:15,495,F|S,11,10,8,10,30,45,8,38.5,30,0.1,0,2.0.0,20261133
PH-002,2026-11-12,history,-18,Donnerstag,4,46,0,0,,Pflegehilfskraft,Pflegehilfskraft,PFLEGEHILFE,0.5,19.25,4620,4620,4158,5082,5,2,2,0,0,1,Pflegehilfskraft,0,0.0,-1020,23,22,4,2,3,4638,1,,,,,S,0,,0,,4,3,3,1,1855,1,4,3,3,1,1623,1,2,1,2,0,1160,0,ST-IK1,Normalstation Innere Medizin / Kardiologie,30,Innere Medizin und Kardiologie,10.0,22.0,06:00,14:00,450,,13:30,21:30,450,F,21:15,06:15,495,F|S,11,10,8,10,30,45,8,38.5,30,0.1,0,2.0.0,20261133
PK-001,2026-11-12,history,-18,Donnerstag,4,46,0,0,,Stationsleitung,Pflegefachkraft,EXAM|LEITUNG|PRAXISANLEITUNG,1.0,38.5,9240,4620,4158,5082,5,2,2,0,0,1,Pflegefachkraft,1,0.5,2130,23,22,4,2,3,4638,1,,,,,,0,,0,,4,3,3,1,1855,1,4,3,3,1,1623,1,2,1,2,0,1160,0,ST-IK1,Normalstation Innere Medizin / Kardiologie,30,Innere Medizin und Kardiologie,10.0,22.0,06:00,14:00,450,,13:30,21:30,450,F,21:15,06:15,495,F|S,11,10,8,10,30,45,8,38.5,30,0.1,0,2.0.0,20261133
PK-002,2026-11-12,history,-18,Donnerstag,4,46,0,0,,Pflegefachkraft,Pflegefachkraft,EXAM|PRAXISANLEITUNG,0.8,30.8,7392,7392,6653,8131,5,2,2,8,1,1,Pflegefachkraft,0,0.0,-1857,23,22,4,2,3,4638,1,,,,,F,0,,0,,4,3,3,1,1855,1,4,3,3,1,1623,1,2,1,2,0,1160,0,ST-IK1,Normalstation Innere Medizin / Kardiologie,30,Innere Medizin und Kardiologie,10.0,22.0,06:00,14:00,450,,13:30,21:30,450,F,21:15,06:15,495,F|S,11,10,8,10,30,45,8,38.5,30,0.1,0,2.0.0,20261133
PK-003,2026-11-12,history,-18,Donnerstag,4,46,0,0,,Pflegefachkraft,Pflegefachkraft,EXAM,0.8,30.8,7392,7392,6653,8131,5,2,2,8,1,1,Pflegefachkraft,0,0.0,-1902,23,22,4,2,3,4638,1,,,,,,0,,0,,4,3,3,1,1855,1,4,3,3,1,1623,1,2,1,2,0,1160,0,ST-IK1,Normalstation Innere Medizin / Kardiologie,30,Innere Medizin und Kardiologie,10.0,22.0,06:00,14:00,450,,13:30,21:30,450,F,21:15,06:15,495,F|S,11,10,8,10,30,45,8,38.5,30,0.1,0,2.0.0,20261133
PK-004,2026-11-12,history,-18,Donnerstag,4,46,0,0,,Pflegefachkraft,Pflegefachkraft,EXAM,1.0,38.5,9240,9240,8316,10164,5,2,2,8,1,1,Pflegefachkraft,0,0.0,-2625,23,22,4,2,3,4638,1,,,,,,0,,0,,4,3,3,1,1855,1,4,3,3,1,1623,1,2,1,2,0,1160,0,ST-IK1,Normalstation Innere Medizin / Kardiologie,30,Innere Medizin und Kardiologie,10.0,22.0,06:00,14:00,450,,13:30,21:30,450,F,21:15,06:15,495,F|S,11,10,8,10,30,45,8,38.5,30,0.1,0,2.0.0,20261133
PK-005,2026-11-12,history,-18,Donnerstag,4,46,0,0,,Pflegefachkraft,Pflegefachkraft,EXAM,1.0,38.5,9240,9240,8316,10164,5,2,2,8,1,1,Pflegefachkraft,0,0.0,-2625,23,22,4,2,3,4638,1,,,,,,0,,0,,4,3,3,1,1855,1,4,3,3,1,1623,1,2,1,2,0,1160,0,ST-IK1,Normalstation Innere Medizin / Kardiologie,30,Innere Medizin und Kardiologie,10.0,22.0,06:00,14:00,450,,13:30,21:30,450,F,21:15,06:15,495,F|S,11,10,8,10,30,45,8,38.5,30,0.1,0,2.0.0,20261133
PK-006,2026-11-12,history,-18,Donnerstag,4,46,0,0,,Pflegefachkraft,Pflegefachkraft,EXAM|PRAXISANLEITUNG|KARDIO_MONITORING,1.0,38.5,9240,9240,8316,10164,5,2,2,8,1,1,Pflegefachkraft,0,0.0,1104,23,22,4,2,3,4638,1,,,,,N,0,,0,,4,3,3,1,1855,1,4,3,3,1,1623,1,2,1,2,0,1160,0,ST-IK1,Normalstation Innere Medizin / Kardiologie,30,Innere Medizin und Kardiologie,10.0,22.0,06:00,14:00,450,,13:30,21:30,450,F,21:15,06:15,495,F|S,11,10,8,10,30,45,8,38.5,30,0.1,0,2.0.0,20261133
PK-007,2026-11-12,history,-18,Donnerstag,4,46,0,0,,Pflegefachkraft,Pflegefachkraft,EXAM,0.75,28.88,6931,6931,6238,7624,5,2,2,8,1,1,Pflegefachkraft,0,0.0,-1800,23,22,4,2,3,4638,1,,,,,S,0,,0,,4,3,3,1,1855,1,4,3,3,1,1623,1,2,1,2,0,1160,0,ST-IK1,Normalstation Innere Medizin / Kardiologie,30,Innere Medizin und Kardiologie,10.0,22.0,06:00,14:00,450,,13:30,21:30,450,F,21:15,06:15,495,F|S,11,10,8,10,30,45,8,38.5,30,0.1,0,2.0.0,20261133
PK-008,2026-11-12,history,-18,Donnerstag,4,46,0,0,,Pflegefachkraft,Pflegefachkraft,EXAM|PRAXISANLEITUNG,0.6,23.1,5544,5544,4990,6098,5,2,2,8,1,1,Pflegefachkraft,0,0.0,-1449,23,22,4,2,3,4638,1,,,,,,0,,0,,4,3,3,1,1855,1,4,3,3,1,1623,1,2,1,2,0,1160,0,ST-IK1,Normalstation Innere Medizin / Kardiologie,30,Innere Medizin und Kardiologie,10.0,22.0,06:00,14:00,450,,13:30,21:30,450,F,21:15,06:15,495,F|S,11,10,8,10,30,45,8,38.5,30,0.1,0,2.0.0,20261133
PK-009,2026-11-12,history,-18,Donnerstag,4,46,0,0,,Pflegefachkraft,Pflegefachkraft,EXAM|KARDIO_MONITORING,0.6,23.1,5544,5544,4990,6098,5,2,2,8,1,1,Pflegefachkraft,0,0.0,-1494,23,22,4,2,3,4638,1,,,,,,0,,0,,4,3,3,1,1855,1,4,3,3,1,1623,1,2,1,2,0,1160,0,ST-IK1,Normalstation Innere Medizin / Kardiologie,30,Innere Medizin und Kardiologie,10.0,22.0,06:00,14:00,450,,13:30,21:30,450,F,21:15,06:15,495,F|S,11,10,8,10,30,45,8,38.5,30,0.1,0,2.0.0,20261133
PK-010,2026-11-12,history,-18,Donnerstag,4,46,0,0,,Pflegefachkraft,Pflegefachkraft,EXAM|KARDIO_MONITORING,0.9,34.65,8316,8316,7484,9148,5,2,2,8,1,1,Pflegefachkraft,0,0.0,-1971,23,22,4,2,3,4638,1,,,,,S,0,,0,,4,3,3,1,1855,1,4,3,3,1,1623,1,2,1,2,0,1160,0,ST-IK1,Normalstation Innere Medizin / Kardiologie,30,Innere Medizin und Kardiologie,10.0,22.0,06:00,14:00,450,,13:30,21:30,450,F,21:15,06:15,495,F|S,11,10,8,10,30,45,8,38.5,30,0.1,0,2.0.0,20261133
PK-011,2026-11-12,history,-18,Donnerstag,4,46,0,0,,Pflegefachkraft,Pflegefachkraft,EXAM|PRAXISANLEITUNG,0.5,19.25,4620,4620,4158,5082,5,2,2,8,1,1,Pflegefachkraft,0,0.0,-885,23,22,4,2,3,4638,1,,,,,,0,,0,,4,3,3,1,1855,1,4,3,3,1,1623,1,2,1,2,0,1160,0,ST-IK1,Normalstation Innere Medizin / Kardiologie,30,Innere Medizin und Kardiologie,10.0,22.0,06:00,14:00,450,,13:30,21:30,450,F,21:15,06:15,495,F|S,11,10,8,10,30,45,8,38.5,30,0.1,0,2.0.0,20261133
PK-012,2026-11-12,history,-18,Donnerstag,4,46,0,0,,Pflegefachkraft,Pflegefachkraft,EXAM|KARDIO_MONITORING,0.75,28.88,6931,6931,6238,7624,5,2,2,8,1,1,Pflegefachkraft,0,0.0,-1845,23,22,4,2,3,4638,1,,,,,S,0,,0,,4,3,3,1,1855,1,4,3,3,1,1623,1,2,1,2,0,1160,0,ST-IK1,Normalstation Innere Medizin / Kardiologie,30,Innere Medizin und Kardiologie,10.0,22.0,06:00,14:00,450,,13:30,21:30,450,F,21:15,06:15,495,F|S,11,10,8,10,30,45,8,38.5,30,0.1,0,2.0.0,20261133
PK-013,2026-11-12,history,-18,Donnerstag,4,46,0,0,,Pflegefachkraft,Pflegefachkraft,EXAM,1.0,38.5,9240,9240,8316,10164,5,2,2,8,1,1,Pflegefachkraft,0,0.0,-2445,23,22,4,2,3,4638,1,,,,,,0,,0,,4,3,3,1,1855,1,4,3,3,1,1623,1,2,1,2,0,1160,0,ST-IK1,Normalstation Innere Medizin / Kardiologie,30,Innere Medizin und Kardiologie,10.0,22.0,06:00,14:00,450,,13:30,21:30,450,F,21:15,06:15,495,F|S,11,10,8,10,30,45,8,38.5,30,0.1,0,2.0.0,20261133
PK-014,2026-11-12,history,-18,Donnerstag,4,46,0,0,,Pflegefachkraft,Pflegefachkraft,EXAM|PRAXISANLEITUNG,0.75,28.88,6931,6931,6238,7624,5,2,2,8,1,1,Pflegefachkraft,0,0.0,-1440,23,22,4,2,3,4638,1,,,,,F,0,,0,,4,3,3,1,1855,1,4,3,3,1,1623,1,2,1,2,0,1160,0,ST-IK1,Normalstation Innere Medizin / Kardiologie,30,Innere Medizin und Kardiologie,10.0,22.0,06:00,14:00,450,,13:30,21:30,450,F,21:15,06:15,495,F|S,11,10,8,10,30,45,8,38.5,30,0.1,0,2.0.0,20261133
PK-015,2026-11-12,history,-18,Donnerstag,4,46,0,0,,Pflegefachkraft,Pflegefachkraft,EXAM|KARDIO_MONITORING,0.8,30.8,7392,7392,6653,8131,5,2,2,8,1,1,Pflegefachkraft,0,0.0,-1992,23,22,4,2,3,4638,1,,,,,,0,,0,,4,3,3,1,1855,1,4,3,3,1,1623,1,2,1,2,0,1160,0,ST-IK1,Normalstation Innere Medizin / Kardiologie,30,Innere Medizin und Kardiologie,10.0,22.0,06:00,14:00,450,,13:30,21:30,450,F,21:15,06:15,495,F|S,11,10,8,10,30,45,8,38.5,30,0.1,0,2.0.0,20261133
PK-016,2026-11-12,history,-18,Donnerstag,4,46,0,0,,Pflegefachkraft,Pflegefachkraft,EXAM|KARDIO_MONITORING,0.7,26.95,6468,6468,5821,7115,5,2,2,8,1,1,Pflegefachkraft,0,0.0,566,23,22,4,2,3,4638,1,,,,,N,0,,0,,4,3,3,1,1855,1,4,3,3,1,1623,1,2,1,2,0,1160,0,ST-IK1,Normalstation Innere Medizin / Kardiologie,30,Innere Medizin und Kardiologie,10.0,22.0,06:00,14:00,450,,13:30,21:30,450,F,21:15,06:15,495,F|S,11,10,8,10,30,45,8,38.5,30,0.1,0,2.0.0,20261133
PK-017,2026-11-12,history,-18,Donnerstag,4,46,0,0,,Pflegefachkraft,Pflegefachkraft,EXAM|PRAXISANLEITUNG|KARDIO_MONITORING,1.0,38.5,9240,9240,8316,10164,5,2,2,8,1,1,Pflegefachkraft,0,0.0,-2265,23,22,4,2,3,4638,1,,,,,F,0,,0,,4,3,3,1,1855,1,4,3,3,1,1623,1,2,1,2,0,1160,0,ST-IK1,Normalstation Innere Medizin / Kardiologie,30,Innere Medizin und Kardiologie,10.0,22.0,06:00,14:00,450,,13:30,21:30,450,F,21:15,06:15,495,F|S,11,10,8,10,30,45,8,38.5,30,0.1,0,2.0.0,20261133
PK-018,2026-11-12,history,-18,Donnerstag,4,46,0,0,,Pflegefachkraft,Pflegefachkraft,EXAM,0.5,19.25,4620,4620,4158,5082,5,2,2,8,1,1,Pflegefachkraft,0,0.0,-885,23,22,4,2,3,4638,1,,,,,,0,,0,,4,3,3,1,1855,1,4,3,3,1,1623,1,2,1,2,0,1160,0,ST-IK1,Normalstation Innere Medizin / Kardiologie,30,Innere Medizin und Kardiologie,10.0,22.0,06:00,14:00,450,,13:30,21:30,450,F,21:15,06:15,495,F|S,11,10,8,10,30,45,8,38.5,30,0.1,0,2.0.0,20261133
AZ-001,2026-11-13,history,-17,Freitag,5,46,0,0,,Auszubildende_r_3_Ausbildungsjahr,Auszubildende,AUSZUBILDEND,1.0,38.5,9240,9240,8316,10164,5,2,2,8,1,0,nicht anrechenbar,0,0.0,-9240,22,22,2,2,0,3437,1,,,,,,0,,0,,3,3,2,1,1375,1,3,3,2,1,1203,1,2,1,2,0,859,0,ST-IK1,Normalstation Innere Medizin / Kardiologie,30,Innere Medizin und Kardiologie,10.0,22.0,06:00,14:00,450,,13:30,21:30,450,F,21:15,06:15,495,F|S,11,10,8,10,30,45,8,38.5,30,0.1,0,2.0.0,20261133
AZ-002,2026-11-13,history,-17,Freitag,5,46,0,0,,Auszubildende_r_2_Ausbildungsjahr,Auszubildende,AUSZUBILDEND,1.0,38.5,9240,9240,8316,10164,5,2,2,8,1,0,nicht anrechenbar,0,0.0,-9240,22,22,2,2,0,3437,1,,,,,,0,,0,,3,3,2,1,1375,1,3,3,2,1,1203,1,2,1,2,0,859,0,ST-IK1,Normalstation Innere Medizin / Kardiologie,30,Innere Medizin und Kardiologie,10.0,22.0,06:00,14:00,450,,13:30,21:30,450,F,21:15,06:15,495,F|S,11,10,8,10,30,45,8,38.5,30,0.1,0,2.0.0,20261133
AZ-003,2026-11-13,history,-17,Freitag,5,46,0,0,,Auszubildende_r_1_Ausbildungsjahr,Auszubildende,AUSZUBILDEND,1.0,38.5,9240,9240,8316,10164,5,2,2,0,0,0,nicht anrechenbar,0,0.0,-6006,22,22,2,2,0,3437,1,,,,,,0,,0,,3,3,2,1,1375,1,3,3,2,1,1203,1,2,1,2,0,859,0,ST-IK1,Normalstation Innere Medizin / Kardiologie,30,Innere Medizin und Kardiologie,10.0,22.0,06:00,14:00,450,,13:30,21:30,450,F,21:15,06:15,495,F|S,11,10,8,10,30,45,8,38.5,30,0.1,0,2.0.0,20261133
PH-001,2026-11-13,history,-17,Freitag,5,46,0,0,,Pflegehilfskraft,Pflegehilfskraft,PFLEGEHILFE,0.75,28.88,6931,6931,6238,7624,5,2,2,0,0,1,Pflegehilfskraft,0,0.0,-1530,22,22,2,2,0,3437,1,,,,,,0,,0,,3,3,2,1,1375,1,3,3,2,1,1203,1,2,1,2,0,859,0,ST-IK1,Normalstation Innere Medizin / Kardiologie,30,Innere Medizin und Kardiologie,10.0,22.0,06:00,14:00,450,,13:30,21:30,450,F,21:15,06:15,495,F|S,11,10,8,10,30,45,8,38.5,30,0.1,0,2.0.0,20261133
PH-002,2026-11-13,history,-17,Freitag,5,46,0,0,,Pflegehilfskraft,Pflegehilfskraft,PFLEGEHILFE,0.5,19.25,4620,4620,4158,5082,5,2,2,0,0,1,Pflegehilfskraft,0,0.0,-1020,22,22,2,2,0,3437,1,,,,,,0,,0,,3,3,2,1,1375,1,3,3,2,1,1203,1,2,1,2,0,859,0,ST-IK1,Normalstation Innere Medizin / Kardiologie,30,Innere Medizin und Kardiologie,10.0,22.0,06:00,14:00,450,,13:30,21:30,450,F,21:15,06:15,495,F|S,11,10,8,10,30,45,8,38.5,30,0.1,0,2.0.0,20261133
PK-001,2026-11-13,history,-17,Freitag,5,46,0,0,,Stationsleitung,Pflegefachkraft,EXAM|LEITUNG|PRAXISANLEITUNG,1.0,38.5,9240,4620,4158,5082,5,2,2,0,0,1,Pflegefachkraft,1,0.5,2130,22,22,2,2,0,3437,1,,,,,F,0,,0,,3,3,2,1,1375,1,3,3,2,1,1203,1,2,1,2,0,859,0,ST-IK1,Normalstation Innere Medizin / Kardiologie,30,Innere Medizin und Kardiologie,10.0,22.0,06:00,14:00,450,,13:30,21:30,450,F,21:15,06:15,495,F|S,11,10,8,10,30,45,8,38.5,30,0.1,0,2.0.0,20261133
PK-002,2026-11-13,history,-17,Freitag,5,46,0,0,,Pflegefachkraft,Pflegefachkraft,EXAM|PRAXISANLEITUNG,0.8,30.8,7392,7392,6653,8131,5,2,2,8,1,1,Pflegefachkraft,0,0.0,-1857,22,22,2,2,0,3437,1,,,,,,0,,0,,3,3,2,1,1375,1,3,3,2,1,1203,1,2,1,2,0,859,0,ST-IK1,Normalstation Innere Medizin / Kardiologie,30,Innere Medizin und Kardiologie,10.0,22.0,06:00,14:00,450,,13:30,21:30,450,F,21:15,06:15,495,F|S,11,10,8,10,30,45,8,38.5,30,0.1,0,2.0.0,20261133
PK-003,2026-11-13,history,-17,Freitag,5,46,0,0,,Pflegefachkraft,Pflegefachkraft,EXAM,0.8,30.8,7392,7392,6653,8131,5,2,2,8,1,1,Pflegefachkraft,0,0.0,-1902,22,22,2,2,0,3437,1,,,,,,0,,0,,3,3,2,1,1375,1,3,3,2,1,1203,1,2,1,2,0,859,0,ST-IK1,Normalstation Innere Medizin / Kardiologie,30,Innere Medizin und Kardiologie,10.0,22.0,06:00,14:00,450,,13:30,21:30,450,F,21:15,06:15,495,F|S,11,10,8,10,30,45,8,38.5,30,0.1,0,2.0.0,20261133
PK-004,2026-11-13,history,-17,Freitag,5,46,0,0,,Pflegefachkraft,Pflegefachkraft,EXAM,1.0,38.5,9240,9240,8316,10164,5,2,2,8,1,1,Pflegefachkraft,0,0.0,-2625,22,22,2,2,0,3437,1,,,,,S,0,,0,,3,3,2,1,1375,1,3,3,2,1,1203,1,2,1,2,0,859,0,ST-IK1,Normalstation Innere Medizin / Kardiologie,30,Innere Medizin und Kardiologie,10.0,22.0,06:00,14:00,450,,13:30,21:30,450,F,21:15,06:15,495,F|S,11,10,8,10,30,45,8,38.5,30,0.1,0,2.0.0,20261133
PK-005,2026-11-13,history,-17,Freitag,5,46,0,0,,Pflegefachkraft,Pflegefachkraft,EXAM,1.0,38.5,9240,9240,8316,10164,5,2,2,8,1,1,Pflegefachkraft,0,0.0,-2625,22,22,2,2,0,3437,1,,,,,S,0,,0,,3,3,2,1,1375,1,3,3,2,1,1203,1,2,1,2,0,859,0,ST-IK1,Normalstation Innere Medizin / Kardiologie,30,Innere Medizin und Kardiologie,10.0,22.0,06:00,14:00,450,,13:30,21:30,450,F,21:15,06:15,495,F|S,11,10,8,10,30,45,8,38.5,30,0.1,0,2.0.0,20261133
PK-006,2026-11-13,history,-17,Freitag,5,46,0,0,,Pflegefachkraft,Pflegefachkraft,EXAM|PRAXISANLEITUNG|KARDIO_MONITORING,1.0,38.5,9240,9240,8316,10164,5,2,2,8,1,1,Pflegefachkraft,0,0.0,1104,22,22,2,2,0,3437,1,,,,,N,0,,0,,3,3,2,1,1375,1,3,3,2,1,1203,1,2,1,2,0,859,0,ST-IK1,Normalstation Innere Medizin / Kardiologie,30,Innere Medizin und Kardiologie,10.0,22.0,06:00,14:00,450,,13:30,21:30,450,F,21:15,06:15,495,F|S,11,10,8,10,30,45,8,38.5,30,0.1,0,2.0.0,20261133
PK-007,2026-11-13,history,-17,Freitag,5,46,0,0,,Pflegefachkraft,Pflegefachkraft,EXAM,0.75,28.88,6931,6931,6238,7624,5,2,2,8,1,1,Pflegefachkraft,0,0.0,-1800,22,22,2,2,0,3437,1,,,,,,0,,0,,3,3,2,1,1375,1,3,3,2,1,1203,1,2,1,2,0,859,0,ST-IK1,Normalstation Innere Medizin / Kardiologie,30,Innere Medizin und Kardiologie,10.0,22.0,06:00,14:00,450,,13:30,21:30,450,F,21:15,06:15,495,F|S,11,10,8,10,30,45,8,38.5,30,0.1,0,2.0.0,20261133
PK-008,2026-11-13,history,-17,Freitag,5,46,0,0,,Pflegefachkraft,Pflegefachkraft,EXAM|PRAXISANLEITUNG,0.6,23.1,5544,5544,4990,6098,5,2,2,8,1,1,Pflegefachkraft,0,0.0,-1449,22,22,2,2,0,3437,1,,,,,,0,,0,,3,3,2,1,1375,1,3,3,2,1,1203,1,2,1,2,0,859,0,ST-IK1,Normalstation Innere Medizin / Kardiologie,30,Innere Medizin und Kardiologie,10.0,22.0,06:00,14:00,450,,13:30,21:30,450,F,21:15,06:15,495,F|S,11,10,8,10,30,45,8,38.5,30,0.1,0,2.0.0,20261133
PK-009,2026-11-13,history,-17,Freitag,5,46,0,0,,Pflegefachkraft,Pflegefachkraft,EXAM|KARDIO_MONITORING,0.6,23.1,5544,5544,4990,6098,5,2,2,8,1,1,Pflegefachkraft,0,0.0,-1494,22,22,2,2,0,3437,1,,,,,,0,,0,,3,3,2,1,1375,1,3,3,2,1,1203,1,2,1,2,0,859,0,ST-IK1,Normalstation Innere Medizin / Kardiologie,30,Innere Medizin und Kardiologie,10.0,22.0,06:00,14:00,450,,13:30,21:30,450,F,21:15,06:15,495,F|S,11,10,8,10,30,45,8,38.5,30,0.1,0,2.0.0,20261133
PK-010,2026-11-13,history,-17,Freitag,5,46,0,0,,Pflegefachkraft,Pflegefachkraft,EXAM|KARDIO_MONITORING,0.9,34.65,8316,8316,7484,9148,5,2,2,8,1,1,Pflegefachkraft,0,0.0,-1971,22,22,2,2,0,3437,1,,,,,,0,,0,,3,3,2,1,1375,1,3,3,2,1,1203,1,2,1,2,0,859,0,ST-IK1,Normalstation Innere Medizin / Kardiologie,30,Innere Medizin und Kardiologie,10.0,22.0,06:00,14:00,450,,13:30,21:30,450,F,21:15,06:15,495,F|S,11,10,8,10,30,45,8,38.5,30,0.1,0,2.0.0,20261133
PK-011,2026-11-13,history,-17,Freitag,5,46,0,0,,Pflegefachkraft,Pflegefachkraft,EXAM|PRAXISANLEITUNG,0.5,19.25,4620,4620,4158,5082,5,2,2,8,1,1,Pflegefachkraft,0,0.0,-885,22,22,2,2,0,3437,1,,,,,F,0,,0,,3,3,2,1,1375,1,3,3,2,1,1203,1,2,1,2,0,859,0,ST-IK1,Normalstation Innere Medizin / Kardiologie,30,Innere Medizin und Kardiologie,10.0,22.0,06:00,14:00,450,,13:30,21:30,450,F,21:15,06:15,495,F|S,11,10,8,10,30,45,8,38.5,30,0.1,0,2.0.0,20261133
PK-012,2026-11-13,history,-17,Freitag,5,46,0,0,,Pflegefachkraft,Pflegefachkraft,EXAM|KARDIO_MONITORING,0.75,28.88,6931,6931,6238,7624,5,2,2,8,1,1,Pflegefachkraft,0,0.0,-1845,22,22,2,2,0,3437,1,,,,,,0,,0,,3,3,2,1,1375,1,3,3,2,1,1203,1,2,1,2,0,859,0,ST-IK1,Normalstation Innere Medizin / Kardiologie,30,Innere Medizin und Kardiologie,10.0,22.0,06:00,14:00,450,,13:30,21:30,450,F,21:15,06:15,495,F|S,11,10,8,10,30,45,8,38.5,30,0.1,0,2.0.0,20261133
PK-013,2026-11-13,history,-17,Freitag,5,46,0,0,,Pflegefachkraft,Pflegefachkraft,EXAM,1.0,38.5,9240,9240,8316,10164,5,2,2,8,1,1,Pflegefachkraft,0,0.0,-2445,22,22,2,2,0,3437,1,,,,,F,0,,0,,3,3,2,1,1375,1,3,3,2,1,1203,1,2,1,2,0,859,0,ST-IK1,Normalstation Innere Medizin / Kardiologie,30,Innere Medizin und Kardiologie,10.0,22.0,06:00,14:00,450,,13:30,21:30,450,F,21:15,06:15,495,F|S,11,10,8,10,30,45,8,38.5,30,0.1,0,2.0.0,20261133
PK-014,2026-11-13,history,-17,Freitag,5,46,0,0,,Pflegefachkraft,Pflegefachkraft,EXAM|PRAXISANLEITUNG,0.75,28.88,6931,6931,6238,7624,5,2,2,8,1,1,Pflegefachkraft,0,0.0,-1440,22,22,2,2,0,3437,1,,,,,,0,,0,,3,3,2,1,1375,1,3,3,2,1,1203,1,2,1,2,0,859,0,ST-IK1,Normalstation Innere Medizin / Kardiologie,30,Innere Medizin und Kardiologie,10.0,22.0,06:00,14:00,450,,13:30,21:30,450,F,21:15,06:15,495,F|S,11,10,8,10,30,45,8,38.5,30,0.1,0,2.0.0,20261133
PK-015,2026-11-13,history,-17,Freitag,5,46,0,0,,Pflegefachkraft,Pflegefachkraft,EXAM|KARDIO_MONITORING,0.8,30.8,7392,7392,6653,8131,5,2,2,8,1,1,Pflegefachkraft,0,0.0,-1992,22,22,2,2,0,3437,1,,,,,,0,,0,,3,3,2,1,1375,1,3,3,2,1,1203,1,2,1,2,0,859,0,ST-IK1,Normalstation Innere Medizin / Kardiologie,30,Innere Medizin und Kardiologie,10.0,22.0,06:00,14:00,450,,13:30,21:30,450,F,21:15,06:15,495,F|S,11,10,8,10,30,45,8,38.5,30,0.1,0,2.0.0,20261133
PK-016,2026-11-13,history,-17,Freitag,5,46,0,0,,Pflegefachkraft,Pflegefachkraft,EXAM|KARDIO_MONITORING,0.7,26.95,6468,6468,5821,7115,5,2,2,8,1,1,Pflegefachkraft,0,0.0,566,22,22,2,2,0,3437,1,,,,,N,0,,0,,3,3,2,1,1375,1,3,3,2,1,1203,1,2,1,2,0,859,0,ST-IK1,Normalstation Innere Medizin / Kardiologie,30,Innere Medizin und Kardiologie,10.0,22.0,06:00,14:00,450,,13:30,21:30,450,F,21:15,06:15,495,F|S,11,10,8,10,30,45,8,38.5,30,0.1,0,2.0.0,20261133
PK-017,2026-11-13,history,-17,Freitag,5,46,0,0,,Pflegefachkraft,Pflegefachkraft,EXAM|PRAXISANLEITUNG|KARDIO_MONITORING,1.0,38.5,9240,9240,8316,10164,5,2,2,8,1,1,Pflegefachkraft,0,0.0,-2265,22,22,2,2,0,3437,1,,,,,,0,,0,,3,3,2,1,1375,1,3,3,2,1,1203,1,2,1,2,0,859,0,ST-IK1,Normalstation Innere Medizin / Kardiologie,30,Innere Medizin und Kardiologie,10.0,22.0,06:00,14:00,450,,13:30,21:30,450,F,21:15,06:15,495,F|S,11,10,8,10,30,45,8,38.5,30,0.1,0,2.0.0,20261133
PK-018,2026-11-13,history,-17,Freitag,5,46,0,0,,Pflegefachkraft,Pflegefachkraft,EXAM,0.5,19.25,4620,4620,4158,5082,5,2,2,8,1,1,Pflegefachkraft,0,0.0,-885,22,22,2,2,0,3437,1,,,,,S,0,,0,,3,3,2,1,1375,1,3,3,2,1,1203,1,2,1,2,0,859,0,ST-IK1,Normalstation Innere Medizin / Kardiologie,30,Innere Medizin und Kardiologie,10.0,22.0,06:00,14:00,450,,13:30,21:30,450,F,21:15,06:15,495,F|S,11,10,8,10,30,45,8,38.5,30,0.1,0,2.0.0,20261133
AZ-001,2026-11-14,history,-16,Samstag,6,46,1,0,,Auszubildende_r_3_Ausbildungsjahr,Auszubildende,AUSZUBILDEND,1.0,38.5,9240,9240,8316,10164,5,2,2,8,1,0,nicht anrechenbar,0,0.0,-9240,21,20,4,5,1,3811,1,,,,,,0,,0,,3,3,2,1,1524,1,3,3,2,1,1334,1,2,1,2,0,953,0,ST-IK1,Normalstation Innere Medizin / Kardiologie,30,Innere Medizin und Kardiologie,10.0,22.0,06:00,14:00,450,,13:30,21:30,450,F,21:15,06:15,495,F|S,11,10,8,10,30,45,8,38.5,30,0.1,0,2.0.0,20261133
AZ-002,2026-11-14,history,-16,Samstag,6,46,1,0,,Auszubildende_r_2_Ausbildungsjahr,Auszubildende,AUSZUBILDEND,1.0,38.5,9240,9240,8316,10164,5,2,2,8,1,0,nicht anrechenbar,0,0.0,-9240,21,20,4,5,1,3811,1,,,,,,0,,0,,3,3,2,1,1524,1,3,3,2,1,1334,1,2,1,2,0,953,0,ST-IK1,Normalstation Innere Medizin / Kardiologie,30,Innere Medizin und Kardiologie,10.0,22.0,06:00,14:00,450,,13:30,21:30,450,F,21:15,06:15,495,F|S,11,10,8,10,30,45,8,38.5,30,0.1,0,2.0.0,20261133
AZ-003,2026-11-14,history,-16,Samstag,6,46,1,0,,Auszubildende_r_1_Ausbildungsjahr,Auszubildende,AUSZUBILDEND,1.0,38.5,9240,9240,8316,10164,5,2,2,0,0,0,nicht anrechenbar,0,0.0,-6006,21,20,4,5,1,3811,1,,,,,,0,,0,,3,3,2,1,1524,1,3,3,2,1,1334,1,2,1,2,0,953,0,ST-IK1,Normalstation Innere Medizin / Kardiologie,30,Innere Medizin und Kardiologie,10.0,22.0,06:00,14:00,450,,13:30,21:30,450,F,21:15,06:15,495,F|S,11,10,8,10,30,45,8,38.5,30,0.1,0,2.0.0,20261133
PH-001,2026-11-14,history,-16,Samstag,6,46,1,0,,Pflegehilfskraft,Pflegehilfskraft,PFLEGEHILFE,0.75,28.88,6931,6931,6238,7624,5,2,2,0,0,1,Pflegehilfskraft,0,0.0,-1530,21,20,4,5,1,3811,1,,,,,S,0,,0,,3,3,2,1,1524,1,3,3,2,1,1334,1,2,1,2,0,953,0,ST-IK1,Normalstation Innere Medizin / Kardiologie,30,Innere Medizin und Kardiologie,10.0,22.0,06:00,14:00,450,,13:30,21:30,450,F,21:15,06:15,495,F|S,11,10,8,10,30,45,8,38.5,30,0.1,0,2.0.0,20261133
PH-002,2026-11-14,history,-16,Samstag,6,46,1,0,,Pflegehilfskraft,Pflegehilfskraft,PFLEGEHILFE,0.5,19.25,4620,4620,4158,5082,5,2,2,0,0,1,Pflegehilfskraft,0,0.0,-1020,21,20,4,5,1,3811,1,,,,,,0,,0,,3,3,2,1,1524,1,3,3,2,1,1334,1,2,1,2,0,953,0,ST-IK1,Normalstation Innere Medizin / Kardiologie,30,Innere Medizin und Kardiologie,10.0,22.0,06:00,14:00,450,,13:30,21:30,450,F,21:15,06:15,495,F|S,11,10,8,10,30,45,8,38.5,30,0.1,0,2.0.0,20261133
PK-001,2026-11-14,history,-16,Samstag,6,46,1,0,,Stationsleitung,Pflegefachkraft,EXAM|LEITUNG|PRAXISANLEITUNG,1.0,38.5,9240,4620,4158,5082,5,2,2,0,0,1,Pflegefachkraft,1,0.5,2130,21,20,4,5,1,3811,1,,,,,,0,,0,,3,3,2,1,1524,1,3,3,2,1,1334,1,2,1,2,0,953,0,ST-IK1,Normalstation Innere Medizin / Kardiologie,30,Innere Medizin und Kardiologie,10.0,22.0,06:00,14:00,450,,13:30,21:30,450,F,21:15,06:15,495,F|S,11,10,8,10,30,45,8,38.5,30,0.1,0,2.0.0,20261133
PK-002,2026-11-14,history,-16,Samstag,6,46,1,0,,Pflegefachkraft,Pflegefachkraft,EXAM|PRAXISANLEITUNG,0.8,30.8,7392,7392,6653,8131,5,2,2,8,1,1,Pflegefachkraft,0,0.0,-1857,21,20,4,5,1,3811,1,,,,,S,0,,0,,3,3,2,1,1524,1,3,3,2,1,1334,1,2,1,2,0,953,0,ST-IK1,Normalstation Innere Medizin / Kardiologie,30,Innere Medizin und Kardiologie,10.0,22.0,06:00,14:00,450,,13:30,21:30,450,F,21:15,06:15,495,F|S,11,10,8,10,30,45,8,38.5,30,0.1,0,2.0.0,20261133
PK-003,2026-11-14,history,-16,Samstag,6,46,1,0,,Pflegefachkraft,Pflegefachkraft,EXAM,0.8,30.8,7392,7392,6653,8131,5,2,2,8,1,1,Pflegefachkraft,0,0.0,-1902,21,20,4,5,1,3811,1,,,,,F,0,,0,,3,3,2,1,1524,1,3,3,2,1,1334,1,2,1,2,0,953,0,ST-IK1,Normalstation Innere Medizin / Kardiologie,30,Innere Medizin und Kardiologie,10.0,22.0,06:00,14:00,450,,13:30,21:30,450,F,21:15,06:15,495,F|S,11,10,8,10,30,45,8,38.5,30,0.1,0,2.0.0,20261133
PK-004,2026-11-14,history,-16,Samstag,6,46,1,0,,Pflegefachkraft,Pflegefachkraft,EXAM,1.0,38.5,9240,9240,8316,10164,5,2,2,8,1,1,Pflegefachkraft,0,0.0,-2625,21,20,4,5,1,3811,1,,,,,,0,,0,,3,3,2,1,1524,1,3,3,2,1,1334,1,2,1,2,0,953,0,ST-IK1,Normalstation Innere Medizin / Kardiologie,30,Innere Medizin und Kardiologie,10.0,22.0,06:00,14:00,450,,13:30,21:30,450,F,21:15,06:15,495,F|S,11,10,8,10,30,45,8,38.5,30,0.1,0,2.0.0,20261133
PK-005,2026-11-14,history,-16,Samstag,6,46,1,0,,Pflegefachkraft,Pflegefachkraft,EXAM,1.0,38.5,9240,9240,8316,10164,5,2,2,8,1,1,Pflegefachkraft,0,0.0,-2625,21,20,4,5,1,3811,1,,,,,,0,,0,,3,3,2,1,1524,1,3,3,2,1,1334,1,2,1,2,0,953,0,ST-IK1,Normalstation Innere Medizin / Kardiologie,30,Innere Medizin und Kardiologie,10.0,22.0,06:00,14:00,450,,13:30,21:30,450,F,21:15,06:15,495,F|S,11,10,8,10,30,45,8,38.5,30,0.1,0,2.0.0,20261133
PK-006,2026-11-14,history,-16,Samstag,6,46,1,0,,Pflegefachkraft,Pflegefachkraft,EXAM|PRAXISANLEITUNG|KARDIO_MONITORING,1.0,38.5,9240,9240,8316,10164,5,2,2,8,1,1,Pflegefachkraft,0,0.0,1104,21,20,4,5,1,3811,1,,,,,N,0,,0,,3,3,2,1,1524,1,3,3,2,1,1334,1,2,1,2,0,953,0,ST-IK1,Normalstation Innere Medizin / Kardiologie,30,Innere Medizin und Kardiologie,10.0,22.0,06:00,14:00,450,,13:30,21:30,450,F,21:15,06:15,495,F|S,11,10,8,10,30,45,8,38.5,30,0.1,0,2.0.0,20261133
PK-007,2026-11-14,history,-16,Samstag,6,46,1,0,,Pflegefachkraft,Pflegefachkraft,EXAM,0.75,28.88,6931,6931,6238,7624,5,2,2,8,1,1,Pflegefachkraft,0,0.0,-1800,21,20,4,5,1,3811,1,,,,,,0,,0,,3,3,2,1,1524,1,3,3,2,1,1334,1,2,1,2,0,953,0,ST-IK1,Normalstation Innere Medizin / Kardiologie,30,Innere Medizin und Kardiologie,10.0,22.0,06:00,14:00,450,,13:30,21:30,450,F,21:15,06:15,495,F|S,11,10,8,10,30,45,8,38.5,30,0.1,0,2.0.0,20261133
PK-008,2026-11-14,history,-16,Samstag,6,46,1,0,,Pflegefachkraft,Pflegefachkraft,EXAM|PRAXISANLEITUNG,0.6,23.1,5544,5544,4990,6098,5,2,2,8,1,1,Pflegefachkraft,0,0.0,-1449,21,20,4,5,1,3811,1,,,,,,0,,0,,3,3,2,1,1524,1,3,3,2,1,1334,1,2,1,2,0,953,0,ST-IK1,Normalstation Innere Medizin / Kardiologie,30,Innere Medizin und Kardiologie,10.0,22.0,06:00,14:00,450,,13:30,21:30,450,F,21:15,06:15,495,F|S,11,10,8,10,30,45,8,38.5,30,0.1,0,2.0.0,20261133
PK-009,2026-11-14,history,-16,Samstag,6,46,1,0,,Pflegefachkraft,Pflegefachkraft,EXAM|KARDIO_MONITORING,0.6,23.1,5544,5544,4990,6098,5,2,2,8,1,1,Pflegefachkraft,0,0.0,-1494,21,20,4,5,1,3811,1,,,,,S,0,,0,,3,3,2,1,1524,1,3,3,2,1,1334,1,2,1,2,0,953,0,ST-IK1,Normalstation Innere Medizin / Kardiologie,30,Innere Medizin und Kardiologie,10.0,22.0,06:00,14:00,450,,13:30,21:30,450,F,21:15,06:15,495,F|S,11,10,8,10,30,45,8,38.5,30,0.1,0,2.0.0,20261133
PK-010,2026-11-14,history,-16,Samstag,6,46,1,0,,Pflegefachkraft,Pflegefachkraft,EXAM|KARDIO_MONITORING,0.9,34.65,8316,8316,7484,9148,5,2,2,8,1,1,Pflegefachkraft,0,0.0,-1971,21,20,4,5,1,3811,1,,,,,,0,,0,,3,3,2,1,1524,1,3,3,2,1,1334,1,2,1,2,0,953,0,ST-IK1,Normalstation Innere Medizin / Kardiologie,30,Innere Medizin und Kardiologie,10.0,22.0,06:00,14:00,450,,13:30,21:30,450,F,21:15,06:15,495,F|S,11,10,8,10,30,45,8,38.5,30,0.1,0,2.0.0,20261133
PK-011,2026-11-14,history,-16,Samstag,6,46,1,0,,Pflegefachkraft,Pflegefachkraft,EXAM|PRAXISANLEITUNG,0.5,19.25,4620,4620,4158,5082,5,2,2,8,1,1,Pflegefachkraft,0,0.0,-885,21,20,4,5,1,3811,1,,,,,,0,,0,,3,3,2,1,1524,1,3,3,2,1,1334,1,2,1,2,0,953,0,ST-IK1,Normalstation Innere Medizin / Kardiologie,30,Innere Medizin und Kardiologie,10.0,22.0,06:00,14:00,450,,13:30,21:30,450,F,21:15,06:15,495,F|S,11,10,8,10,30,45,8,38.5,30,0.1,0,2.0.0,20261133
PK-012,2026-11-14,history,-16,Samstag,6,46,1,0,,Pflegefachkraft,Pflegefachkraft,EXAM|KARDIO_MONITORING,0.75,28.88,6931,6931,6238,7624,5,2,2,8,1,1,Pflegefachkraft,0,0.0,-1845,21,20,4,5,1,3811,1,,,,,,0,,0,,3,3,2,1,1524,1,3,3,2,1,1334,1,2,1,2,0,953,0,ST-IK1,Normalstation Innere Medizin / Kardiologie,30,Innere Medizin und Kardiologie,10.0,22.0,06:00,14:00,450,,13:30,21:30,450,F,21:15,06:15,495,F|S,11,10,8,10,30,45,8,38.5,30,0.1,0,2.0.0,20261133
PK-013,2026-11-14,history,-16,Samstag,6,46,1,0,,Pflegefachkraft,Pflegefachkraft,EXAM,1.0,38.5,9240,9240,8316,10164,5,2,2,8,1,1,Pflegefachkraft,0,0.0,-2445,21,20,4,5,1,3811,1,,,,,,0,,0,,3,3,2,1,1524,1,3,3,2,1,1334,1,2,1,2,0,953,0,ST-IK1,Normalstation Innere Medizin / Kardiologie,30,Innere Medizin und Kardiologie,10.0,22.0,06:00,14:00,450,,13:30,21:30,450,F,21:15,06:15,495,F|S,11,10,8,10,30,45,8,38.5,30,0.1,0,2.0.0,20261133
PK-014,2026-11-14,history,-16,Samstag,6,46,1,0,,Pflegefachkraft,Pflegefachkraft,EXAM|PRAXISANLEITUNG,0.75,28.88,6931,6931,6238,7624,5,2,2,8,1,1,Pflegefachkraft,0,0.0,-1440,21,20,4,5,1,3811,1,,,,,,0,,0,,3,3,2,1,1524,1,3,3,2,1,1334,1,2,1,2,0,953,0,ST-IK1,Normalstation Innere Medizin / Kardiologie,30,Innere Medizin und Kardiologie,10.0,22.0,06:00,14:00,450,,13:30,21:30,450,F,21:15,06:15,495,F|S,11,10,8,10,30,45,8,38.5,30,0.1,0,2.0.0,20261133
PK-015,2026-11-14,history,-16,Samstag,6,46,1,0,,Pflegefachkraft,Pflegefachkraft,EXAM|KARDIO_MONITORING,0.8,30.8,7392,7392,6653,8131,5,2,2,8,1,1,Pflegefachkraft,0,0.0,-1992,21,20,4,5,1,3811,1,,,,,F,0,,0,,3,3,2,1,1524,1,3,3,2,1,1334,1,2,1,2,0,953,0,ST-IK1,Normalstation Innere Medizin / Kardiologie,30,Innere Medizin und Kardiologie,10.0,22.0,06:00,14:00,450,,13:30,21:30,450,F,21:15,06:15,495,F|S,11,10,8,10,30,45,8,38.5,30,0.1,0,2.0.0,20261133
PK-016,2026-11-14,history,-16,Samstag,6,46,1,0,,Pflegefachkraft,Pflegefachkraft,EXAM|KARDIO_MONITORING,0.7,26.95,6468,6468,5821,7115,5,2,2,8,1,1,Pflegefachkraft,0,0.0,566,21,20,4,5,1,3811,1,,,,,N,0,,0,,3,3,2,1,1524,1,3,3,2,1,1334,1,2,1,2,0,953,0,ST-IK1,Normalstation Innere Medizin / Kardiologie,30,Innere Medizin und Kardiologie,10.0,22.0,06:00,14:00,450,,13:30,21:30,450,F,21:15,06:15,495,F|S,11,10,8,10,30,45,8,38.5,30,0.1,0,2.0.0,20261133
PK-017,2026-11-14,history,-16,Samstag,6,46,1,0,,Pflegefachkraft,Pflegefachkraft,EXAM|PRAXISANLEITUNG|KARDIO_MONITORING,1.0,38.5,9240,9240,8316,10164,5,2,2,8,1,1,Pflegefachkraft,0,0.0,-2265,21,20,4,5,1,3811,1,,,,,F,0,,0,,3,3,2,1,1524,1,3,3,2,1,1334,1,2,1,2,0,953,0,ST-IK1,Normalstation Innere Medizin / Kardiologie,30,Innere Medizin und Kardiologie,10.0,22.0,06:00,14:00,450,,13:30,21:30,450,F,21:15,06:15,495,F|S,11,10,8,10,30,45,8,38.5,30,0.1,0,2.0.0,20261133
PK-018,2026-11-14,history,-16,Samstag,6,46,1,0,,Pflegefachkraft,Pflegefachkraft,EXAM,0.5,19.25,4620,4620,4158,5082,5,2,2,8,1,1,Pflegefachkraft,0,0.0,-885,21,20,4,5,1,3811,1,,,,,,0,,0,,3,3,2,1,1524,1,3,3,2,1,1334,1,2,1,2,0,953,0,ST-IK1,Normalstation Innere Medizin / Kardiologie,30,Innere Medizin und Kardiologie,10.0,22.0,06:00,14:00,450,,13:30,21:30,450,F,21:15,06:15,495,F|S,11,10,8,10,30,45,8,38.5,30,0.1,0,2.0.0,20261133
AZ-001,2026-11-15,history,-15,Sonntag,7,46,1,0,,Auszubildende_r_3_Ausbildungsjahr,Auszubildende,AUSZUBILDEND,1.0,38.5,9240,9240,8316,10164,5,2,2,8,1,0,nicht anrechenbar,0,0.0,-9240,19,17,2,0,1,3264,1,,,,,,0,,0,,3,2,2,1,1306,1,3,2,2,1,1142,1,2,1,2,0,816,0,ST-IK1,Normalstation Innere Medizin / Kardiologie,30,Innere Medizin und Kardiologie,10.0,22.0,06:00,14:00,450,,13:30,21:30,450,F,21:15,06:15,495,F|S,11,10,8,10,30,45,8,38.5,30,0.1,0,2.0.0,20261133
AZ-002,2026-11-15,history,-15,Sonntag,7,46,1,0,,Auszubildende_r_2_Ausbildungsjahr,Auszubildende,AUSZUBILDEND,1.0,38.5,9240,9240,8316,10164,5,2,2,8,1,0,nicht anrechenbar,0,0.0,-9240,19,17,2,0,1,3264,1,,,,,,0,,0,,3,2,2,1,1306,1,3,2,2,1,1142,1,2,1,2,0,816,0,ST-IK1,Normalstation Innere Medizin / Kardiologie,30,Innere Medizin und Kardiologie,10.0,22.0,06:00,14:00,450,,13:30,21:30,450,F,21:15,06:15,495,F|S,11,10,8,10,30,45,8,38.5,30,0.1,0,2.0.0,20261133
AZ-003,2026-11-15,history,-15,Sonntag,7,46,1,0,,Auszubildende_r_1_Ausbildungsjahr,Auszubildende,AUSZUBILDEND,1.0,38.5,9240,9240,8316,10164,5,2,2,0,0,0,nicht anrechenbar,0,0.0,-6006,19,17,2,0,1,3264,1,,,,,,0,,0,,3,2,2,1,1306,1,3,2,2,1,1142,1,2,1,2,0,816,0,ST-IK1,Normalstation Innere Medizin / Kardiologie,30,Innere Medizin und Kardiologie,10.0,22.0,06:00,14:00,450,,13:30,21:30,450,F,21:15,06:15,495,F|S,11,10,8,10,30,45,8,38.5,30,0.1,0,2.0.0,20261133
PH-001,2026-11-15,history,-15,Sonntag,7,46,1,0,,Pflegehilfskraft,Pflegehilfskraft,PFLEGEHILFE,0.75,28.88,6931,6931,6238,7624,5,2,2,0,0,1,Pflegehilfskraft,0,0.0,-1530,19,17,2,0,1,3264,1,,,,,,0,,0,,3,2,2,1,1306,1,3,2,2,1,1142,1,2,1,2,0,816,0,ST-IK1,Normalstation Innere Medizin / Kardiologie,30,Innere Medizin und Kardiologie,10.0,22.0,06:00,14:00,450,,13:30,21:30,450,F,21:15,06:15,495,F|S,11,10,8,10,30,45,8,38.5,30,0.1,0,2.0.0,20261133
PH-002,2026-11-15,history,-15,Sonntag,7,46,1,0,,Pflegehilfskraft,Pflegehilfskraft,PFLEGEHILFE,0.5,19.25,4620,4620,4158,5082,5,2,2,0,0,1,Pflegehilfskraft,0,0.0,-1020,19,17,2,0,1,3264,1,,,,,,0,,0,,3,2,2,1,1306,1,3,2,2,1,1142,1,2,1,2,0,816,0,ST-IK1,Normalstation Innere Medizin / Kardiologie,30,Innere Medizin und Kardiologie,10.0,22.0,06:00,14:00,450,,13:30,21:30,450,F,21:15,06:15,495,F|S,11,10,8,10,30,45,8,38.5,30,0.1,0,2.0.0,20261133
PK-001,2026-11-15,history,-15,Sonntag,7,46,1,0,,Stationsleitung,Pflegefachkraft,EXAM|LEITUNG|PRAXISANLEITUNG,1.0,38.5,9240,4620,4158,5082,5,2,2,0,0,1,Pflegefachkraft,1,0.5,2130,19,17,2,0,1,3264,1,,,,,,0,,0,,3,2,2,1,1306,1,3,2,2,1,1142,1,2,1,2,0,816,0,ST-IK1,Normalstation Innere Medizin / Kardiologie,30,Innere Medizin und Kardiologie,10.0,22.0,06:00,14:00,450,,13:30,21:30,450,F,21:15,06:15,495,F|S,11,10,8,10,30,45,8,38.5,30,0.1,0,2.0.0,20261133
PK-002,2026-11-15,history,-15,Sonntag,7,46,1,0,,Pflegefachkraft,Pflegefachkraft,EXAM|PRAXISANLEITUNG,0.8,30.8,7392,7392,6653,8131,5,2,2,8,1,1,Pflegefachkraft,0,0.0,-1857,19,17,2,0,1,3264,1,,,,,,0,,0,,3,2,2,1,1306,1,3,2,2,1,1142,1,2,1,2,0,816,0,ST-IK1,Normalstation Innere Medizin / Kardiologie,30,Innere Medizin und Kardiologie,10.0,22.0,06:00,14:00,450,,13:30,21:30,450,F,21:15,06:15,495,F|S,11,10,8,10,30,45,8,38.5,30,0.1,0,2.0.0,20261133
PK-003,2026-11-15,history,-15,Sonntag,7,46,1,0,,Pflegefachkraft,Pflegefachkraft,EXAM,0.8,30.8,7392,7392,6653,8131,5,2,2,8,1,1,Pflegefachkraft,0,0.0,-1902,19,17,2,0,1,3264,1,,,,,,0,,0,,3,2,2,1,1306,1,3,2,2,1,1142,1,2,1,2,0,816,0,ST-IK1,Normalstation Innere Medizin / Kardiologie,30,Innere Medizin und Kardiologie,10.0,22.0,06:00,14:00,450,,13:30,21:30,450,F,21:15,06:15,495,F|S,11,10,8,10,30,45,8,38.5,30,0.1,0,2.0.0,20261133
PK-004,2026-11-15,history,-15,Sonntag,7,46,1,0,,Pflegefachkraft,Pflegefachkraft,EXAM,1.0,38.5,9240,9240,8316,10164,5,2,2,8,1,1,Pflegefachkraft,0,0.0,-2625,19,17,2,0,1,3264,1,,,,,,0,,0,,3,2,2,1,1306,1,3,2,2,1,1142,1,2,1,2,0,816,0,ST-IK1,Normalstation Innere Medizin / Kardiologie,30,Innere Medizin und Kardiologie,10.0,22.0,06:00,14:00,450,,13:30,21:30,450,F,21:15,06:15,495,F|S,11,10,8,10,30,45,8,38.5,30,0.1,0,2.0.0,20261133
PK-005,2026-11-15,history,-15,Sonntag,7,46,1,0,,Pflegefachkraft,Pflegefachkraft,EXAM,1.0,38.5,9240,9240,8316,10164,5,2,2,8,1,1,Pflegefachkraft,0,0.0,-2625,19,17,2,0,1,3264,1,,,,,,0,,0,,3,2,2,1,1306,1,3,2,2,1,1142,1,2,1,2,0,816,0,ST-IK1,Normalstation Innere Medizin / Kardiologie,30,Innere Medizin und Kardiologie,10.0,22.0,06:00,14:00,450,,13:30,21:30,450,F,21:15,06:15,495,F|S,11,10,8,10,30,45,8,38.5,30,0.1,0,2.0.0,20261133
PK-006,2026-11-15,history,-15,Sonntag,7,46,1,0,,Pflegefachkraft,Pflegefachkraft,EXAM|PRAXISANLEITUNG|KARDIO_MONITORING,1.0,38.5,9240,9240,8316,10164,5,2,2,8,1,1,Pflegefachkraft,0,0.0,1104,19,17,2,0,1,3264,1,,,,,N,0,,0,,3,2,2,1,1306,1,3,2,2,1,1142,1,2,1,2,0,816,0,ST-IK1,Normalstation Innere Medizin / Kardiologie,30,Innere Medizin und Kardiologie,10.0,22.0,06:00,14:00,450,,13:30,21:30,450,F,21:15,06:15,495,F|S,11,10,8,10,30,45,8,38.5,30,0.1,0,2.0.0,20261133
PK-007,2026-11-15,history,-15,Sonntag,7,46,1,0,,Pflegefachkraft,Pflegefachkraft,EXAM,0.75,28.88,6931,6931,6238,7624,5,2,2,8,1,1,Pflegefachkraft,0,0.0,-1800,19,17,2,0,1,3264,1,,,,,S,0,,0,,3,2,2,1,1306,1,3,2,2,1,1142,1,2,1,2,0,816,0,ST-IK1,Normalstation Innere Medizin / Kardiologie,30,Innere Medizin und Kardiologie,10.0,22.0,06:00,14:00,450,,13:30,21:30,450,F,21:15,06:15,495,F|S,11,10,8,10,30,45,8,38.5,30,0.1,0,2.0.0,20261133
PK-008,2026-11-15,history,-15,Sonntag,7,46,1,0,,Pflegefachkraft,Pflegefachkraft,EXAM|PRAXISANLEITUNG,0.6,23.1,5544,5544,4990,6098,5,2,2,8,1,1,Pflegefachkraft,0,0.0,-1449,19,17,2,0,1,3264,1,,,,,F,0,,0,,3,2,2,1,1306,1,3,2,2,1,1142,1,2,1,2,0,816,0,ST-IK1,Normalstation Innere Medizin / Kardiologie,30,Innere Medizin und Kardiologie,10.0,22.0,06:00,14:00,450,,13:30,21:30,450,F,21:15,06:15,495,F|S,11,10,8,10,30,45,8,38.5,30,0.1,0,2.0.0,20261133
PK-009,2026-11-15,history,-15,Sonntag,7,46,1,0,,Pflegefachkraft,Pflegefachkraft,EXAM|KARDIO_MONITORING,0.6,23.1,5544,5544,4990,6098,5,2,2,8,1,1,Pflegefachkraft,0,0.0,-1494,19,17,2,0,1,3264,1,,,,,,0,,0,,3,2,2,1,1306,1,3,2,2,1,1142,1,2,1,2,0,816,0,ST-IK1,Normalstation Innere Medizin / Kardiologie,30,Innere Medizin und Kardiologie,10.0,22.0,06:00,14:00,450,,13:30,21:30,450,F,21:15,06:15,495,F|S,11,10,8,10,30,45,8,38.5,30,0.1,0,2.0.0,20261133
PK-010,2026-11-15,history,-15,Sonntag,7,46,1,0,,Pflegefachkraft,Pflegefachkraft,EXAM|KARDIO_MONITORING,0.9,34.65,8316,8316,7484,9148,5,2,2,8,1,1,Pflegefachkraft,0,0.0,-1971,19,17,2,0,1,3264,1,,,,,F,0,,0,,3,2,2,1,1306,1,3,2,2,1,1142,1,2,1,2,0,816,0,ST-IK1,Normalstation Innere Medizin / Kardiologie,30,Innere Medizin und Kardiologie,10.0,22.0,06:00,14:00,450,,13:30,21:30,450,F,21:15,06:15,495,F|S,11,10,8,10,30,45,8,38.5,30,0.1,0,2.0.0,20261133
PK-011,2026-11-15,history,-15,Sonntag,7,46,1,0,,Pflegefachkraft,Pflegefachkraft,EXAM|PRAXISANLEITUNG,0.5,19.25,4620,4620,4158,5082,5,2,2,8,1,1,Pflegefachkraft,0,0.0,-885,19,17,2,0,1,3264,1,,,,,,0,,0,,3,2,2,1,1306,1,3,2,2,1,1142,1,2,1,2,0,816,0,ST-IK1,Normalstation Innere Medizin / Kardiologie,30,Innere Medizin und Kardiologie,10.0,22.0,06:00,14:00,450,,13:30,21:30,450,F,21:15,06:15,495,F|S,11,10,8,10,30,45,8,38.5,30,0.1,0,2.0.0,20261133
PK-012,2026-11-15,history,-15,Sonntag,7,46,1,0,,Pflegefachkraft,Pflegefachkraft,EXAM|KARDIO_MONITORING,0.75,28.88,6931,6931,6238,7624,5,2,2,8,1,1,Pflegefachkraft,0,0.0,-1845,19,17,2,0,1,3264,1,,,,,S,0,,0,,3,2,2,1,1306,1,3,2,2,1,1142,1,2,1,2,0,816,0,ST-IK1,Normalstation Innere Medizin / Kardiologie,30,Innere Medizin und Kardiologie,10.0,22.0,06:00,14:00,450,,13:30,21:30,450,F,21:15,06:15,495,F|S,11,10,8,10,30,45,8,38.5,30,0.1,0,2.0.0,20261133
PK-013,2026-11-15,history,-15,Sonntag,7,46,1,0,,Pflegefachkraft,Pflegefachkraft,EXAM,1.0,38.5,9240,9240,8316,10164,5,2,2,8,1,1,Pflegefachkraft,0,0.0,-2445,19,17,2,0,1,3264,1,,,,,S,0,,0,,3,2,2,1,1306,1,3,2,2,1,1142,1,2,1,2,0,816,0,ST-IK1,Normalstation Innere Medizin / Kardiologie,30,Innere Medizin und Kardiologie,10.0,22.0,06:00,14:00,450,,13:30,21:30,450,F,21:15,06:15,495,F|S,11,10,8,10,30,45,8,38.5,30,0.1,0,2.0.0,20261133
PK-014,2026-11-15,history,-15,Sonntag,7,46,1,0,,Pflegefachkraft,Pflegefachkraft,EXAM|PRAXISANLEITUNG,0.75,28.88,6931,6931,6238,7624,5,2,2,8,1,1,Pflegefachkraft,0,0.0,-1440,19,17,2,0,1,3264,1,,,,,F,0,,0,,3,2,2,1,1306,1,3,2,2,1,1142,1,2,1,2,0,816,0,ST-IK1,Normalstation Innere Medizin / Kardiologie,30,Innere Medizin und Kardiologie,10.0,22.0,06:00,14:00,450,,13:30,21:30,450,F,21:15,06:15,495,F|S,11,10,8,10,30,45,8,38.5,30,0.1,0,2.0.0,20261133
PK-015,2026-11-15,history,-15,Sonntag,7,46,1,0,,Pflegefachkraft,Pflegefachkraft,EXAM|KARDIO_MONITORING,0.8,30.8,7392,7392,6653,8131,5,2,2,8,1,1,Pflegefachkraft,0,0.0,-1992,19,17,2,0,1,3264,1,,,,,,0,,0,,3,2,2,1,1306,1,3,2,2,1,1142,1,2,1,2,0,816,0,ST-IK1,Normalstation Innere Medizin / Kardiologie,30,Innere Medizin und Kardiologie,10.0,22.0,06:00,14:00,450,,13:30,21:30,450,F,21:15,06:15,495,F|S,11,10,8,10,30,45,8,38.5,30,0.1,0,2.0.0,20261133
PK-016,2026-11-15,history,-15,Sonntag,7,46,1,0,,Pflegefachkraft,Pflegefachkraft,EXAM|KARDIO_MONITORING,0.7,26.95,6468,6468,5821,7115,5,2,2,8,1,1,Pflegefachkraft,0,0.0,566,19,17,2,0,1,3264,1,,,,,N,0,,0,,3,2,2,1,1306,1,3,2,2,1,1142,1,2,1,2,0,816,0,ST-IK1,Normalstation Innere Medizin / Kardiologie,30,Innere Medizin und Kardiologie,10.0,22.0,06:00,14:00,450,,13:30,21:30,450,F,21:15,06:15,495,F|S,11,10,8,10,30,45,8,38.5,30,0.1,0,2.0.0,20261133
PK-017,2026-11-15,history,-15,Sonntag,7,46,1,0,,Pflegefachkraft,Pflegefachkraft,EXAM|PRAXISANLEITUNG|KARDIO_MONITORING,1.0,38.5,9240,9240,8316,10164,5,2,2,8,1,1,Pflegefachkraft,0,0.0,-2265,19,17,2,0,1,3264,1,,,,,,0,,0,,3,2,2,1,1306,1,3,2,2,1,1142,1,2,1,2,0,816,0,ST-IK1,Normalstation Innere Medizin / Kardiologie,30,Innere Medizin und Kardiologie,10.0,22.0,06:00,14:00,450,,13:30,21:30,450,F,21:15,06:15,495,F|S,11,10,8,10,30,45,8,38.5,30,0.1,0,2.0.0,20261133
PK-018,2026-11-15,history,-15,Sonntag,7,46,1,0,,Pflegefachkraft,Pflegefachkraft,EXAM,0.5,19.25,4620,4620,4158,5082,5,2,2,8,1,1,Pflegefachkraft,0,0.0,-885,19,17,2,0,1,3264,1,,,,,,0,,0,,3,2,2,1,1306,1,3,2,2,1,1142,1,2,1,2,0,816,0,ST-IK1,Normalstation Innere Medizin / Kardiologie,30,Innere Medizin und Kardiologie,10.0,22.0,06:00,14:00,450,,13:30,21:30,450,F,21:15,06:15,495,F|S,11,10,8,10,30,45,8,38.5,30,0.1,0,2.0.0,20261133
AZ-001,2026-11-16,history,-14,Montag,1,47,0,0,,Auszubildende_r_3_Ausbildungsjahr,Auszubildende,AUSZUBILDEND,1.0,38.5,9240,9240,8316,10164,5,2,2,8,1,0,nicht anrechenbar,0,0.0,-9240,23,21,3,6,3,4316,1,,,,,,0,,0,,4,3,3,1,1726,1,3,3,2,1,1511,1,2,1,2,0,1079,0,ST-IK1,Normalstation Innere Medizin / Kardiologie,30,Innere Medizin und Kardiologie,10.0,22.0,06:00,14:00,450,,13:30,21:30,450,F,21:15,06:15,495,F|S,11,10,8,10,30,45,8,38.5,30,0.1,0,2.0.0,20261133
AZ-002,2026-11-16,history,-14,Montag,1,47,0,0,,Auszubildende_r_2_Ausbildungsjahr,Auszubildende,AUSZUBILDEND,1.0,38.5,9240,9240,8316,10164,5,2,2,8,1,0,nicht anrechenbar,0,0.0,-9240,23,21,3,6,3,4316,1,,,,,,0,,0,,4,3,3,1,1726,1,3,3,2,1,1511,1,2,1,2,0,1079,0,ST-IK1,Normalstation Innere Medizin / Kardiologie,30,Innere Medizin und Kardiologie,10.0,22.0,06:00,14:00,450,,13:30,21:30,450,F,21:15,06:15,495,F|S,11,10,8,10,30,45,8,38.5,30,0.1,0,2.0.0,20261133
AZ-003,2026-11-16,history,-14,Montag,1,47,0,0,,Auszubildende_r_1_Ausbildungsjahr,Auszubildende,AUSZUBILDEND,1.0,38.5,9240,9240,8316,10164,5,2,2,0,0,0,nicht anrechenbar,0,0.0,-6006,23,21,3,6,3,4316,1,,,,,,0,,0,,4,3,3,1,1726,1,3,3,2,1,1511,1,2,1,2,0,1079,0,ST-IK1,Normalstation Innere Medizin / Kardiologie,30,Innere Medizin und Kardiologie,10.0,22.0,06:00,14:00,450,,13:30,21:30,450,F,21:15,06:15,495,F|S,11,10,8,10,30,45,8,38.5,30,0.1,0,2.0.0,20261133
PH-001,2026-11-16,history,-14,Montag,1,47,0,0,,Pflegehilfskraft,Pflegehilfskraft,PFLEGEHILFE,0.75,28.88,6931,6931,6238,7624,5,2,2,0,0,1,Pflegehilfskraft,0,0.0,-1530,23,21,3,6,3,4316,1,,,,,S,0,,0,,4,3,3,1,1726,1,3,3,2,1,1511,1,2,1,2,0,1079,0,ST-IK1,Normalstation Innere Medizin / Kardiologie,30,Innere Medizin und Kardiologie,10.0,22.0,06:00,14:00,450,,13:30,21:30,450,F,21:15,06:15,495,F|S,11,10,8,10,30,45,8,38.5,30,0.1,0,2.0.0,20261133
PH-002,2026-11-16,history,-14,Montag,1,47,0,0,,Pflegehilfskraft,Pflegehilfskraft,PFLEGEHILFE,0.5,19.25,4620,4620,4158,5082,5,2,2,0,0,1,Pflegehilfskraft,0,0.0,-1020,23,21,3,6,3,4316,1,,,,,,0,,0,,4,3,3,1,1726,1,3,3,2,1,1511,1,2,1,2,0,1079,0,ST-IK1,Normalstation Innere Medizin / Kardiologie,30,Innere Medizin und Kardiologie,10.0,22.0,06:00,14:00,450,,13:30,21:30,450,F,21:15,06:15,495,F|S,11,10,8,10,30,45,8,38.5,30,0.1,0,2.0.0,20261133
PK-001,2026-11-16,history,-14,Montag,1,47,0,0,,Stationsleitung,Pflegefachkraft,EXAM|LEITUNG|PRAXISANLEITUNG,1.0,38.5,9240,4620,4158,5082,5,2,2,0,0,1,Pflegefachkraft,1,0.5,2130,23,21,3,6,3,4316,1,,,,,F,0,,0,,4,3,3,1,1726,1,3,3,2,1,1511,1,2,1,2,0,1079,0,ST-IK1,Normalstation Innere Medizin / Kardiologie,30,Innere Medizin und Kardiologie,10.0,22.0,06:00,14:00,450,,13:30,21:30,450,F,21:15,06:15,495,F|S,11,10,8,10,30,45,8,38.5,30,0.1,0,2.0.0,20261133
PK-002,2026-11-16,history,-14,Montag,1,47,0,0,,Pflegefachkraft,Pflegefachkraft,EXAM|PRAXISANLEITUNG,0.8,30.8,7392,7392,6653,8131,5,2,2,8,1,1,Pflegefachkraft,0,0.0,-1857,23,21,3,6,3,4316,1,,,,,S,0,,0,,4,3,3,1,1726,1,3,3,2,1,1511,1,2,1,2,0,1079,0,ST-IK1,Normalstation Innere Medizin / Kardiologie,30,Innere Medizin und Kardiologie,10.0,22.0,06:00,14:00,450,,13:30,21:30,450,F,21:15,06:15,495,F|S,11,10,8,10,30,45,8,38.5,30,0.1,0,2.0.0,20261133
PK-003,2026-11-16,history,-14,Montag,1,47,0,0,,Pflegefachkraft,Pflegefachkraft,EXAM,0.8,30.8,7392,7392,6653,8131,5,2,2,8,1,1,Pflegefachkraft,0,0.0,-1902,23,21,3,6,3,4316,1,,,,,F,0,,0,,4,3,3,1,1726,1,3,3,2,1,1511,1,2,1,2,0,1079,0,ST-IK1,Normalstation Innere Medizin / Kardiologie,30,Innere Medizin und Kardiologie,10.0,22.0,06:00,14:00,450,,13:30,21:30,450,F,21:15,06:15,495,F|S,11,10,8,10,30,45,8,38.5,30,0.1,0,2.0.0,20261133
PK-004,2026-11-16,history,-14,Montag,1,47,0,0,,Pflegefachkraft,Pflegefachkraft,EXAM,1.0,38.5,9240,9240,8316,10164,5,2,2,8,1,1,Pflegefachkraft,0,0.0,-2625,23,21,3,6,3,4316,1,,,,,N,0,,0,,4,3,3,1,1726,1,3,3,2,1,1511,1,2,1,2,0,1079,0,ST-IK1,Normalstation Innere Medizin / Kardiologie,30,Innere Medizin und Kardiologie,10.0,22.0,06:00,14:00,450,,13:30,21:30,450,F,21:15,06:15,495,F|S,11,10,8,10,30,45,8,38.5,30,0.1,0,2.0.0,20261133
PK-005,2026-11-16,history,-14,Montag,1,47,0,0,,Pflegefachkraft,Pflegefachkraft,EXAM,1.0,38.5,9240,9240,8316,10164,5,2,2,8,1,1,Pflegefachkraft,0,0.0,-2625,23,21,3,6,3,4316,1,,,,,N,0,,0,,4,3,3,1,1726,1,3,3,2,1,1511,1,2,1,2,0,1079,0,ST-IK1,Normalstation Innere Medizin / Kardiologie,30,Innere Medizin und Kardiologie,10.0,22.0,06:00,14:00,450,,13:30,21:30,450,F,21:15,06:15,495,F|S,11,10,8,10,30,45,8,38.5,30,0.1,0,2.0.0,20261133
PK-006,2026-11-16,history,-14,Montag,1,47,0,0,,Pflegefachkraft,Pflegefachkraft,EXAM|PRAXISANLEITUNG|KARDIO_MONITORING,1.0,38.5,9240,9240,8316,10164,5,2,2,8,1,1,Pflegefachkraft,0,0.0,1104,23,21,3,6,3,4316,1,,,,,,0,,0,,4,3,3,1,1726,1,3,3,2,1,1511,1,2,1,2,0,1079,0,ST-IK1,Normalstation Innere Medizin / Kardiologie,30,Innere Medizin und Kardiologie,10.0,22.0,06:00,14:00,450,,13:30,21:30,450,F,21:15,06:15,495,F|S,11,10,8,10,30,45,8,38.5,30,0.1,0,2.0.0,20261133
PK-007,2026-11-16,history,-14,Montag,1,47,0,0,,Pflegefachkraft,Pflegefachkraft,EXAM,0.75,28.88,6931,6931,6238,7624,5,2,2,8,1,1,Pflegefachkraft,0,0.0,-1800,23,21,3,6,3,4316,1,,,,,,0,,0,,4,3,3,1,1726,1,3,3,2,1,1511,1,2,1,2,0,1079,0,ST-IK1,Normalstation Innere Medizin / Kardiologie,30,Innere Medizin und Kardiologie,10.0,22.0,06:00,14:00,450,,13:30,21:30,450,F,21:15,06:15,495,F|S,11,10,8,10,30,45,8,38.5,30,0.1,0,2.0.0,20261133
PK-008,2026-11-16,history,-14,Montag,1,47,0,0,,Pflegefachkraft,Pflegefachkraft,EXAM|PRAXISANLEITUNG,0.6,23.1,5544,5544,4990,6098,5,2,2,8,1,1,Pflegefachkraft,0,0.0,-1449,23,21,3,6,3,4316,1,,,,,,0,,0,,4,3,3,1,1726,1,3,3,2,1,1511,1,2,1,2,0,1079,0,ST-IK1,Normalstation Innere Medizin / Kardiologie,30,Innere Medizin und Kardiologie,10.0,22.0,06:00,14:00,450,,13:30,21:30,450,F,21:15,06:15,495,F|S,11,10,8,10,30,45,8,38.5,30,0.1,0,2.0.0,20261133
PK-009,2026-11-16,history,-14,Montag,1,47,0,0,,Pflegefachkraft,Pflegefachkraft,EXAM|KARDIO_MONITORING,0.6,23.1,5544,5544,4990,6098,5,2,2,8,1,1,Pflegefachkraft,0,0.0,-1494,23,21,3,6,3,4316,1,,,,,,0,,0,,4,3,3,1,1726,1,3,3,2,1,1511,1,2,1,2,0,1079,0,ST-IK1,Normalstation Innere Medizin / Kardiologie,30,Innere Medizin und Kardiologie,10.0,22.0,06:00,14:00,450,,13:30,21:30,450,F,21:15,06:15,495,F|S,11,10,8,10,30,45,8,38.5,30,0.1,0,2.0.0,20261133
PK-010,2026-11-16,history,-14,Montag,1,47,0,0,,Pflegefachkraft,Pflegefachkraft,EXAM|KARDIO_MONITORING,0.9,34.65,8316,8316,7484,9148,5,2,2,8,1,1,Pflegefachkraft,0,0.0,-1971,23,21,3,6,3,4316,1,,,,,S,0,,0,,4,3,3,1,1726,1,3,3,2,1,1511,1,2,1,2,0,1079,0,ST-IK1,Normalstation Innere Medizin / Kardiologie,30,Innere Medizin und Kardiologie,10.0,22.0,06:00,14:00,450,,13:30,21:30,450,F,21:15,06:15,495,F|S,11,10,8,10,30,45,8,38.5,30,0.1,0,2.0.0,20261133
PK-011,2026-11-16,history,-14,Montag,1,47,0,0,,Pflegefachkraft,Pflegefachkraft,EXAM|PRAXISANLEITUNG,0.5,19.25,4620,4620,4158,5082,5,2,2,8,1,1,Pflegefachkraft,0,0.0,-885,23,21,3,6,3,4316,1,,,,,,0,,0,,4,3,3,1,1726,1,3,3,2,1,1511,1,2,1,2,0,1079,0,ST-IK1,Normalstation Innere Medizin / Kardiologie,30,Innere Medizin und Kardiologie,10.0,22.0,06:00,14:00,450,,13:30,21:30,450,F,21:15,06:15,495,F|S,11,10,8,10,30,45,8,38.5,30,0.1,0,2.0.0,20261133
PK-012,2026-11-16,history,-14,Montag,1,47,0,0,,Pflegefachkraft,Pflegefachkraft,EXAM|KARDIO_MONITORING,0.75,28.88,6931,6931,6238,7624,5,2,2,8,1,1,Pflegefachkraft,0,0.0,-1845,23,21,3,6,3,4316,1,,,,,,0,,0,,4,3,3,1,1726,1,3,3,2,1,1511,1,2,1,2,0,1079,0,ST-IK1,Normalstation Innere Medizin / Kardiologie,30,Innere Medizin und Kardiologie,10.0,22.0,06:00,14:00,450,,13:30,21:30,450,F,21:15,06:15,495,F|S,11,10,8,10,30,45,8,38.5,30,0.1,0,2.0.0,20261133
PK-013,2026-11-16,history,-14,Montag,1,47,0,0,,Pflegefachkraft,Pflegefachkraft,EXAM,1.0,38.5,9240,9240,8316,10164,5,2,2,8,1,1,Pflegefachkraft,0,0.0,-2445,23,21,3,6,3,4316,1,,,,,,0,,0,,4,3,3,1,1726,1,3,3,2,1,1511,1,2,1,2,0,1079,0,ST-IK1,Normalstation Innere Medizin / Kardiologie,30,Innere Medizin und Kardiologie,10.0,22.0,06:00,14:00,450,,13:30,21:30,450,F,21:15,06:15,495,F|S,11,10,8,10,30,45,8,38.5,30,0.1,0,2.0.0,20261133
PK-014,2026-11-16,history,-14,Montag,1,47,0,0,,Pflegefachkraft,Pflegefachkraft,EXAM|PRAXISANLEITUNG,0.75,28.88,6931,6931,6238,7624,5,2,2,8,1,1,Pflegefachkraft,0,0.0,-1440,23,21,3,6,3,4316,1,,,,,,0,,0,,4,3,3,1,1726,1,3,3,2,1,1511,1,2,1,2,0,1079,0,ST-IK1,Normalstation Innere Medizin / Kardiologie,30,Innere Medizin und Kardiologie,10.0,22.0,06:00,14:00,450,,13:30,21:30,450,F,21:15,06:15,495,F|S,11,10,8,10,30,45,8,38.5,30,0.1,0,2.0.0,20261133
PK-015,2026-11-16,history,-14,Montag,1,47,0,0,,Pflegefachkraft,Pflegefachkraft,EXAM|KARDIO_MONITORING,0.8,30.8,7392,7392,6653,8131,5,2,2,8,1,1,Pflegefachkraft,0,0.0,-1992,23,21,3,6,3,4316,1,,,,,F,0,,0,,4,3,3,1,1726,1,3,3,2,1,1511,1,2,1,2,0,1079,0,ST-IK1,Normalstation Innere Medizin / Kardiologie,30,Innere Medizin und Kardiologie,10.0,22.0,06:00,14:00,450,,13:30,21:30,450,F,21:15,06:15,495,F|S,11,10,8,10,30,45,8,38.5,30,0.1,0,2.0.0,20261133
PK-016,2026-11-16,history,-14,Montag,1,47,0,0,,Pflegefachkraft,Pflegefachkraft,EXAM|KARDIO_MONITORING,0.7,26.95,6468,6468,5821,7115,5,2,2,8,1,1,Pflegefachkraft,0,0.0,566,23,21,3,6,3,4316,1,,,,,,0,,0,,4,3,3,1,1726,1,3,3,2,1,1511,1,2,1,2,0,1079,0,ST-IK1,Normalstation Innere Medizin / Kardiologie,30,Innere Medizin und Kardiologie,10.0,22.0,06:00,14:00,450,,13:30,21:30,450,F,21:15,06:15,495,F|S,11,10,8,10,30,45,8,38.5,30,0.1,0,2.0.0,20261133
PK-017,2026-11-16,history,-14,Montag,1,47,0,0,,Pflegefachkraft,Pflegefachkraft,EXAM|PRAXISANLEITUNG|KARDIO_MONITORING,1.0,38.5,9240,9240,8316,10164,5,2,2,8,1,1,Pflegefachkraft,0,0.0,-2265,23,21,3,6,3,4316,1,,,,,F,0,,0,,4,3,3,1,1726,1,3,3,2,1,1511,1,2,1,2,0,1079,0,ST-IK1,Normalstation Innere Medizin / Kardiologie,30,Innere Medizin und Kardiologie,10.0,22.0,06:00,14:00,450,,13:30,21:30,450,F,21:15,06:15,495,F|S,11,10,8,10,30,45,8,38.5,30,0.1,0,2.0.0,20261133
PK-018,2026-11-16,history,-14,Montag,1,47,0,0,,Pflegefachkraft,Pflegefachkraft,EXAM,0.5,19.25,4620,4620,4158,5082,5,2,2,8,1,1,Pflegefachkraft,0,0.0,-885,23,21,3,6,3,4316,1,,,,,,0,,0,,4,3,3,1,1726,1,3,3,2,1,1511,1,2,1,2,0,1079,0,ST-IK1,Normalstation Innere Medizin / Kardiologie,30,Innere Medizin und Kardiologie,10.0,22.0,06:00,14:00,450,,13:30,21:30,450,F,21:15,06:15,495,F|S,11,10,8,10,30,45,8,38.5,30,0.1,0,2.0.0,20261133
AZ-001,2026-11-17,history,-13,Dienstag,2,47,0,0,,Auszubildende_r_3_Ausbildungsjahr,Auszubildende,AUSZUBILDEND,1.0,38.5,9240,9240,8316,10164,5,2,2,8,1,0,nicht anrechenbar,0,0.0,-9240,23,23,6,4,0,3839,1,,,,,,0,,0,,3,3,2,1,1536,1,3,3,2,1,1344,1,2,2,2,0,960,0,ST-IK1,Normalstation Innere Medizin / Kardiologie,30,Innere Medizin und Kardiologie,10.0,22.0,06:00,14:00,450,,13:30,21:30,450,F,21:15,06:15,495,F|S,11,10,8,10,30,45,8,38.5,30,0.1,0,2.0.0,20261133
AZ-002,2026-11-17,history,-13,Dienstag,2,47,0,0,,Auszubildende_r_2_Ausbildungsjahr,Auszubildende,AUSZUBILDEND,1.0,38.5,9240,9240,8316,10164,5,2,2,8,1,0,nicht anrechenbar,0,0.0,-9240,23,23,6,4,0,3839,1,,,,,,0,,0,,3,3,2,1,1536,1,3,3,2,1,1344,1,2,2,2,0,960,0,ST-IK1,Normalstation Innere Medizin / Kardiologie,30,Innere Medizin und Kardiologie,10.0,22.0,06:00,14:00,450,,13:30,21:30,450,F,21:15,06:15,495,F|S,11,10,8,10,30,45,8,38.5,30,0.1,0,2.0.0,20261133
AZ-003,2026-11-17,history,-13,Dienstag,2,47,0,0,,Auszubildende_r_1_Ausbildungsjahr,Auszubildende,AUSZUBILDEND,1.0,38.5,9240,9240,8316,10164,5,2,2,0,0,0,nicht anrechenbar,0,0.0,-6006,23,23,6,4,0,3839,1,,,,,,0,,0,,3,3,2,1,1536,1,3,3,2,1,1344,1,2,2,2,0,960,0,ST-IK1,Normalstation Innere Medizin / Kardiologie,30,Innere Medizin und Kardiologie,10.0,22.0,06:00,14:00,450,,13:30,21:30,450,F,21:15,06:15,495,F|S,11,10,8,10,30,45,8,38.5,30,0.1,0,2.0.0,20261133
PH-001,2026-11-17,history,-13,Dienstag,2,47,0,0,,Pflegehilfskraft,Pflegehilfskraft,PFLEGEHILFE,0.75,28.88,6931,6931,6238,7624,5,2,2,0,0,1,Pflegehilfskraft,0,0.0,-1530,23,23,6,4,0,3839,1,,,,,,0,,0,,3,3,2,1,1536,1,3,3,2,1,1344,1,2,2,2,0,960,0,ST-IK1,Normalstation Innere Medizin / Kardiologie,30,Innere Medizin und Kardiologie,10.0,22.0,06:00,14:00,450,,13:30,21:30,450,F,21:15,06:15,495,F|S,11,10,8,10,30,45,8,38.5,30,0.1,0,2.0.0,20261133
PH-002,2026-11-17,history,-13,Dienstag,2,47,0,0,,Pflegehilfskraft,Pflegehilfskraft,PFLEGEHILFE,0.5,19.25,4620,4620,4158,5082,5,2,2,0,0,1,Pflegehilfskraft,0,0.0,-1020,23,23,6,4,0,3839,1,,,,,F,0,,0,,3,3,2,1,1536,1,3,3,2,1,1344,1,2,2,2,0,960,0,ST-IK1,Normalstation Innere Medizin / Kardiologie,30,Innere Medizin und Kardiologie,10.0,22.0,06:00,14:00,450,,13:30,21:30,450,F,21:15,06:15,495,F|S,11,10,8,10,30,45,8,38.5,30,0.1,0,2.0.0,20261133
PK-001,2026-11-17,history,-13,Dienstag,2,47,0,0,,Stationsleitung,Pflegefachkraft,EXAM|LEITUNG|PRAXISANLEITUNG,1.0,38.5,9240,4620,4158,5082,5,2,2,0,0,1,Pflegefachkraft,1,0.5,2130,23,23,6,4,0,3839,1,,,,,F,0,,0,,3,3,2,1,1536,1,3,3,2,1,1344,1,2,2,2,0,960,0,ST-IK1,Normalstation Innere Medizin / Kardiologie,30,Innere Medizin und Kardiologie,10.0,22.0,06:00,14:00,450,,13:30,21:30,450,F,21:15,06:15,495,F|S,11,10,8,10,30,45,8,38.5,30,0.1,0,2.0.0,20261133
PK-002,2026-11-17,history,-13,Dienstag,2,47,0,0,,Pflegefachkraft,Pflegefachkraft,EXAM|PRAXISANLEITUNG,0.8,30.8,7392,7392,6653,8131,5,2,2,8,1,1,Pflegefachkraft,0,0.0,-1857,23,23,6,4,0,3839,1,,,,,,0,,0,,3,3,2,1,1536,1,3,3,2,1,1344,1,2,2,2,0,960,0,ST-IK1,Normalstation Innere Medizin / Kardiologie,30,Innere Medizin und Kardiologie,10.0,22.0,06:00,14:00,450,,13:30,21:30,450,F,21:15,06:15,495,F|S,11,10,8,10,30,45,8,38.5,30,0.1,0,2.0.0,20261133
PK-003,2026-11-17,history,-13,Dienstag,2,47,0,0,,Pflegefachkraft,Pflegefachkraft,EXAM,0.8,30.8,7392,7392,6653,8131,5,2,2,8,1,1,Pflegefachkraft,0,0.0,-1902,23,23,6,4,0,3839,1,,,,,,0,,0,,3,3,2,1,1536,1,3,3,2,1,1344,1,2,2,2,0,960,0,ST-IK1,Normalstation Innere Medizin / Kardiologie,30,Innere Medizin und Kardiologie,10.0,22.0,06:00,14:00,450,,13:30,21:30,450,F,21:15,06:15,495,F|S,11,10,8,10,30,45,8,38.5,30,0.1,0,2.0.0,20261133
PK-004,2026-11-17,history,-13,Dienstag,2,47,0,0,,Pflegefachkraft,Pflegefachkraft,EXAM,1.0,38.5,9240,9240,8316,10164,5,2,2,8,1,1,Pflegefachkraft,0,0.0,-2625,23,23,6,4,0,3839,1,,,,,,0,,0,,3,3,2,1,1536,1,3,3,2,1,1344,1,2,2,2,0,960,0,ST-IK1,Normalstation Innere Medizin / Kardiologie,30,Innere Medizin und Kardiologie,10.0,22.0,06:00,14:00,450,,13:30,21:30,450,F,21:15,06:15,495,F|S,11,10,8,10,30,45,8,38.5,30,0.1,0,2.0.0,20261133
PK-005,2026-11-17,history,-13,Dienstag,2,47,0,0,,Pflegefachkraft,Pflegefachkraft,EXAM,1.0,38.5,9240,9240,8316,10164,5,2,2,8,1,1,Pflegefachkraft,0,0.0,-2625,23,23,6,4,0,3839,1,,,,,,0,,0,,3,3,2,1,1536,1,3,3,2,1,1344,1,2,2,2,0,960,0,ST-IK1,Normalstation Innere Medizin / Kardiologie,30,Innere Medizin und Kardiologie,10.0,22.0,06:00,14:00,450,,13:30,21:30,450,F,21:15,06:15,495,F|S,11,10,8,10,30,45,8,38.5,30,0.1,0,2.0.0,20261133
PK-006,2026-11-17,history,-13,Dienstag,2,47,0,0,,Pflegefachkraft,Pflegefachkraft,EXAM|PRAXISANLEITUNG|KARDIO_MONITORING,1.0,38.5,9240,9240,8316,10164,5,2,2,8,1,1,Pflegefachkraft,0,0.0,1104,23,23,6,4,0,3839,1,,,,,N,0,,0,,3,3,2,1,1536,1,3,3,2,1,1344,1,2,2,2,0,960,0,ST-IK1,Normalstation Innere Medizin / Kardiologie,30,Innere Medizin und Kardiologie,10.0,22.0,06:00,14:00,450,,13:30,21:30,450,F,21:15,06:15,495,F|S,11,10,8,10,30,45,8,38.5,30,0.1,0,2.0.0,20261133
PK-007,2026-11-17,history,-13,Dienstag,2,47,0,0,,Pflegefachkraft,Pflegefachkraft,EXAM,0.75,28.88,6931,6931,6238,7624,5,2,2,8,1,1,Pflegefachkraft,0,0.0,-1800,23,23,6,4,0,3839,1,,,,,,0,,0,,3,3,2,1,1536,1,3,3,2,1,1344,1,2,2,2,0,960,0,ST-IK1,Normalstation Innere Medizin / Kardiologie,30,Innere Medizin und Kardiologie,10.0,22.0,06:00,14:00,450,,13:30,21:30,450,F,21:15,06:15,495,F|S,11,10,8,10,30,45,8,38.5,30,0.1,0,2.0.0,20261133
PK-008,2026-11-17,history,-13,Dienstag,2,47,0,0,,Pflegefachkraft,Pflegefachkraft,EXAM|PRAXISANLEITUNG,0.6,23.1,5544,5544,4990,6098,5,2,2,8,1,1,Pflegefachkraft,0,0.0,-1449,23,23,6,4,0,3839,1,,,,,,0,,0,,3,3,2,1,1536,1,3,3,2,1,1344,1,2,2,2,0,960,0,ST-IK1,Normalstation Innere Medizin / Kardiologie,30,Innere Medizin und Kardiologie,10.0,22.0,06:00,14:00,450,,13:30,21:30,450,F,21:15,06:15,495,F|S,11,10,8,10,30,45,8,38.5,30,0.1,0,2.0.0,20261133
PK-009,2026-11-17,history,-13,Dienstag,2,47,0,0,,Pflegefachkraft,Pflegefachkraft,EXAM|KARDIO_MONITORING,0.6,23.1,5544,5544,4990,6098,5,2,2,8,1,1,Pflegefachkraft,0,0.0,-1494,23,23,6,4,0,3839,1,,,,,,0,,0,,3,3,2,1,1536,1,3,3,2,1,1344,1,2,2,2,0,960,0,ST-IK1,Normalstation Innere Medizin / Kardiologie,30,Innere Medizin und Kardiologie,10.0,22.0,06:00,14:00,450,,13:30,21:30,450,F,21:15,06:15,495,F|S,11,10,8,10,30,45,8,38.5,30,0.1,0,2.0.0,20261133
PK-010,2026-11-17,history,-13,Dienstag,2,47,0,0,,Pflegefachkraft,Pflegefachkraft,EXAM|KARDIO_MONITORING,0.9,34.65,8316,8316,7484,9148,5,2,2,8,1,1,Pflegefachkraft,0,0.0,-1971,23,23,6,4,0,3839,1,,,,,,0,,0,,3,3,2,1,1536,1,3,3,2,1,1344,1,2,2,2,0,960,0,ST-IK1,Normalstation Innere Medizin / Kardiologie,30,Innere Medizin und Kardiologie,10.0,22.0,06:00,14:00,450,,13:30,21:30,450,F,21:15,06:15,495,F|S,11,10,8,10,30,45,8,38.5,30,0.1,0,2.0.0,20261133
PK-011,2026-11-17,history,-13,Dienstag,2,47,0,0,,Pflegefachkraft,Pflegefachkraft,EXAM|PRAXISANLEITUNG,0.5,19.25,4620,4620,4158,5082,5,2,2,8,1,1,Pflegefachkraft,0,0.0,-885,23,23,6,4,0,3839,1,,,,,F,0,,0,,3,3,2,1,1536,1,3,3,2,1,1344,1,2,2,2,0,960,0,ST-IK1,Normalstation Innere Medizin / Kardiologie,30,Innere Medizin und Kardiologie,10.0,22.0,06:00,14:00,450,,13:30,21:30,450,F,21:15,06:15,495,F|S,11,10,8,10,30,45,8,38.5,30,0.1,0,2.0.0,20261133
PK-012,2026-11-17,history,-13,Dienstag,2,47,0,0,,Pflegefachkraft,Pflegefachkraft,EXAM|KARDIO_MONITORING,0.75,28.88,6931,6931,6238,7624,5,2,2,8,1,1,Pflegefachkraft,0,0.0,-1845,23,23,6,4,0,3839,1,,,,,,0,,0,,3,3,2,1,1536,1,3,3,2,1,1344,1,2,2,2,0,960,0,ST-IK1,Normalstation Innere Medizin / Kardiologie,30,Innere Medizin und Kardiologie,10.0,22.0,06:00,14:00,450,,13:30,21:30,450,F,21:15,06:15,495,F|S,11,10,8,10,30,45,8,38.5,30,0.1,0,2.0.0,20261133
PK-013,2026-11-17,history,-13,Dienstag,2,47,0,0,,Pflegefachkraft,Pflegefachkraft,EXAM,1.0,38.5,9240,9240,8316,10164,5,2,2,8,1,1,Pflegefachkraft,0,0.0,-2445,23,23,6,4,0,3839,1,,,,,S,0,,0,,3,3,2,1,1536,1,3,3,2,1,1344,1,2,2,2,0,960,0,ST-IK1,Normalstation Innere Medizin / Kardiologie,30,Innere Medizin und Kardiologie,10.0,22.0,06:00,14:00,450,,13:30,21:30,450,F,21:15,06:15,495,F|S,11,10,8,10,30,45,8,38.5,30,0.1,0,2.0.0,20261133
PK-014,2026-11-17,history,-13,Dienstag,2,47,0,0,,Pflegefachkraft,Pflegefachkraft,EXAM|PRAXISANLEITUNG,0.75,28.88,6931,6931,6238,7624,5,2,2,8,1,1,Pflegefachkraft,0,0.0,-1440,23,23,6,4,0,3839,1,,,,,S,0,,0,,3,3,2,1,1536,1,3,3,2,1,1344,1,2,2,2,0,960,0,ST-IK1,Normalstation Innere Medizin / Kardiologie,30,Innere Medizin und Kardiologie,10.0,22.0,06:00,14:00,450,,13:30,21:30,450,F,21:15,06:15,495,F|S,11,10,8,10,30,45,8,38.5,30,0.1,0,2.0.0,20261133
PK-015,2026-11-17,history,-13,Dienstag,2,47,0,0,,Pflegefachkraft,Pflegefachkraft,EXAM|KARDIO_MONITORING,0.8,30.8,7392,7392,6653,8131,5,2,2,8,1,1,Pflegefachkraft,0,0.0,-1992,23,23,6,4,0,3839,1,,,,,,0,,0,,3,3,2,1,1536,1,3,3,2,1,1344,1,2,2,2,0,960,0,ST-IK1,Normalstation Innere Medizin / Kardiologie,30,Innere Medizin und Kardiologie,10.0,22.0,06:00,14:00,450,,13:30,21:30,450,F,21:15,06:15,495,F|S,11,10,8,10,30,45,8,38.5,30,0.1,0,2.0.0,20261133
PK-016,2026-11-17,history,-13,Dienstag,2,47,0,0,,Pflegefachkraft,Pflegefachkraft,EXAM|KARDIO_MONITORING,0.7,26.95,6468,6468,5821,7115,5,2,2,8,1,1,Pflegefachkraft,0,0.0,566,23,23,6,4,0,3839,1,,,,,N,0,,0,,3,3,2,1,1536,1,3,3,2,1,1344,1,2,2,2,0,960,0,ST-IK1,Normalstation Innere Medizin / Kardiologie,30,Innere Medizin und Kardiologie,10.0,22.0,06:00,14:00,450,,13:30,21:30,450,F,21:15,06:15,495,F|S,11,10,8,10,30,45,8,38.5,30,0.1,0,2.0.0,20261133
PK-017,2026-11-17,history,-13,Dienstag,2,47,0,0,,Pflegefachkraft,Pflegefachkraft,EXAM|PRAXISANLEITUNG|KARDIO_MONITORING,1.0,38.5,9240,9240,8316,10164,5,2,2,8,1,1,Pflegefachkraft,0,0.0,-2265,23,23,6,4,0,3839,1,,,,,,0,,0,,3,3,2,1,1536,1,3,3,2,1,1344,1,2,2,2,0,960,0,ST-IK1,Normalstation Innere Medizin / Kardiologie,30,Innere Medizin und Kardiologie,10.0,22.0,06:00,14:00,450,,13:30,21:30,450,F,21:15,06:15,495,F|S,11,10,8,10,30,45,8,38.5,30,0.1,0,2.0.0,20261133
PK-018,2026-11-17,history,-13,Dienstag,2,47,0,0,,Pflegefachkraft,Pflegefachkraft,EXAM,0.5,19.25,4620,4620,4158,5082,5,2,2,8,1,1,Pflegefachkraft,0,0.0,-885,23,23,6,4,0,3839,1,,,,,S,0,,0,,3,3,2,1,1536,1,3,3,2,1,1344,1,2,2,2,0,960,0,ST-IK1,Normalstation Innere Medizin / Kardiologie,30,Innere Medizin und Kardiologie,10.0,22.0,06:00,14:00,450,,13:30,21:30,450,F,21:15,06:15,495,F|S,11,10,8,10,30,45,8,38.5,30,0.1,0,2.0.0,20261133
AZ-001,2026-11-18,history,-12,Mittwoch,3,47,0,0,,Auszubildende_r_3_Ausbildungsjahr,Auszubildende,AUSZUBILDEND,1.0,38.5,9240,9240,8316,10164,5,2,2,8,1,0,nicht anrechenbar,0,0.0,-9240,23,22,2,6,1,4271,1,,,,,,0,,0,,4,3,3,1,1708,1,3,3,2,1,1495,1,2,1,2,0,1068,0,ST-IK1,Normalstation Innere Medizin / Kardiologie,30,Innere Medizin und Kardiologie,10.0,22.0,06:00,14:00,450,,13:30,21:30,450,F,21:15,06:15,495,F|S,11,10,8,10,30,45,8,38.5,30,0.1,0,2.0.0,20261133
AZ-002,2026-11-18,history,-12,Mittwoch,3,47,0,0,,Auszubildende_r_2_Ausbildungsjahr,Auszubildende,AUSZUBILDEND,1.0,38.5,9240,9240,8316,10164,5,2,2,8,1,0,nicht anrechenbar,0,0.0,-9240,23,22,2,6,1,4271,1,,,,,,0,,0,,4,3,3,1,1708,1,3,3,2,1,1495,1,2,1,2,0,1068,0,ST-IK1,Normalstation Innere Medizin / Kardiologie,30,Innere Medizin und Kardiologie,10.0,22.0,06:00,14:00,450,,13:30,21:30,450,F,21:15,06:15,495,F|S,11,10,8,10,30,45,8,38.5,30,0.1,0,2.0.0,20261133
AZ-003,2026-11-18,history,-12,Mittwoch,3,47,0,0,,Auszubildende_r_1_Ausbildungsjahr,Auszubildende,AUSZUBILDEND,1.0,38.5,9240,9240,8316,10164,5,2,2,0,0,0,nicht anrechenbar,0,0.0,-6006,23,22,2,6,1,4271,0,URLAUB,,,,,0,,0,,4,3,3,1,1708,1,3,3,2,1,1495,1,2,1,2,0,1068,0,ST-IK1,Normalstation Innere Medizin / Kardiologie,30,Innere Medizin und Kardiologie,10.0,22.0,06:00,14:00,450,,13:30,21:30,450,F,21:15,06:15,495,F|S,11,10,8,10,30,45,8,38.5,30,0.1,0,2.0.0,20261133
PH-001,2026-11-18,history,-12,Mittwoch,3,47,0,0,,Pflegehilfskraft,Pflegehilfskraft,PFLEGEHILFE,0.75,28.88,6931,6931,6238,7624,5,2,2,0,0,1,Pflegehilfskraft,0,0.0,-1530,23,22,2,6,1,4271,1,,,,,,0,,0,,4,3,3,1,1708,1,3,3,2,1,1495,1,2,1,2,0,1068,0,ST-IK1,Normalstation Innere Medizin / Kardiologie,30,Innere Medizin und Kardiologie,10.0,22.0,06:00,14:00,450,,13:30,21:30,450,F,21:15,06:15,495,F|S,11,10,8,10,30,45,8,38.5,30,0.1,0,2.0.0,20261133
PH-002,2026-11-18,history,-12,Mittwoch,3,47,0,0,,Pflegehilfskraft,Pflegehilfskraft,PFLEGEHILFE,0.5,19.25,4620,4620,4158,5082,5,2,2,0,0,1,Pflegehilfskraft,0,0.0,-1020,23,22,2,6,1,4271,1,,,,,,0,,0,,4,3,3,1,1708,1,3,3,2,1,1495,1,2,1,2,0,1068,0,ST-IK1,Normalstation Innere Medizin / Kardiologie,30,Innere Medizin und Kardiologie,10.0,22.0,06:00,14:00,450,,13:30,21:30,450,F,21:15,06:15,495,F|S,11,10,8,10,30,45,8,38.5,30,0.1,0,2.0.0,20261133
PK-001,2026-11-18,history,-12,Mittwoch,3,47,0,0,,Stationsleitung,Pflegefachkraft,EXAM|LEITUNG|PRAXISANLEITUNG,1.0,38.5,9240,4620,4158,5082,5,2,2,0,0,1,Pflegefachkraft,1,0.5,2130,23,22,2,6,1,4271,1,,,,,,0,,0,,4,3,3,1,1708,1,3,3,2,1,1495,1,2,1,2,0,1068,0,ST-IK1,Normalstation Innere Medizin / Kardiologie,30,Innere Medizin und Kardiologie,10.0,22.0,06:00,14:00,450,,13:30,21:30,450,F,21:15,06:15,495,F|S,11,10,8,10,30,45,8,38.5,30,0.1,0,2.0.0,20261133
PK-002,2026-11-18,history,-12,Mittwoch,3,47,0,0,,Pflegefachkraft,Pflegefachkraft,EXAM|PRAXISANLEITUNG,0.8,30.8,7392,7392,6653,8131,5,2,2,8,1,1,Pflegefachkraft,0,0.0,-1857,23,22,2,6,1,4271,1,,,,,,0,,0,,4,3,3,1,1708,1,3,3,2,1,1495,1,2,1,2,0,1068,0,ST-IK1,Normalstation Innere Medizin / Kardiologie,30,Innere Medizin und Kardiologie,10.0,22.0,06:00,14:00,450,,13:30,21:30,450,F,21:15,06:15,495,F|S,11,10,8,10,30,45,8,38.5,30,0.1,0,2.0.0,20261133
PK-003,2026-11-18,history,-12,Mittwoch,3,47,0,0,,Pflegefachkraft,Pflegefachkraft,EXAM,0.8,30.8,7392,7392,6653,8131,5,2,2,8,1,1,Pflegefachkraft,0,0.0,-1902,23,22,2,6,1,4271,1,,,,,,0,,0,,4,3,3,1,1708,1,3,3,2,1,1495,1,2,1,2,0,1068,0,ST-IK1,Normalstation Innere Medizin / Kardiologie,30,Innere Medizin und Kardiologie,10.0,22.0,06:00,14:00,450,,13:30,21:30,450,F,21:15,06:15,495,F|S,11,10,8,10,30,45,8,38.5,30,0.1,0,2.0.0,20261133
PK-004,2026-11-18,history,-12,Mittwoch,3,47,0,0,,Pflegefachkraft,Pflegefachkraft,EXAM,1.0,38.5,9240,9240,8316,10164,5,2,2,8,1,1,Pflegefachkraft,0,0.0,-2625,23,22,2,6,1,4271,1,,,,,F,0,,0,,4,3,3,1,1708,1,3,3,2,1,1495,1,2,1,2,0,1068,0,ST-IK1,Normalstation Innere Medizin / Kardiologie,30,Innere Medizin und Kardiologie,10.0,22.0,06:00,14:00,450,,13:30,21:30,450,F,21:15,06:15,495,F|S,11,10,8,10,30,45,8,38.5,30,0.1,0,2.0.0,20261133
PK-005,2026-11-18,history,-12,Mittwoch,3,47,0,0,,Pflegefachkraft,Pflegefachkraft,EXAM,1.0,38.5,9240,9240,8316,10164,5,2,2,8,1,1,Pflegefachkraft,0,0.0,-2625,23,22,2,6,1,4271,1,,,,,F,0,,0,,4,3,3,1,1708,1,3,3,2,1,1495,1,2,1,2,0,1068,0,ST-IK1,Normalstation Innere Medizin / Kardiologie,30,Innere Medizin und Kardiologie,10.0,22.0,06:00,14:00,450,,13:30,21:30,450,F,21:15,06:15,495,F|S,11,10,8,10,30,45,8,38.5,30,0.1,0,2.0.0,20261133
PK-006,2026-11-18,history,-12,Mittwoch,3,47,0,0,,Pflegefachkraft,Pflegefachkraft,EXAM|PRAXISANLEITUNG|KARDIO_MONITORING,1.0,38.5,9240,9240,8316,10164,5,2,2,8,1,1,Pflegefachkraft,0,0.0,1104,23,22,2,6,1,4271,1,,,,,N,0,,0,,4,3,3,1,1708,1,3,3,2,1,1495,1,2,1,2,0,1068,0,ST-IK1,Normalstation Innere Medizin / Kardiologie,30,Innere Medizin und Kardiologie,10.0,22.0,06:00,14:00,450,,13:30,21:30,450,F,21:15,06:15,495,F|S,11,10,8,10,30,45,8,38.5,30,0.1,0,2.0.0,20261133
PK-007,2026-11-18,history,-12,Mittwoch,3,47,0,0,,Pflegefachkraft,Pflegefachkraft,EXAM,0.75,28.88,6931,6931,6238,7624,5,2,2,8,1,1,Pflegefachkraft,0,0.0,-1800,23,22,2,6,1,4271,1,,,,,N,0,,0,,4,3,3,1,1708,1,3,3,2,1,1495,1,2,1,2,0,1068,0,ST-IK1,Normalstation Innere Medizin / Kardiologie,30,Innere Medizin und Kardiologie,10.0,22.0,06:00,14:00,450,,13:30,21:30,450,F,21:15,06:15,495,F|S,11,10,8,10,30,45,8,38.5,30,0.1,0,2.0.0,20261133
PK-008,2026-11-18,history,-12,Mittwoch,3,47,0,0,,Pflegefachkraft,Pflegefachkraft,EXAM|PRAXISANLEITUNG,0.6,23.1,5544,5544,4990,6098,5,2,2,8,1,1,Pflegefachkraft,0,0.0,-1449,23,22,2,6,1,4271,1,,,,,S,0,,0,,4,3,3,1,1708,1,3,3,2,1,1495,1,2,1,2,0,1068,0,ST-IK1,Normalstation Innere Medizin / Kardiologie,30,Innere Medizin und Kardiologie,10.0,22.0,06:00,14:00,450,,13:30,21:30,450,F,21:15,06:15,495,F|S,11,10,8,10,30,45,8,38.5,30,0.1,0,2.0.0,20261133
PK-009,2026-11-18,history,-12,Mittwoch,3,47,0,0,,Pflegefachkraft,Pflegefachkraft,EXAM|KARDIO_MONITORING,0.6,23.1,5544,5544,4990,6098,5,2,2,8,1,1,Pflegefachkraft,0,0.0,-1494,23,22,2,6,1,4271,1,,,,,F,0,,0,,4,3,3,1,1708,1,3,3,2,1,1495,1,2,1,2,0,1068,0,ST-IK1,Normalstation Innere Medizin / Kardiologie,30,Innere Medizin und Kardiologie,10.0,22.0,06:00,14:00,450,,13:30,21:30,450,F,21:15,06:15,495,F|S,11,10,8,10,30,45,8,38.5,30,0.1,0,2.0.0,20261133
PK-010,2026-11-18,history,-12,Mittwoch,3,47,0,0,,Pflegefachkraft,Pflegefachkraft,EXAM|KARDIO_MONITORING,0.9,34.65,8316,8316,7484,9148,5,2,2,8,1,1,Pflegefachkraft,0,0.0,-1971,23,22,2,6,1,4271,1,,,,,,0,,0,,4,3,3,1,1708,1,3,3,2,1,1495,1,2,1,2,0,1068,0,ST-IK1,Normalstation Innere Medizin / Kardiologie,30,Innere Medizin und Kardiologie,10.0,22.0,06:00,14:00,450,,13:30,21:30,450,F,21:15,06:15,495,F|S,11,10,8,10,30,45,8,38.5,30,0.1,0,2.0.0,20261133
PK-011,2026-11-18,history,-12,Mittwoch,3,47,0,0,,Pflegefachkraft,Pflegefachkraft,EXAM|PRAXISANLEITUNG,0.5,19.25,4620,4620,4158,5082,5,2,2,8,1,1,Pflegefachkraft,0,0.0,-885,23,22,2,6,1,4271,1,,,,,,0,,0,,4,3,3,1,1708,1,3,3,2,1,1495,1,2,1,2,0,1068,0,ST-IK1,Normalstation Innere Medizin / Kardiologie,30,Innere Medizin und Kardiologie,10.0,22.0,06:00,14:00,450,,13:30,21:30,450,F,21:15,06:15,495,F|S,11,10,8,10,30,45,8,38.5,30,0.1,0,2.0.0,20261133
PK-012,2026-11-18,history,-12,Mittwoch,3,47,0,0,,Pflegefachkraft,Pflegefachkraft,EXAM|KARDIO_MONITORING,0.75,28.88,6931,6931,6238,7624,5,2,2,8,1,1,Pflegefachkraft,0,0.0,-1845,23,22,2,6,1,4271,1,,,,,F,0,,0,,4,3,3,1,1708,1,3,3,2,1,1495,1,2,1,2,0,1068,0,ST-IK1,Normalstation Innere Medizin / Kardiologie,30,Innere Medizin und Kardiologie,10.0,22.0,06:00,14:00,450,,13:30,21:30,450,F,21:15,06:15,495,F|S,11,10,8,10,30,45,8,38.5,30,0.1,0,2.0.0,20261133
PK-013,2026-11-18,history,-12,Mittwoch,3,47,0,0,,Pflegefachkraft,Pflegefachkraft,EXAM,1.0,38.5,9240,9240,8316,10164,5,2,2,8,1,1,Pflegefachkraft,0,0.0,-2445,23,22,2,6,1,4271,1,,,,,,0,,0,,4,3,3,1,1708,1,3,3,2,1,1495,1,2,1,2,0,1068,0,ST-IK1,Normalstation Innere Medizin / Kardiologie,30,Innere Medizin und Kardiologie,10.0,22.0,06:00,14:00,450,,13:30,21:30,450,F,21:15,06:15,495,F|S,11,10,8,10,30,45,8,38.5,30,0.1,0,2.0.0,20261133
PK-014,2026-11-18,history,-12,Mittwoch,3,47,0,0,,Pflegefachkraft,Pflegefachkraft,EXAM|PRAXISANLEITUNG,0.75,28.88,6931,6931,6238,7624,5,2,2,8,1,1,Pflegefachkraft,0,0.0,-1440,23,22,2,6,1,4271,1,,,,,,0,,0,,4,3,3,1,1708,1,3,3,2,1,1495,1,2,1,2,0,1068,0,ST-IK1,Normalstation Innere Medizin / Kardiologie,30,Innere Medizin und Kardiologie,10.0,22.0,06:00,14:00,450,,13:30,21:30,450,F,21:15,06:15,495,F|S,11,10,8,10,30,45,8,38.5,30,0.1,0,2.0.0,20261133
PK-015,2026-11-18,history,-12,Mittwoch,3,47,0,0,,Pflegefachkraft,Pflegefachkraft,EXAM|KARDIO_MONITORING,0.8,30.8,7392,7392,6653,8131,5,2,2,8,1,1,Pflegefachkraft,0,0.0,-1992,23,22,2,6,1,4271,1,,,,,S,0,,0,,4,3,3,1,1708,1,3,3,2,1,1495,1,2,1,2,0,1068,0,ST-IK1,Normalstation Innere Medizin / Kardiologie,30,Innere Medizin und Kardiologie,10.0,22.0,06:00,14:00,450,,13:30,21:30,450,F,21:15,06:15,495,F|S,11,10,8,10,30,45,8,38.5,30,0.1,0,2.0.0,20261133
PK-016,2026-11-18,history,-12,Mittwoch,3,47,0,0,,Pflegefachkraft,Pflegefachkraft,EXAM|KARDIO_MONITORING,0.7,26.95,6468,6468,5821,7115,5,2,2,8,1,1,Pflegefachkraft,0,0.0,566,23,22,2,6,1,4271,1,,,,,,0,,0,,4,3,3,1,1708,1,3,3,2,1,1495,1,2,1,2,0,1068,0,ST-IK1,Normalstation Innere Medizin / Kardiologie,30,Innere Medizin und Kardiologie,10.0,22.0,06:00,14:00,450,,13:30,21:30,450,F,21:15,06:15,495,F|S,11,10,8,10,30,45,8,38.5,30,0.1,0,2.0.0,20261133
PK-017,2026-11-18,history,-12,Mittwoch,3,47,0,0,,Pflegefachkraft,Pflegefachkraft,EXAM|PRAXISANLEITUNG|KARDIO_MONITORING,1.0,38.5,9240,9240,8316,10164,5,2,2,8,1,1,Pflegefachkraft,0,0.0,-2265,23,22,2,6,1,4271,1,,,,,S,0,,0,,4,3,3,1,1708,1,3,3,2,1,1495,1,2,1,2,0,1068,0,ST-IK1,Normalstation Innere Medizin / Kardiologie,30,Innere Medizin und Kardiologie,10.0,22.0,06:00,14:00,450,,13:30,21:30,450,F,21:15,06:15,495,F|S,11,10,8,10,30,45,8,38.5,30,0.1,0,2.0.0,20261133
PK-018,2026-11-18,history,-12,Mittwoch,3,47,0,0,,Pflegefachkraft,Pflegefachkraft,EXAM,0.5,19.25,4620,4620,4158,5082,5,2,2,8,1,1,Pflegefachkraft,0,0.0,-885,23,22,2,6,1,4271,1,,,,,,0,,0,,4,3,3,1,1708,1,3,3,2,1,1495,1,2,1,2,0,1068,0,ST-IK1,Normalstation Innere Medizin / Kardiologie,30,Innere Medizin und Kardiologie,10.0,22.0,06:00,14:00,450,,13:30,21:30,450,F,21:15,06:15,495,F|S,11,10,8,10,30,45,8,38.5,30,0.1,0,2.0.0,20261133
AZ-001,2026-11-19,history,-11,Donnerstag,4,47,0,0,,Auszubildende_r_3_Ausbildungsjahr,Auszubildende,AUSZUBILDEND,1.0,38.5,9240,9240,8316,10164,5,2,2,8,1,0,nicht anrechenbar,0,0.0,-9240,23,22,8,7,1,4282,1,,,,,,0,,0,,4,3,3,1,1713,1,3,3,2,1,1499,1,2,1,2,0,1070,0,ST-IK1,Normalstation Innere Medizin / Kardiologie,30,Innere Medizin und Kardiologie,10.0,22.0,06:00,14:00,450,,13:30,21:30,450,F,21:15,06:15,495,F|S,11,10,8,10,30,45,8,38.5,30,0.1,0,2.0.0,20261133
AZ-002,2026-11-19,history,-11,Donnerstag,4,47,0,0,,Auszubildende_r_2_Ausbildungsjahr,Auszubildende,AUSZUBILDEND,1.0,38.5,9240,9240,8316,10164,5,2,2,8,1,0,nicht anrechenbar,0,0.0,-9240,23,22,8,7,1,4282,1,,,,,,0,,0,,4,3,3,1,1713,1,3,3,2,1,1499,1,2,1,2,0,1070,0,ST-IK1,Normalstation Innere Medizin / Kardiologie,30,Innere Medizin und Kardiologie,10.0,22.0,06:00,14:00,450,,13:30,21:30,450,F,21:15,06:15,495,F|S,11,10,8,10,30,45,8,38.5,30,0.1,0,2.0.0,20261133
AZ-003,2026-11-19,history,-11,Donnerstag,4,47,0,0,,Auszubildende_r_1_Ausbildungsjahr,Auszubildende,AUSZUBILDEND,1.0,38.5,9240,9240,8316,10164,5,2,2,0,0,0,nicht anrechenbar,0,0.0,-6006,23,22,8,7,1,4282,0,URLAUB,,,,,0,,0,,4,3,3,1,1713,1,3,3,2,1,1499,1,2,1,2,0,1070,0,ST-IK1,Normalstation Innere Medizin / Kardiologie,30,Innere Medizin und Kardiologie,10.0,22.0,06:00,14:00,450,,13:30,21:30,450,F,21:15,06:15,495,F|S,11,10,8,10,30,45,8,38.5,30,0.1,0,2.0.0,20261133
PH-001,2026-11-19,history,-11,Donnerstag,4,47,0,0,,Pflegehilfskraft,Pflegehilfskraft,PFLEGEHILFE,0.75,28.88,6931,6931,6238,7624,5,2,2,0,0,1,Pflegehilfskraft,0,0.0,-1530,23,22,8,7,1,4282,1,,,,,S,0,,0,,4,3,3,1,1713,1,3,3,2,1,1499,1,2,1,2,0,1070,0,ST-IK1,Normalstation Innere Medizin / Kardiologie,30,Innere Medizin und Kardiologie,10.0,22.0,06:00,14:00,450,,13:30,21:30,450,F,21:15,06:15,495,F|S,11,10,8,10,30,45,8,38.5,30,0.1,0,2.0.0,20261133
PH-002,2026-11-19,history,-11,Donnerstag,4,47,0,0,,Pflegehilfskraft,Pflegehilfskraft,PFLEGEHILFE,0.5,19.25,4620,4620,4158,5082,5,2,2,0,0,1,Pflegehilfskraft,0,0.0,-1020,23,22,8,7,1,4282,1,,,,,,0,,0,,4,3,3,1,1713,1,3,3,2,1,1499,1,2,1,2,0,1070,0,ST-IK1,Normalstation Innere Medizin / Kardiologie,30,Innere Medizin und Kardiologie,10.0,22.0,06:00,14:00,450,,13:30,21:30,450,F,21:15,06:15,495,F|S,11,10,8,10,30,45,8,38.5,30,0.1,0,2.0.0,20261133
PK-001,2026-11-19,history,-11,Donnerstag,4,47,0,0,,Stationsleitung,Pflegefachkraft,EXAM|LEITUNG|PRAXISANLEITUNG,1.0,38.5,9240,4620,4158,5082,5,2,2,0,0,1,Pflegefachkraft,1,0.5,2130,23,22,8,7,1,4282,1,,,,,F,0,,0,,4,3,3,1,1713,1,3,3,2,1,1499,1,2,1,2,0,1070,0,ST-IK1,Normalstation Innere Medizin / Kardiologie,30,Innere Medizin und Kardiologie,10.0,22.0,06:00,14:00,450,,13:30,21:30,450,F,21:15,06:15,495,F|S,11,10,8,10,30,45,8,38.5,30,0.1,0,2.0.0,20261133
PK-002,2026-11-19,history,-11,Donnerstag,4,47,0,0,,Pflegefachkraft,Pflegefachkraft,EXAM|PRAXISANLEITUNG,0.8,30.8,7392,7392,6653,8131,5,2,2,8,1,1,Pflegefachkraft,0,0.0,-1857,23,22,8,7,1,4282,1,,,,,F,0,,0,,4,3,3,1,1713,1,3,3,2,1,1499,1,2,1,2,0,1070,0,ST-IK1,Normalstation Innere Medizin / Kardiologie,30,Innere Medizin und Kardiologie,10.0,22.0,06:00,14:00,450,,13:30,21:30,450,F,21:15,06:15,495,F|S,11,10,8,10,30,45,8,38.5,30,0.1,0,2.0.0,20261133
PK-003,2026-11-19,history,-11,Donnerstag,4,47,0,0,,Pflegefachkraft,Pflegefachkraft,EXAM,0.8,30.8,7392,7392,6653,8131,5,2,2,8,1,1,Pflegefachkraft,0,0.0,-1902,23,22,8,7,1,4282,1,,,,,N,0,,0,,4,3,3,1,1713,1,3,3,2,1,1499,1,2,1,2,0,1070,0,ST-IK1,Normalstation Innere Medizin / Kardiologie,30,Innere Medizin und Kardiologie,10.0,22.0,06:00,14:00,450,,13:30,21:30,450,F,21:15,06:15,495,F|S,11,10,8,10,30,45,8,38.5,30,0.1,0,2.0.0,20261133
PK-004,2026-11-19,history,-11,Donnerstag,4,47,0,0,,Pflegefachkraft,Pflegefachkraft,EXAM,1.0,38.5,9240,9240,8316,10164,5,2,2,8,1,1,Pflegefachkraft,0,0.0,-2625,23,22,8,7,1,4282,1,,,,,S,0,,0,,4,3,3,1,1713,1,3,3,2,1,1499,1,2,1,2,0,1070,0,ST-IK1,Normalstation Innere Medizin / Kardiologie,30,Innere Medizin und Kardiologie,10.0,22.0,06:00,14:00,450,,13:30,21:30,450,F,21:15,06:15,495,F|S,11,10,8,10,30,45,8,38.5,30,0.1,0,2.0.0,20261133
PK-005,2026-11-19,history,-11,Donnerstag,4,47,0,0,,Pflegefachkraft,Pflegefachkraft,EXAM,1.0,38.5,9240,9240,8316,10164,5,2,2,8,1,1,Pflegefachkraft,0,0.0,-2625,23,22,8,7,1,4282,1,,,,,S,0,,0,,4,3,3,1,1713,1,3,3,2,1,1499,1,2,1,2,0,1070,0,ST-IK1,Normalstation Innere Medizin / Kardiologie,30,Innere Medizin und Kardiologie,10.0,22.0,06:00,14:00,450,,13:30,21:30,450,F,21:15,06:15,495,F|S,11,10,8,10,30,45,8,38.5,30,0.1,0,2.0.0,20261133
PK-006,2026-11-19,history,-11,Donnerstag,4,47,0,0,,Pflegefachkraft,Pflegefachkraft,EXAM|PRAXISANLEITUNG|KARDIO_MONITORING,1.0,38.5,9240,9240,8316,10164,5,2,2,8,1,1,Pflegefachkraft,0,0.0,1104,23,22,8,7,1,4282,1,,,,,N,0,,0,,4,3,3,1,1713,1,3,3,2,1,1499,1,2,1,2,0,1070,0,ST-IK1,Normalstation Innere Medizin / Kardiologie,30,Innere Medizin und Kardiologie,10.0,22.0,06:00,14:00,450,,13:30,21:30,450,F,21:15,06:15,495,F|S,11,10,8,10,30,45,8,38.5,30,0.1,0,2.0.0,20261133
PK-007,2026-11-19,history,-11,Donnerstag,4,47,0,0,,Pflegefachkraft,Pflegefachkraft,EXAM,0.75,28.88,6931,6931,6238,7624,5,2,2,8,1,1,Pflegefachkraft,0,0.0,-1800,23,22,8,7,1,4282,1,,,,,,0,,0,,4,3,3,1,1713,1,3,3,2,1,1499,1,2,1,2,0,1070,0,ST-IK1,Normalstation Innere Medizin / Kardiologie,30,Innere Medizin und Kardiologie,10.0,22.0,06:00,14:00,450,,13:30,21:30,450,F,21:15,06:15,495,F|S,11,10,8,10,30,45,8,38.5,30,0.1,0,2.0.0,20261133
PK-008,2026-11-19,history,-11,Donnerstag,4,47,0,0,,Pflegefachkraft,Pflegefachkraft,EXAM|PRAXISANLEITUNG,0.6,23.1,5544,5544,4990,6098,5,2,2,8,1,1,Pflegefachkraft,0,0.0,-1449,23,22,8,7,1,4282,1,,,,,,0,,0,,4,3,3,1,1713,1,3,3,2,1,1499,1,2,1,2,0,1070,0,ST-IK1,Normalstation Innere Medizin / Kardiologie,30,Innere Medizin und Kardiologie,10.0,22.0,06:00,14:00,450,,13:30,21:30,450,F,21:15,06:15,495,F|S,11,10,8,10,30,45,8,38.5,30,0.1,0,2.0.0,20261133
PK-009,2026-11-19,history,-11,Donnerstag,4,47,0,0,,Pflegefachkraft,Pflegefachkraft,EXAM|KARDIO_MONITORING,0.6,23.1,5544,5544,4990,6098,5,2,2,8,1,1,Pflegefachkraft,0,0.0,-1494,23,22,8,7,1,4282,1,,,,,,0,,0,,4,3,3,1,1713,1,3,3,2,1,1499,1,2,1,2,0,1070,0,ST-IK1,Normalstation Innere Medizin / Kardiologie,30,Innere Medizin und Kardiologie,10.0,22.0,06:00,14:00,450,,13:30,21:30,450,F,21:15,06:15,495,F|S,11,10,8,10,30,45,8,38.5,30,0.1,0,2.0.0,20261133
PK-010,2026-11-19,history,-11,Donnerstag,4,47,0,0,,Pflegefachkraft,Pflegefachkraft,EXAM|KARDIO_MONITORING,0.9,34.65,8316,8316,7484,9148,5,2,2,8,1,1,Pflegefachkraft,0,0.0,-1971,23,22,8,7,1,4282,1,,,,,F,0,,0,,4,3,3,1,1713,1,3,3,2,1,1499,1,2,1,2,0,1070,0,ST-IK1,Normalstation Innere Medizin / Kardiologie,30,Innere Medizin und Kardiologie,10.0,22.0,06:00,14:00,450,,13:30,21:30,450,F,21:15,06:15,495,F|S,11,10,8,10,30,45,8,38.5,30,0.1,0,2.0.0,20261133
PK-011,2026-11-19,history,-11,Donnerstag,4,47,0,0,,Pflegefachkraft,Pflegefachkraft,EXAM|PRAXISANLEITUNG,0.5,19.25,4620,4620,4158,5082,5,2,2,8,1,1,Pflegefachkraft,0,0.0,-885,23,22,8,7,1,4282,1,,,,,,0,,0,,4,3,3,1,1713,1,3,3,2,1,1499,1,2,1,2,0,1070,0,ST-IK1,Normalstation Innere Medizin / Kardiologie,30,Innere Medizin und Kardiologie,10.0,22.0,06:00,14:00,450,,13:30,21:30,450,F,21:15,06:15,495,F|S,11,10,8,10,30,45,8,38.5,30,0.1,0,2.0.0,20261133
PK-012,2026-11-19,history,-11,Donnerstag,4,47,0,0,,Pflegefachkraft,Pflegefachkraft,EXAM|KARDIO_MONITORING,0.75,28.88,6931,6931,6238,7624,5,2,2,8,1,1,Pflegefachkraft,0,0.0,-1845,23,22,8,7,1,4282,1,,,,,,0,,0,,4,3,3,1,1713,1,3,3,2,1,1499,1,2,1,2,0,1070,0,ST-IK1,Normalstation Innere Medizin / Kardiologie,30,Innere Medizin und Kardiologie,10.0,22.0,06:00,14:00,450,,13:30,21:30,450,F,21:15,06:15,495,F|S,11,10,8,10,30,45,8,38.5,30,0.1,0,2.0.0,20261133
PK-013,2026-11-19,history,-11,Donnerstag,4,47,0,0,,Pflegefachkraft,Pflegefachkraft,EXAM,1.0,38.5,9240,9240,8316,10164,5,2,2,8,1,1,Pflegefachkraft,0,0.0,-2445,23,22,8,7,1,4282,1,,,,,F,0,,0,,4,3,3,1,1713,1,3,3,2,1,1499,1,2,1,2,0,1070,0,ST-IK1,Normalstation Innere Medizin / Kardiologie,30,Innere Medizin und Kardiologie,10.0,22.0,06:00,14:00,450,,13:30,21:30,450,F,21:15,06:15,495,F|S,11,10,8,10,30,45,8,38.5,30,0.1,0,2.0.0,20261133
PK-014,2026-11-19,history,-11,Donnerstag,4,47,0,0,,Pflegefachkraft,Pflegefachkraft,EXAM|PRAXISANLEITUNG,0.75,28.88,6931,6931,6238,7624,5,2,2,8,1,1,Pflegefachkraft,0,0.0,-1440,23,22,8,7,1,4282,1,,,,,,0,,0,,4,3,3,1,1713,1,3,3,2,1,1499,1,2,1,2,0,1070,0,ST-IK1,Normalstation Innere Medizin / Kardiologie,30,Innere Medizin und Kardiologie,10.0,22.0,06:00,14:00,450,,13:30,21:30,450,F,21:15,06:15,495,F|S,11,10,8,10,30,45,8,38.5,30,0.1,0,2.0.0,20261133
PK-015,2026-11-19,history,-11,Donnerstag,4,47,0,0,,Pflegefachkraft,Pflegefachkraft,EXAM|KARDIO_MONITORING,0.8,30.8,7392,7392,6653,8131,5,2,2,8,1,1,Pflegefachkraft,0,0.0,-1992,23,22,8,7,1,4282,1,,,,,,0,,0,,4,3,3,1,1713,1,3,3,2,1,1499,1,2,1,2,0,1070,0,ST-IK1,Normalstation Innere Medizin / Kardiologie,30,Innere Medizin und Kardiologie,10.0,22.0,06:00,14:00,450,,13:30,21:30,450,F,21:15,06:15,495,F|S,11,10,8,10,30,45,8,38.5,30,0.1,0,2.0.0,20261133
PK-016,2026-11-19,history,-11,Donnerstag,4,47,0,0,,Pflegefachkraft,Pflegefachkraft,EXAM|KARDIO_MONITORING,0.7,26.95,6468,6468,5821,7115,5,2,2,8,1,1,Pflegefachkraft,0,0.0,566,23,22,8,7,1,4282,1,,,,,,0,,0,,4,3,3,1,1713,1,3,3,2,1,1499,1,2,1,2,0,1070,0,ST-IK1,Normalstation Innere Medizin / Kardiologie,30,Innere Medizin und Kardiologie,10.0,22.0,06:00,14:00,450,,13:30,21:30,450,F,21:15,06:15,495,F|S,11,10,8,10,30,45,8,38.5,30,0.1,0,2.0.0,20261133
PK-017,2026-11-19,history,-11,Donnerstag,4,47,0,0,,Pflegefachkraft,Pflegefachkraft,EXAM|PRAXISANLEITUNG|KARDIO_MONITORING,1.0,38.5,9240,9240,8316,10164,5,2,2,8,1,1,Pflegefachkraft,0,0.0,-2265,23,22,8,7,1,4282,1,,,,,,0,,0,,4,3,3,1,1713,1,3,3,2,1,1499,1,2,1,2,0,1070,0,ST-IK1,Normalstation Innere Medizin / Kardiologie,30,Innere Medizin und Kardiologie,10.0,22.0,06:00,14:00,450,,13:30,21:30,450,F,21:15,06:15,495,F|S,11,10,8,10,30,45,8,38.5,30,0.1,0,2.0.0,20261133
PK-018,2026-11-19,history,-11,Donnerstag,4,47,0,0,,Pflegefachkraft,Pflegefachkraft,EXAM,0.5,19.25,4620,4620,4158,5082,5,2,2,8,1,1,Pflegefachkraft,0,0.0,-885,23,22,8,7,1,4282,1,,,,,,0,,0,,4,3,3,1,1713,1,3,3,2,1,1499,1,2,1,2,0,1070,0,ST-IK1,Normalstation Innere Medizin / Kardiologie,30,Innere Medizin und Kardiologie,10.0,22.0,06:00,14:00,450,,13:30,21:30,450,F,21:15,06:15,495,F|S,11,10,8,10,30,45,8,38.5,30,0.1,0,2.0.0,20261133
AZ-001,2026-11-20,history,-10,Freitag,5,47,0,0,,Auszubildende_r_3_Ausbildungsjahr,Auszubildende,AUSZUBILDEND,1.0,38.5,9240,9240,8316,10164,5,2,2,8,1,0,nicht anrechenbar,0,0.0,-9240,21,21,0,2,2,3195,1,,,,,,0,,0,,3,3,2,1,1278,1,3,3,2,1,1118,1,2,1,2,0,799,0,ST-IK1,Normalstation Innere Medizin / Kardiologie,30,Innere Medizin und Kardiologie,10.0,22.0,06:00,14:00,450,,13:30,21:30,450,F,21:15,06:15,495,F|S,11,10,8,10,30,45,8,38.5,30,0.1,0,2.0.0,20261133
AZ-002,2026-11-20,history,-10,Freitag,5,47,0,0,,Auszubildende_r_2_Ausbildungsjahr,Auszubildende,AUSZUBILDEND,1.0,38.5,9240,9240,8316,10164,5,2,2,8,1,0,nicht anrechenbar,0,0.0,-9240,21,21,0,2,2,3195,1,,,,,,0,,0,,3,3,2,1,1278,1,3,3,2,1,1118,1,2,1,2,0,799,0,ST-IK1,Normalstation Innere Medizin / Kardiologie,30,Innere Medizin und Kardiologie,10.0,22.0,06:00,14:00,450,,13:30,21:30,450,F,21:15,06:15,495,F|S,11,10,8,10,30,45,8,38.5,30,0.1,0,2.0.0,20261133
AZ-003,2026-11-20,history,-10,Freitag,5,47,0,0,,Auszubildende_r_1_Ausbildungsjahr,Auszubildende,AUSZUBILDEND,1.0,38.5,9240,9240,8316,10164,5,2,2,0,0,0,nicht anrechenbar,0,0.0,-6006,21,21,0,2,2,3195,0,URLAUB,,,,,0,,0,,3,3,2,1,1278,1,3,3,2,1,1118,1,2,1,2,0,799,0,ST-IK1,Normalstation Innere Medizin / Kardiologie,30,Innere Medizin und Kardiologie,10.0,22.0,06:00,14:00,450,,13:30,21:30,450,F,21:15,06:15,495,F|S,11,10,8,10,30,45,8,38.5,30,0.1,0,2.0.0,20261133
PH-001,2026-11-20,history,-10,Freitag,5,47,0,0,,Pflegehilfskraft,Pflegehilfskraft,PFLEGEHILFE,0.75,28.88,6931,6931,6238,7624,5,2,2,0,0,1,Pflegehilfskraft,0,0.0,-1530,21,21,0,2,2,3195,1,,,,,,0,,0,,3,3,2,1,1278,1,3,3,2,1,1118,1,2,1,2,0,799,0,ST-IK1,Normalstation Innere Medizin / Kardiologie,30,Innere Medizin und Kardiologie,10.0,22.0,06:00,14:00,450,,13:30,21:30,450,F,21:15,06:15,495,F|S,11,10,8,10,30,45,8,38.5,30,0.1,0,2.0.0,20261133
PH-002,2026-11-20,history,-10,Freitag,5,47,0,0,,Pflegehilfskraft,Pflegehilfskraft,PFLEGEHILFE,0.5,19.25,4620,4620,4158,5082,5,2,2,0,0,1,Pflegehilfskraft,0,0.0,-1020,21,21,0,2,2,3195,1,,,,,S,0,,0,,3,3,2,1,1278,1,3,3,2,1,1118,1,2,1,2,0,799,0,ST-IK1,Normalstation Innere Medizin / Kardiologie,30,Innere Medizin und Kardiologie,10.0,22.0,06:00,14:00,450,,13:30,21:30,450,F,21:15,06:15,495,F|S,11,10,8,10,30,45,8,38.5,30,0.1,0,2.0.0,20261133
PK-001,2026-11-20,history,-10,Freitag,5,47,0,0,,Stationsleitung,Pflegefachkraft,EXAM|LEITUNG|PRAXISANLEITUNG,1.0,38.5,9240,4620,4158,5082,5,2,2,0,0,1,Pflegefachkraft,1,0.5,2130,21,21,0,2,2,3195,1,,,,,,0,,0,,3,3,2,1,1278,1,3,3,2,1,1118,1,2,1,2,0,799,0,ST-IK1,Normalstation Innere Medizin / Kardiologie,30,Innere Medizin und Kardiologie,10.0,22.0,06:00,14:00,450,,13:30,21:30,450,F,21:15,06:15,495,F|S,11,10,8,10,30,45,8,38.5,30,0.1,0,2.0.0,20261133
PK-002,2026-11-20,history,-10,Freitag,5,47,0,0,,Pflegefachkraft,Pflegefachkraft,EXAM|PRAXISANLEITUNG,0.8,30.8,7392,7392,6653,8131,5,2,2,8,1,1,Pflegefachkraft,0,0.0,-1857,21,21,0,2,2,3195,1,,,,,,0,,0,,3,3,2,1,1278,1,3,3,2,1,1118,1,2,1,2,0,799,0,ST-IK1,Normalstation Innere Medizin / Kardiologie,30,Innere Medizin und Kardiologie,10.0,22.0,06:00,14:00,450,,13:30,21:30,450,F,21:15,06:15,495,F|S,11,10,8,10,30,45,8,38.5,30,0.1,0,2.0.0,20261133
PK-003,2026-11-20,history,-10,Freitag,5,47,0,0,,Pflegefachkraft,Pflegefachkraft,EXAM,0.8,30.8,7392,7392,6653,8131,5,2,2,8,1,1,Pflegefachkraft,0,0.0,-1902,21,21,0,2,2,3195,1,,,,,,0,,0,,3,3,2,1,1278,1,3,3,2,1,1118,1,2,1,2,0,799,0,ST-IK1,Normalstation Innere Medizin / Kardiologie,30,Innere Medizin und Kardiologie,10.0,22.0,06:00,14:00,450,,13:30,21:30,450,F,21:15,06:15,495,F|S,11,10,8,10,30,45,8,38.5,30,0.1,0,2.0.0,20261133
PK-004,2026-11-20,history,-10,Freitag,5,47,0,0,,Pflegefachkraft,Pflegefachkraft,EXAM,1.0,38.5,9240,9240,8316,10164,5,2,2,8,1,1,Pflegefachkraft,0,0.0,-2625,21,21,0,2,2,3195,1,,,,,,0,,0,,3,3,2,1,1278,1,3,3,2,1,1118,1,2,1,2,0,799,0,ST-IK1,Normalstation Innere Medizin / Kardiologie,30,Innere Medizin und Kardiologie,10.0,22.0,06:00,14:00,450,,13:30,21:30,450,F,21:15,06:15,495,F|S,11,10,8,10,30,45,8,38.5,30,0.1,0,2.0.0,20261133
PK-005,2026-11-20,history,-10,Freitag,5,47,0,0,,Pflegefachkraft,Pflegefachkraft,EXAM,1.0,38.5,9240,9240,8316,10164,5,2,2,8,1,1,Pflegefachkraft,0,0.0,-2625,21,21,0,2,2,3195,1,,,,,,0,,0,,3,3,2,1,1278,1,3,3,2,1,1118,1,2,1,2,0,799,0,ST-IK1,Normalstation Innere Medizin / Kardiologie,30,Innere Medizin und Kardiologie,10.0,22.0,06:00,14:00,450,,13:30,21:30,450,F,21:15,06:15,495,F|S,11,10,8,10,30,45,8,38.5,30,0.1,0,2.0.0,20261133
PK-006,2026-11-20,history,-10,Freitag,5,47,0,0,,Pflegefachkraft,Pflegefachkraft,EXAM|PRAXISANLEITUNG|KARDIO_MONITORING,1.0,38.5,9240,9240,8316,10164,5,2,2,8,1,1,Pflegefachkraft,0,0.0,1104,21,21,0,2,2,3195,1,,,,,,0,,0,,3,3,2,1,1278,1,3,3,2,1,1118,1,2,1,2,0,799,0,ST-IK1,Normalstation Innere Medizin / Kardiologie,30,Innere Medizin und Kardiologie,10.0,22.0,06:00,14:00,450,,13:30,21:30,450,F,21:15,06:15,495,F|S,11,10,8,10,30,45,8,38.5,30,0.1,0,2.0.0,20261133
PK-007,2026-11-20,history,-10,Freitag,5,47,0,0,,Pflegefachkraft,Pflegefachkraft,EXAM,0.75,28.88,6931,6931,6238,7624,5,2,2,8,1,1,Pflegefachkraft,0,0.0,-1800,21,21,0,2,2,3195,1,,,,,F,0,,0,,3,3,2,1,1278,1,3,3,2,1,1118,1,2,1,2,0,799,0,ST-IK1,Normalstation Innere Medizin / Kardiologie,30,Innere Medizin und Kardiologie,10.0,22.0,06:00,14:00,450,,13:30,21:30,450,F,21:15,06:15,495,F|S,11,10,8,10,30,45,8,38.5,30,0.1,0,2.0.0,20261133
PK-008,2026-11-20,history,-10,Freitag,5,47,0,0,,Pflegefachkraft,Pflegefachkraft,EXAM|PRAXISANLEITUNG,0.6,23.1,5544,5544,4990,6098,5,2,2,8,1,1,Pflegefachkraft,0,0.0,-1449,21,21,0,2,2,3195,1,,,,,,0,,0,,3,3,2,1,1278,1,3,3,2,1,1118,1,2,1,2,0,799,0,ST-IK1,Normalstation Innere Medizin / Kardiologie,30,Innere Medizin und Kardiologie,10.0,22.0,06:00,14:00,450,,13:30,21:30,450,F,21:15,06:15,495,F|S,11,10,8,10,30,45,8,38.5,30,0.1,0,2.0.0,20261133
PK-009,2026-11-20,history,-10,Freitag,5,47,0,0,,Pflegefachkraft,Pflegefachkraft,EXAM|KARDIO_MONITORING,0.6,23.1,5544,5544,4990,6098,5,2,2,8,1,1,Pflegefachkraft,0,0.0,-1494,21,21,0,2,2,3195,1,,,,,S,0,,0,,3,3,2,1,1278,1,3,3,2,1,1118,1,2,1,2,0,799,0,ST-IK1,Normalstation Innere Medizin / Kardiologie,30,Innere Medizin und Kardiologie,10.0,22.0,06:00,14:00,450,,13:30,21:30,450,F,21:15,06:15,495,F|S,11,10,8,10,30,45,8,38.5,30,0.1,0,2.0.0,20261133
PK-010,2026-11-20,history,-10,Freitag,5,47,0,0,,Pflegefachkraft,Pflegefachkraft,EXAM|KARDIO_MONITORING,0.9,34.65,8316,8316,7484,9148,5,2,2,8,1,1,Pflegefachkraft,0,0.0,-1971,21,21,0,2,2,3195,1,,,,,S,0,,0,,3,3,2,1,1278,1,3,3,2,1,1118,1,2,1,2,0,799,0,ST-IK1,Normalstation Innere Medizin / Kardiologie,30,Innere Medizin und Kardiologie,10.0,22.0,06:00,14:00,450,,13:30,21:30,450,F,21:15,06:15,495,F|S,11,10,8,10,30,45,8,38.5,30,0.1,0,2.0.0,20261133
PK-011,2026-11-20,history,-10,Freitag,5,47,0,0,,Pflegefachkraft,Pflegefachkraft,EXAM|PRAXISANLEITUNG,0.5,19.25,4620,4620,4158,5082,5,2,2,8,1,1,Pflegefachkraft,0,0.0,-885,21,21,0,2,2,3195,1,,,,,,0,,0,,3,3,2,1,1278,1,3,3,2,1,1118,1,2,1,2,0,799,0,ST-IK1,Normalstation Innere Medizin / Kardiologie,30,Innere Medizin und Kardiologie,10.0,22.0,06:00,14:00,450,,13:30,21:30,450,F,21:15,06:15,495,F|S,11,10,8,10,30,45,8,38.5,30,0.1,0,2.0.0,20261133
PK-012,2026-11-20,history,-10,Freitag,5,47,0,0,,Pflegefachkraft,Pflegefachkraft,EXAM|KARDIO_MONITORING,0.75,28.88,6931,6931,6238,7624,5,2,2,8,1,1,Pflegefachkraft,0,0.0,-1845,21,21,0,2,2,3195,1,,,,,F,0,,0,,3,3,2,1,1278,1,3,3,2,1,1118,1,2,1,2,0,799,0,ST-IK1,Normalstation Innere Medizin / Kardiologie,30,Innere Medizin und Kardiologie,10.0,22.0,06:00,14:00,450,,13:30,21:30,450,F,21:15,06:15,495,F|S,11,10,8,10,30,45,8,38.5,30,0.1,0,2.0.0,20261133
PK-013,2026-11-20,history,-10,Freitag,5,47,0,0,,Pflegefachkraft,Pflegefachkraft,EXAM,1.0,38.5,9240,9240,8316,10164,5,2,2,8,1,1,Pflegefachkraft,0,0.0,-2445,21,21,0,2,2,3195,1,,,,,,0,,0,,3,3,2,1,1278,1,3,3,2,1,1118,1,2,1,2,0,799,0,ST-IK1,Normalstation Innere Medizin / Kardiologie,30,Innere Medizin und Kardiologie,10.0,22.0,06:00,14:00,450,,13:30,21:30,450,F,21:15,06:15,495,F|S,11,10,8,10,30,45,8,38.5,30,0.1,0,2.0.0,20261133
PK-014,2026-11-20,history,-10,Freitag,5,47,0,0,,Pflegefachkraft,Pflegefachkraft,EXAM|PRAXISANLEITUNG,0.75,28.88,6931,6931,6238,7624,5,2,2,8,1,1,Pflegefachkraft,0,0.0,-1440,21,21,0,2,2,3195,1,,,,,N,0,,0,,3,3,2,1,1278,1,3,3,2,1,1118,1,2,1,2,0,799,0,ST-IK1,Normalstation Innere Medizin / Kardiologie,30,Innere Medizin und Kardiologie,10.0,22.0,06:00,14:00,450,,13:30,21:30,450,F,21:15,06:15,495,F|S,11,10,8,10,30,45,8,38.5,30,0.1,0,2.0.0,20261133
PK-015,2026-11-20,history,-10,Freitag,5,47,0,0,,Pflegefachkraft,Pflegefachkraft,EXAM|KARDIO_MONITORING,0.8,30.8,7392,7392,6653,8131,5,2,2,8,1,1,Pflegefachkraft,0,0.0,-1992,21,21,0,2,2,3195,1,,,,,,0,,0,,3,3,2,1,1278,1,3,3,2,1,1118,1,2,1,2,0,799,0,ST-IK1,Normalstation Innere Medizin / Kardiologie,30,Innere Medizin und Kardiologie,10.0,22.0,06:00,14:00,450,,13:30,21:30,450,F,21:15,06:15,495,F|S,11,10,8,10,30,45,8,38.5,30,0.1,0,2.0.0,20261133
PK-016,2026-11-20,history,-10,Freitag,5,47,0,0,,Pflegefachkraft,Pflegefachkraft,EXAM|KARDIO_MONITORING,0.7,26.95,6468,6468,5821,7115,5,2,2,8,1,1,Pflegefachkraft,0,0.0,566,21,21,0,2,2,3195,1,,,,,F,0,,0,,3,3,2,1,1278,1,3,3,2,1,1118,1,2,1,2,0,799,0,ST-IK1,Normalstation Innere Medizin / Kardiologie,30,Innere Medizin und Kardiologie,10.0,22.0,06:00,14:00,450,,13:30,21:30,450,F,21:15,06:15,495,F|S,11,10,8,10,30,45,8,38.5,30,0.1,0,2.0.0,20261133
PK-017,2026-11-20,history,-10,Freitag,5,47,0,0,,Pflegefachkraft,Pflegefachkraft,EXAM|PRAXISANLEITUNG|KARDIO_MONITORING,1.0,38.5,9240,9240,8316,10164,5,2,2,8,1,1,Pflegefachkraft,0,0.0,-2265,21,21,0,2,2,3195,1,,,,,N,0,,0,,3,3,2,1,1278,1,3,3,2,1,1118,1,2,1,2,0,799,0,ST-IK1,Normalstation Innere Medizin / Kardiologie,30,Innere Medizin und Kardiologie,10.0,22.0,06:00,14:00,450,,13:30,21:30,450,F,21:15,06:15,495,F|S,11,10,8,10,30,45,8,38.5,30,0.1,0,2.0.0,20261133
PK-018,2026-11-20,history,-10,Freitag,5,47,0,0,,Pflegefachkraft,Pflegefachkraft,EXAM,0.5,19.25,4620,4620,4158,5082,5,2,2,8,1,1,Pflegefachkraft,0,0.0,-885,21,21,0,2,2,3195,1,,,,,,0,,0,,3,3,2,1,1278,1,3,3,2,1,1118,1,2,1,2,0,799,0,ST-IK1,Normalstation Innere Medizin / Kardiologie,30,Innere Medizin und Kardiologie,10.0,22.0,06:00,14:00,450,,13:30,21:30,450,F,21:15,06:15,495,F|S,11,10,8,10,30,45,8,38.5,30,0.1,0,2.0.0,20261133
AZ-001,2026-11-21,history,-9,Samstag,6,47,1,0,,Auszubildende_r_3_Ausbildungsjahr,Auszubildende,AUSZUBILDEND,1.0,38.5,9240,9240,8316,10164,5,2,2,8,1,0,nicht anrechenbar,0,0.0,-9240,19,18,0,3,0,2739,1,,,,,,0,,0,,3,2,2,1,1096,1,3,2,2,1,959,1,2,1,2,0,685,0,ST-IK1,Normalstation Innere Medizin / Kardiologie,30,Innere Medizin und Kardiologie,10.0,22.0,06:00,14:00,450,,13:30,21:30,450,F,21:15,06:15,495,F|S,11,10,8,10,30,45,8,38.5,30,0.1,0,2.0.0,20261133
AZ-002,2026-11-21,history,-9,Samstag,6,47,1,0,,Auszubildende_r_2_Ausbildungsjahr,Auszubildende,AUSZUBILDEND,1.0,38.5,9240,9240,8316,10164,5,2,2,8,1,0,nicht anrechenbar,0,0.0,-9240,19,18,0,3,0,2739,1,,,,,,0,,0,,3,2,2,1,1096,1,3,2,2,1,959,1,2,1,2,0,685,0,ST-IK1,Normalstation Innere Medizin / Kardiologie,30,Innere Medizin und Kardiologie,10.0,22.0,06:00,14:00,450,,13:30,21:30,450,F,21:15,06:15,495,F|S,11,10,8,10,30,45,8,38.5,30,0.1,0,2.0.0,20261133
AZ-003,2026-11-21,history,-9,Samstag,6,47,1,0,,Auszubildende_r_1_Ausbildungsjahr,Auszubildende,AUSZUBILDEND,1.0,38.5,9240,9240,8316,10164,5,2,2,0,0,0,nicht anrechenbar,0,0.0,-6006,19,18,0,3,0,2739,0,URLAUB,,,,,0,,0,,3,2,2,1,1096,1,3,2,2,1,959,1,2,1,2,0,685,0,ST-IK1,Normalstation Innere Medizin / Kardiologie,30,Innere Medizin und Kardiologie,10.0,22.0,06:00,14:00,450,,13:30,21:30,450,F,21:15,06:15,495,F|S,11,10,8,10,30,45,8,38.5,30,0.1,0,2.0.0,20261133
PH-001,2026-11-21,history,-9,Samstag,6,47,1,0,,Pflegehilfskraft,Pflegehilfskraft,PFLEGEHILFE,0.75,28.88,6931,6931,6238,7624,5,2,2,0,0,1,Pflegehilfskraft,0,0.0,-1530,19,18,0,3,0,2739,1,,,,,,0,,0,,3,2,2,1,1096,1,3,2,2,1,959,1,2,1,2,0,685,0,ST-IK1,Normalstation Innere Medizin / Kardiologie,30,Innere Medizin und Kardiologie,10.0,22.0,06:00,14:00,450,,13:30,21:30,450,F,21:15,06:15,495,F|S,11,10,8,10,30,45,8,38.5,30,0.1,0,2.0.0,20261133
PH-002,2026-11-21,history,-9,Samstag,6,47,1,0,,Pflegehilfskraft,Pflegehilfskraft,PFLEGEHILFE,0.5,19.25,4620,4620,4158,5082,5,2,2,0,0,1,Pflegehilfskraft,0,0.0,-1020,19,18,0,3,0,2739,1,,,,,,0,,0,,3,2,2,1,1096,1,3,2,2,1,959,1,2,1,2,0,685,0,ST-IK1,Normalstation Innere Medizin / Kardiologie,30,Innere Medizin und Kardiologie,10.0,22.0,06:00,14:00,450,,13:30,21:30,450,F,21:15,06:15,495,F|S,11,10,8,10,30,45,8,38.5,30,0.1,0,2.0.0,20261133
PK-001,2026-11-21,history,-9,Samstag,6,47,1,0,,Stationsleitung,Pflegefachkraft,EXAM|LEITUNG|PRAXISANLEITUNG,1.0,38.5,9240,4620,4158,5082,5,2,2,0,0,1,Pflegefachkraft,1,0.5,2130,19,18,0,3,0,2739,1,,,,,F,0,,0,,3,2,2,1,1096,1,3,2,2,1,959,1,2,1,2,0,685,0,ST-IK1,Normalstation Innere Medizin / Kardiologie,30,Innere Medizin und Kardiologie,10.0,22.0,06:00,14:00,450,,13:30,21:30,450,F,21:15,06:15,495,F|S,11,10,8,10,30,45,8,38.5,30,0.1,0,2.0.0,20261133
PK-002,2026-11-21,history,-9,Samstag,6,47,1,0,,Pflegefachkraft,Pflegefachkraft,EXAM|PRAXISANLEITUNG,0.8,30.8,7392,7392,6653,8131,5,2,2,8,1,1,Pflegefachkraft,0,0.0,-1857,19,18,0,3,0,2739,1,,,,,,0,,0,,3,2,2,1,1096,1,3,2,2,1,959,1,2,1,2,0,685,0,ST-IK1,Normalstation Innere Medizin / Kardiologie,30,Innere Medizin und Kardiologie,10.0,22.0,06:00,14:00,450,,13:30,21:30,450,F,21:15,06:15,495,F|S,11,10,8,10,30,45,8,38.5,30,0.1,0,2.0.0,20261133
PK-003,2026-11-21,history,-9,Samstag,6,47,1,0,,Pflegefachkraft,Pflegefachkraft,EXAM,0.8,30.8,7392,7392,6653,8131,5,2,2,8,1,1,Pflegefachkraft,0,0.0,-1902,19,18,0,3,0,2739,1,,,,,S,0,,0,,3,2,2,1,1096,1,3,2,2,1,959,1,2,1,2,0,685,0,ST-IK1,Normalstation Innere Medizin / Kardiologie,30,Innere Medizin und Kardiologie,10.0,22.0,06:00,14:00,450,,13:30,21:30,450,F,21:15,06:15,495,F|S,11,10,8,10,30,45,8,38.5,30,0.1,0,2.0.0,20261133
PK-004,2026-11-21,history,-9,Samstag,6,47,1,0,,Pflegefachkraft,Pflegefachkraft,EXAM,1.0,38.5,9240,9240,8316,10164,5,2,2,8,1,1,Pflegefachkraft,0,0.0,-2625,19,18,0,3,0,2739,1,,,,,,0,,0,,3,2,2,1,1096,1,3,2,2,1,959,1,2,1,2,0,685,0,ST-IK1,Normalstation Innere Medizin / Kardiologie,30,Innere Medizin und Kardiologie,10.0,22.0,06:00,14:00,450,,13:30,21:30,450,F,21:15,06:15,495,F|S,11,10,8,10,30,45,8,38.5,30,0.1,0,2.0.0,20261133
PK-005,2026-11-21,history,-9,Samstag,6,47,1,0,,Pflegefachkraft,Pflegefachkraft,EXAM,1.0,38.5,9240,9240,8316,10164,5,2,2,8,1,1,Pflegefachkraft,0,0.0,-2625,19,18,0,3,0,2739,1,,,,,,0,,0,,3,2,2,1,1096,1,3,2,2,1,959,1,2,1,2,0,685,0,ST-IK1,Normalstation Innere Medizin / Kardiologie,30,Innere Medizin und Kardiologie,10.0,22.0,06:00,14:00,450,,13:30,21:30,450,F,21:15,06:15,495,F|S,11,10,8,10,30,45,8,38.5,30,0.1,0,2.0.0,20261133
PK-006,2026-11-21,history,-9,Samstag,6,47,1,0,,Pflegefachkraft,Pflegefachkraft,EXAM|PRAXISANLEITUNG|KARDIO_MONITORING,1.0,38.5,9240,9240,8316,10164,5,2,2,8,1,1,Pflegefachkraft,0,0.0,1104,19,18,0,3,0,2739,1,,,,,F,0,,0,,3,2,2,1,1096,1,3,2,2,1,959,1,2,1,2,0,685,0,ST-IK1,Normalstation Innere Medizin / Kardiologie,30,Innere Medizin und Kardiologie,10.0,22.0,06:00,14:00,450,,13:30,21:30,450,F,21:15,06:15,495,F|S,11,10,8,10,30,45,8,38.5,30,0.1,0,2.0.0,20261133
PK-007,2026-11-21,history,-9,Samstag,6,47,1,0,,Pflegefachkraft,Pflegefachkraft,EXAM,0.75,28.88,6931,6931,6238,7624,5,2,2,8,1,1,Pflegefachkraft,0,0.0,-1800,19,18,0,3,0,2739,1,,,,,,0,,0,,3,2,2,1,1096,1,3,2,2,1,959,1,2,1,2,0,685,0,ST-IK1,Normalstation Innere Medizin / Kardiologie,30,Innere Medizin und Kardiologie,10.0,22.0,06:00,14:00,450,,13:30,21:30,450,F,21:15,06:15,495,F|S,11,10,8,10,30,45,8,38.5,30,0.1,0,2.0.0,20261133
PK-008,2026-11-21,history,-9,Samstag,6,47,1,0,,Pflegefachkraft,Pflegefachkraft,EXAM|PRAXISANLEITUNG,0.6,23.1,5544,5544,4990,6098,5,2,2,8,1,1,Pflegefachkraft,0,0.0,-1449,19,18,0,3,0,2739,1,,,,,S,0,,0,,3,2,2,1,1096,1,3,2,2,1,959,1,2,1,2,0,685,0,ST-IK1,Normalstation Innere Medizin / Kardiologie,30,Innere Medizin und Kardiologie,10.0,22.0,06:00,14:00,450,,13:30,21:30,450,F,21:15,06:15,495,F|S,11,10,8,10,30,45,8,38.5,30,0.1,0,2.0.0,20261133
PK-009,2026-11-21,history,-9,Samstag,6,47,1,0,,Pflegefachkraft,Pflegefachkraft,EXAM|KARDIO_MONITORING,0.6,23.1,5544,5544,4990,6098,5,2,2,8,1,1,Pflegefachkraft,0,0.0,-1494,19,18,0,3,0,2739,1,,,,,,0,,0,,3,2,2,1,1096,1,3,2,2,1,959,1,2,1,2,0,685,0,ST-IK1,Normalstation Innere Medizin / Kardiologie,30,Innere Medizin und Kardiologie,10.0,22.0,06:00,14:00,450,,13:30,21:30,450,F,21:15,06:15,495,F|S,11,10,8,10,30,45,8,38.5,30,0.1,0,2.0.0,20261133
PK-010,2026-11-21,history,-9,Samstag,6,47,1,0,,Pflegefachkraft,Pflegefachkraft,EXAM|KARDIO_MONITORING,0.9,34.65,8316,8316,7484,9148,5,2,2,8,1,1,Pflegefachkraft,0,0.0,-1971,19,18,0,3,0,2739,1,,,,,,0,,0,,3,2,2,1,1096,1,3,2,2,1,959,1,2,1,2,0,685,0,ST-IK1,Normalstation Innere Medizin / Kardiologie,30,Innere Medizin und Kardiologie,10.0,22.0,06:00,14:00,450,,13:30,21:30,450,F,21:15,06:15,495,F|S,11,10,8,10,30,45,8,38.5,30,0.1,0,2.0.0,20261133
PK-011,2026-11-21,history,-9,Samstag,6,47,1,0,,Pflegefachkraft,Pflegefachkraft,EXAM|PRAXISANLEITUNG,0.5,19.25,4620,4620,4158,5082,5,2,2,8,1,1,Pflegefachkraft,0,0.0,-885,19,18,0,3,0,2739,1,,,,,N,0,,0,,3,2,2,1,1096,1,3,2,2,1,959,1,2,1,2,0,685,0,ST-IK1,Normalstation Innere Medizin / Kardiologie,30,Innere Medizin und Kardiologie,10.0,22.0,06:00,14:00,450,,13:30,21:30,450,F,21:15,06:15,495,F|S,11,10,8,10,30,45,8,38.5,30,0.1,0,2.0.0,20261133
PK-012,2026-11-21,history,-9,Samstag,6,47,1,0,,Pflegefachkraft,Pflegefachkraft,EXAM|KARDIO_MONITORING,0.75,28.88,6931,6931,6238,7624,5,2,2,8,1,1,Pflegefachkraft,0,0.0,-1845,19,18,0,3,0,2739,1,,,,,,0,,0,,3,2,2,1,1096,1,3,2,2,1,959,1,2,1,2,0,685,0,ST-IK1,Normalstation Innere Medizin / Kardiologie,30,Innere Medizin und Kardiologie,10.0,22.0,06:00,14:00,450,,13:30,21:30,450,F,21:15,06:15,495,F|S,11,10,8,10,30,45,8,38.5,30,0.1,0,2.0.0,20261133
PK-013,2026-11-21,history,-9,Samstag,6,47,1,0,,Pflegefachkraft,Pflegefachkraft,EXAM,1.0,38.5,9240,9240,8316,10164,5,2,2,8,1,1,Pflegefachkraft,0,0.0,-2445,19,18,0,3,0,2739,1,,,,,N,0,,0,,3,2,2,1,1096,1,3,2,2,1,959,1,2,1,2,0,685,0,ST-IK1,Normalstation Innere Medizin / Kardiologie,30,Innere Medizin und Kardiologie,10.0,22.0,06:00,14:00,450,,13:30,21:30,450,F,21:15,06:15,495,F|S,11,10,8,10,30,45,8,38.5,30,0.1,0,2.0.0,20261133
PK-014,2026-11-21,history,-9,Samstag,6,47,1,0,,Pflegefachkraft,Pflegefachkraft,EXAM|PRAXISANLEITUNG,0.75,28.88,6931,6931,6238,7624,5,2,2,8,1,1,Pflegefachkraft,0,0.0,-1440,19,18,0,3,0,2739,1,,,,,,0,,0,,3,2,2,1,1096,1,3,2,2,1,959,1,2,1,2,0,685,0,ST-IK1,Normalstation Innere Medizin / Kardiologie,30,Innere Medizin und Kardiologie,10.0,22.0,06:00,14:00,450,,13:30,21:30,450,F,21:15,06:15,495,F|S,11,10,8,10,30,45,8,38.5,30,0.1,0,2.0.0,20261133
PK-015,2026-11-21,history,-9,Samstag,6,47,1,0,,Pflegefachkraft,Pflegefachkraft,EXAM|KARDIO_MONITORING,0.8,30.8,7392,7392,6653,8131,5,2,2,8,1,1,Pflegefachkraft,0,0.0,-1992,19,18,0,3,0,2739,1,,,,,F,0,,0,,3,2,2,1,1096,1,3,2,2,1,959,1,2,1,2,0,685,0,ST-IK1,Normalstation Innere Medizin / Kardiologie,30,Innere Medizin und Kardiologie,10.0,22.0,06:00,14:00,450,,13:30,21:30,450,F,21:15,06:15,495,F|S,11,10,8,10,30,45,8,38.5,30,0.1,0,2.0.0,20261133
PK-016,2026-11-21,history,-9,Samstag,6,47,1,0,,Pflegefachkraft,Pflegefachkraft,EXAM|KARDIO_MONITORING,0.7,26.95,6468,6468,5821,7115,5,2,2,8,1,1,Pflegefachkraft,0,0.0,566,19,18,0,3,0,2739,1,,,,,,0,,0,,3,2,2,1,1096,1,3,2,2,1,959,1,2,1,2,0,685,0,ST-IK1,Normalstation Innere Medizin / Kardiologie,30,Innere Medizin und Kardiologie,10.0,22.0,06:00,14:00,450,,13:30,21:30,450,F,21:15,06:15,495,F|S,11,10,8,10,30,45,8,38.5,30,0.1,0,2.0.0,20261133
PK-017,2026-11-21,history,-9,Samstag,6,47,1,0,,Pflegefachkraft,Pflegefachkraft,EXAM|PRAXISANLEITUNG|KARDIO_MONITORING,1.0,38.5,9240,9240,8316,10164,5,2,2,8,1,1,Pflegefachkraft,0,0.0,-2265,19,18,0,3,0,2739,1,,,,,,0,,0,,3,2,2,1,1096,1,3,2,2,1,959,1,2,1,2,0,685,0,ST-IK1,Normalstation Innere Medizin / Kardiologie,30,Innere Medizin und Kardiologie,10.0,22.0,06:00,14:00,450,,13:30,21:30,450,F,21:15,06:15,495,F|S,11,10,8,10,30,45,8,38.5,30,0.1,0,2.0.0,20261133
PK-018,2026-11-21,history,-9,Samstag,6,47,1,0,,Pflegefachkraft,Pflegefachkraft,EXAM,0.5,19.25,4620,4620,4158,5082,5,2,2,8,1,1,Pflegefachkraft,0,0.0,-885,19,18,0,3,0,2739,1,,,,,S,0,,0,,3,2,2,1,1096,1,3,2,2,1,959,1,2,1,2,0,685,0,ST-IK1,Normalstation Innere Medizin / Kardiologie,30,Innere Medizin und Kardiologie,10.0,22.0,06:00,14:00,450,,13:30,21:30,450,F,21:15,06:15,495,F|S,11,10,8,10,30,45,8,38.5,30,0.1,0,2.0.0,20261133
AZ-001,2026-11-22,history,-8,Sonntag,7,47,1,0,,Auszubildende_r_3_Ausbildungsjahr,Auszubildende,AUSZUBILDEND,1.0,38.5,9240,9240,8316,10164,5,2,2,8,1,0,nicht anrechenbar,0,0.0,-9240,18,16,0,0,4,3282,1,,,,,,0,,0,,3,2,2,1,1313,1,3,2,2,1,1149,1,2,1,2,0,820,0,ST-IK1,Normalstation Innere Medizin / Kardiologie,30,Innere Medizin und Kardiologie,10.0,22.0,06:00,14:00,450,,13:30,21:30,450,F,21:15,06:15,495,F|S,11,10,8,10,30,45,8,38.5,30,0.1,0,2.0.0,20261133
AZ-002,2026-11-22,history,-8,Sonntag,7,47,1,0,,Auszubildende_r_2_Ausbildungsjahr,Auszubildende,AUSZUBILDEND,1.0,38.5,9240,9240,8316,10164,5,2,2,8,1,0,nicht anrechenbar,0,0.0,-9240,18,16,0,0,4,3282,1,,,,,,0,,0,,3,2,2,1,1313,1,3,2,2,1,1149,1,2,1,2,0,820,0,ST-IK1,Normalstation Innere Medizin / Kardiologie,30,Innere Medizin und Kardiologie,10.0,22.0,06:00,14:00,450,,13:30,21:30,450,F,21:15,06:15,495,F|S,11,10,8,10,30,45,8,38.5,30,0.1,0,2.0.0,20261133
AZ-003,2026-11-22,history,-8,Sonntag,7,47,1,0,,Auszubildende_r_1_Ausbildungsjahr,Auszubildende,AUSZUBILDEND,1.0,38.5,9240,9240,8316,10164,5,2,2,0,0,0,nicht anrechenbar,0,0.0,-6006,18,16,0,0,4,3282,0,URLAUB,,,,,0,,0,,3,2,2,1,1313,1,3,2,2,1,1149,1,2,1,2,0,820,0,ST-IK1,Normalstation Innere Medizin / Kardiologie,30,Innere Medizin und Kardiologie,10.0,22.0,06:00,14:00,450,,13:30,21:30,450,F,21:15,06:15,495,F|S,11,10,8,10,30,45,8,38.5,30,0.1,0,2.0.0,20261133
PH-001,2026-11-22,history,-8,Sonntag,7,47,1,0,,Pflegehilfskraft,Pflegehilfskraft,PFLEGEHILFE,0.75,28.88,6931,6931,6238,7624,5,2,2,0,0,1,Pflegehilfskraft,0,0.0,-1530,18,16,0,0,4,3282,1,,,,,F,0,,0,,3,2,2,1,1313,1,3,2,2,1,1149,1,2,1,2,0,820,0,ST-IK1,Normalstation Innere Medizin / Kardiologie,30,Innere Medizin und Kardiologie,10.0,22.0,06:00,14:00,450,,13:30,21:30,450,F,21:15,06:15,495,F|S,11,10,8,10,30,45,8,38.5,30,0.1,0,2.0.0,20261133
PH-002,2026-11-22,history,-8,Sonntag,7,47,1,0,,Pflegehilfskraft,Pflegehilfskraft,PFLEGEHILFE,0.5,19.25,4620,4620,4158,5082,5,2,2,0,0,1,Pflegehilfskraft,0,0.0,-1020,18,16,0,0,4,3282,1,,,,,,0,,0,,3,2,2,1,1313,1,3,2,2,1,1149,1,2,1,2,0,820,0,ST-IK1,Normalstation Innere Medizin / Kardiologie,30,Innere Medizin und Kardiologie,10.0,22.0,06:00,14:00,450,,13:30,21:30,450,F,21:15,06:15,495,F|S,11,10,8,10,30,45,8,38.5,30,0.1,0,2.0.0,20261133
PK-001,2026-11-22,history,-8,Sonntag,7,47,1,0,,Stationsleitung,Pflegefachkraft,EXAM|LEITUNG|PRAXISANLEITUNG,1.0,38.5,9240,4620,4158,5082,5,2,2,0,0,1,Pflegefachkraft,1,0.5,2130,18,16,0,0,4,3282,1,,,,,,0,,0,,3,2,2,1,1313,1,3,2,2,1,1149,1,2,1,2,0,820,0,ST-IK1,Normalstation Innere Medizin / Kardiologie,30,Innere Medizin und Kardiologie,10.0,22.0,06:00,14:00,450,,13:30,21:30,450,F,21:15,06:15,495,F|S,11,10,8,10,30,45,8,38.5,30,0.1,0,2.0.0,20261133
PK-002,2026-11-22,history,-8,Sonntag,7,47,1,0,,Pflegefachkraft,Pflegefachkraft,EXAM|PRAXISANLEITUNG,0.8,30.8,7392,7392,6653,8131,5,2,2,8,1,1,Pflegefachkraft,0,0.0,-1857,18,16,0,0,4,3282,1,,,,,F,0,,0,,3,2,2,1,1313,1,3,2,2,1,1149,1,2,1,2,0,820,0,ST-IK1,Normalstation Innere Medizin / Kardiologie,30,Innere Medizin und Kardiologie,10.0,22.0,06:00,14:00,450,,13:30,21:30,450,F,21:15,06:15,495,F|S,11,10,8,10,30,45,8,38.5,30,0.1,0,2.0.0,20261133
PK-003,2026-11-22,history,-8,Sonntag,7,47,1,0,,Pflegefachkraft,Pflegefachkraft,EXAM,0.8,30.8,7392,7392,6653,8131,5,2,2,8,1,1,Pflegefachkraft,0,0.0,-1902,18,16,0,0,4,3282,1,,,,,,0,,0,,3,2,2,1,1313,1,3,2,2,1,1149,1,2,1,2,0,820,0,ST-IK1,Normalstation Innere Medizin / Kardiologie,30,Innere Medizin und Kardiologie,10.0,22.0,06:00,14:00,450,,13:30,21:30,450,F,21:15,06:15,495,F|S,11,10,8,10,30,45,8,38.5,30,0.1,0,2.0.0,20261133
PK-004,2026-11-22,history,-8,Sonntag,7,47,1,0,,Pflegefachkraft,Pflegefachkraft,EXAM,1.0,38.5,9240,9240,8316,10164,5,2,2,8,1,1,Pflegefachkraft,0,0.0,-2625,18,16,0,0,4,3282,1,,,,,N,0,,0,,3,2,2,1,1313,1,3,2,2,1,1149,1,2,1,2,0,820,0,ST-IK1,Normalstation Innere Medizin / Kardiologie,30,Innere Medizin und Kardiologie,10.0,22.0,06:00,14:00,450,,13:30,21:30,450,F,21:15,06:15,495,F|S,11,10,8,10,30,45,8,38.5,30,0.1,0,2.0.0,20261133
PK-005,2026-11-22,history,-8,Sonntag,7,47,1,0,,Pflegefachkraft,Pflegefachkraft,EXAM,1.0,38.5,9240,9240,8316,10164,5,2,2,8,1,1,Pflegefachkraft,0,0.0,-2625,18,16,0,0,4,3282,1,,,,,N,0,,0,,3,2,2,1,1313,1,3,2,2,1,1149,1,2,1,2,0,820,0,ST-IK1,Normalstation Innere Medizin / Kardiologie,30,Innere Medizin und Kardiologie,10.0,22.0,06:00,14:00,450,,13:30,21:30,450,F,21:15,06:15,495,F|S,11,10,8,10,30,45,8,38.5,30,0.1,0,2.0.0,20261133
PK-006,2026-11-22,history,-8,Sonntag,7,47,1,0,,Pflegefachkraft,Pflegefachkraft,EXAM|PRAXISANLEITUNG|KARDIO_MONITORING,1.0,38.5,9240,9240,8316,10164,5,2,2,8,1,1,Pflegefachkraft,0,0.0,1104,18,16,0,0,4,3282,1,,,,,S,0,,0,,3,2,2,1,1313,1,3,2,2,1,1149,1,2,1,2,0,820,0,ST-IK1,Normalstation Innere Medizin / Kardiologie,30,Innere Medizin und Kardiologie,10.0,22.0,06:00,14:00,450,,13:30,21:30,450,F,21:15,06:15,495,F|S,11,10,8,10,30,45,8,38.5,30,0.1,0,2.0.0,20261133
PK-007,2026-11-22,history,-8,Sonntag,7,47,1,0,,Pflegefachkraft,Pflegefachkraft,EXAM,0.75,28.88,6931,6931,6238,7624,5,2,2,8,1,1,Pflegefachkraft,0,0.0,-1800,18,16,0,0,4,3282,1,,,,,,0,,0,,3,2,2,1,1313,1,3,2,2,1,1149,1,2,1,2,0,820,0,ST-IK1,Normalstation Innere Medizin / Kardiologie,30,Innere Medizin und Kardiologie,10.0,22.0,06:00,14:00,450,,13:30,21:30,450,F,21:15,06:15,495,F|S,11,10,8,10,30,45,8,38.5,30,0.1,0,2.0.0,20261133
PK-008,2026-11-22,history,-8,Sonntag,7,47,1,0,,Pflegefachkraft,Pflegefachkraft,EXAM|PRAXISANLEITUNG,0.6,23.1,5544,5544,4990,6098,5,2,2,8,1,1,Pflegefachkraft,0,0.0,-1449,18,16,0,0,4,3282,1,,,,,,0,,0,,3,2,2,1,1313,1,3,2,2,1,1149,1,2,1,2,0,820,0,ST-IK1,Normalstation Innere Medizin / Kardiologie,30,Innere Medizin und Kardiologie,10.0,22.0,06:00,14:00,450,,13:30,21:30,450,F,21:15,06:15,495,F|S,11,10,8,10,30,45,8,38.5,30,0.1,0,2.0.0,20261133
PK-009,2026-11-22,history,-8,Sonntag,7,47,1,0,,Pflegefachkraft,Pflegefachkraft,EXAM|KARDIO_MONITORING,0.6,23.1,5544,5544,4990,6098,5,2,2,8,1,1,Pflegefachkraft,0,0.0,-1494,18,16,0,0,4,3282,1,,,,,,0,,0,,3,2,2,1,1313,1,3,2,2,1,1149,1,2,1,2,0,820,0,ST-IK1,Normalstation Innere Medizin / Kardiologie,30,Innere Medizin und Kardiologie,10.0,22.0,06:00,14:00,450,,13:30,21:30,450,F,21:15,06:15,495,F|S,11,10,8,10,30,45,8,38.5,30,0.1,0,2.0.0,20261133
PK-010,2026-11-22,history,-8,Sonntag,7,47,1,0,,Pflegefachkraft,Pflegefachkraft,EXAM|KARDIO_MONITORING,0.9,34.65,8316,8316,7484,9148,5,2,2,8,1,1,Pflegefachkraft,0,0.0,-1971,18,16,0,0,4,3282,1,,,,,,0,,0,,3,2,2,1,1313,1,3,2,2,1,1149,1,2,1,2,0,820,0,ST-IK1,Normalstation Innere Medizin / Kardiologie,30,Innere Medizin und Kardiologie,10.0,22.0,06:00,14:00,450,,13:30,21:30,450,F,21:15,06:15,495,F|S,11,10,8,10,30,45,8,38.5,30,0.1,0,2.0.0,20261133
PK-011,2026-11-22,history,-8,Sonntag,7,47,1,0,,Pflegefachkraft,Pflegefachkraft,EXAM|PRAXISANLEITUNG,0.5,19.25,4620,4620,4158,5082,5,2,2,8,1,1,Pflegefachkraft,0,0.0,-885,18,16,0,0,4,3282,1,,,,,,0,,0,,3,2,2,1,1313,1,3,2,2,1,1149,1,2,1,2,0,820,0,ST-IK1,Normalstation Innere Medizin / Kardiologie,30,Innere Medizin und Kardiologie,10.0,22.0,06:00,14:00,450,,13:30,21:30,450,F,21:15,06:15,495,F|S,11,10,8,10,30,45,8,38.5,30,0.1,0,2.0.0,20261133
PK-012,2026-11-22,history,-8,Sonntag,7,47,1,0,,Pflegefachkraft,Pflegefachkraft,EXAM|KARDIO_MONITORING,0.75,28.88,6931,6931,6238,7624,5,2,2,8,1,1,Pflegefachkraft,0,0.0,-1845,18,16,0,0,4,3282,1,,,,,,0,,0,,3,2,2,1,1313,1,3,2,2,1,1149,1,2,1,2,0,820,0,ST-IK1,Normalstation Innere Medizin / Kardiologie,30,Innere Medizin und Kardiologie,10.0,22.0,06:00,14:00,450,,13:30,21:30,450,F,21:15,06:15,495,F|S,11,10,8,10,30,45,8,38.5,30,0.1,0,2.0.0,20261133
PK-013,2026-11-22,history,-8,Sonntag,7,47,1,0,,Pflegefachkraft,Pflegefachkraft,EXAM,1.0,38.5,9240,9240,8316,10164,5,2,2,8,1,1,Pflegefachkraft,0,0.0,-2445,18,16,0,0,4,3282,1,,,,,,0,,0,,3,2,2,1,1313,1,3,2,2,1,1149,1,2,1,2,0,820,0,ST-IK1,Normalstation Innere Medizin / Kardiologie,30,Innere Medizin und Kardiologie,10.0,22.0,06:00,14:00,450,,13:30,21:30,450,F,21:15,06:15,495,F|S,11,10,8,10,30,45,8,38.5,30,0.1,0,2.0.0,20261133
PK-014,2026-11-22,history,-8,Sonntag,7,47,1,0,,Pflegefachkraft,Pflegefachkraft,EXAM|PRAXISANLEITUNG,0.75,28.88,6931,6931,6238,7624,5,2,2,8,1,1,Pflegefachkraft,0,0.0,-1440,18,16,0,0,4,3282,1,,,,,S,0,,0,,3,2,2,1,1313,1,3,2,2,1,1149,1,2,1,2,0,820,0,ST-IK1,Normalstation Innere Medizin / Kardiologie,30,Innere Medizin und Kardiologie,10.0,22.0,06:00,14:00,450,,13:30,21:30,450,F,21:15,06:15,495,F|S,11,10,8,10,30,45,8,38.5,30,0.1,0,2.0.0,20261133
PK-015,2026-11-22,history,-8,Sonntag,7,47,1,0,,Pflegefachkraft,Pflegefachkraft,EXAM|KARDIO_MONITORING,0.8,30.8,7392,7392,6653,8131,5,2,2,8,1,1,Pflegefachkraft,0,0.0,-1992,18,16,0,0,4,3282,1,,,,,,0,,0,,3,2,2,1,1313,1,3,2,2,1,1149,1,2,1,2,0,820,0,ST-IK1,Normalstation Innere Medizin / Kardiologie,30,Innere Medizin und Kardiologie,10.0,22.0,06:00,14:00,450,,13:30,21:30,450,F,21:15,06:15,495,F|S,11,10,8,10,30,45,8,38.5,30,0.1,0,2.0.0,20261133
PK-016,2026-11-22,history,-8,Sonntag,7,47,1,0,,Pflegefachkraft,Pflegefachkraft,EXAM|KARDIO_MONITORING,0.7,26.95,6468,6468,5821,7115,5,2,2,8,1,1,Pflegefachkraft,0,0.0,566,18,16,0,0,4,3282,1,,,,,S,0,,0,,3,2,2,1,1313,1,3,2,2,1,1149,1,2,1,2,0,820,0,ST-IK1,Normalstation Innere Medizin / Kardiologie,30,Innere Medizin und Kardiologie,10.0,22.0,06:00,14:00,450,,13:30,21:30,450,F,21:15,06:15,495,F|S,11,10,8,10,30,45,8,38.5,30,0.1,0,2.0.0,20261133
PK-017,2026-11-22,history,-8,Sonntag,7,47,1,0,,Pflegefachkraft,Pflegefachkraft,EXAM|PRAXISANLEITUNG|KARDIO_MONITORING,1.0,38.5,9240,9240,8316,10164,5,2,2,8,1,1,Pflegefachkraft,0,0.0,-2265,18,16,0,0,4,3282,1,,,,,F,0,,0,,3,2,2,1,1313,1,3,2,2,1,1149,1,2,1,2,0,820,0,ST-IK1,Normalstation Innere Medizin / Kardiologie,30,Innere Medizin und Kardiologie,10.0,22.0,06:00,14:00,450,,13:30,21:30,450,F,21:15,06:15,495,F|S,11,10,8,10,30,45,8,38.5,30,0.1,0,2.0.0,20261133
PK-018,2026-11-22,history,-8,Sonntag,7,47,1,0,,Pflegefachkraft,Pflegefachkraft,EXAM,0.5,19.25,4620,4620,4158,5082,5,2,2,8,1,1,Pflegefachkraft,0,0.0,-885,18,16,0,0,4,3282,1,,,,,,0,,0,,3,2,2,1,1313,1,3,2,2,1,1149,1,2,1,2,0,820,0,ST-IK1,Normalstation Innere Medizin / Kardiologie,30,Innere Medizin und Kardiologie,10.0,22.0,06:00,14:00,450,,13:30,21:30,450,F,21:15,06:15,495,F|S,11,10,8,10,30,45,8,38.5,30,0.1,0,2.0.0,20261133
AZ-001,2026-11-23,history,-7,Montag,1,48,0,0,,Auszubildende_r_3_Ausbildungsjahr,Auszubildende,AUSZUBILDEND,1.0,38.5,9240,9240,8316,10164,5,2,2,8,1,0,nicht anrechenbar,0,0.0,-9240,22,21,5,3,0,3715,1,,,,,,0,,0,,3,3,2,1,1486,1,3,3,2,1,1300,1,2,1,2,0,929,0,ST-IK1,Normalstation Innere Medizin / Kardiologie,30,Innere Medizin und Kardiologie,10.0,22.0,06:00,14:00,450,,13:30,21:30,450,F,21:15,06:15,495,F|S,11,10,8,10,30,45,8,38.5,30,0.1,0,2.0.0,20261133
AZ-002,2026-11-23,history,-7,Montag,1,48,0,0,,Auszubildende_r_2_Ausbildungsjahr,Auszubildende,AUSZUBILDEND,1.0,38.5,9240,9240,8316,10164,5,2,2,8,1,0,nicht anrechenbar,0,0.0,-9240,22,21,5,3,0,3715,1,,,,,,0,,0,,3,3,2,1,1486,1,3,3,2,1,1300,1,2,1,2,0,929,0,ST-IK1,Normalstation Innere Medizin / Kardiologie,30,Innere Medizin und Kardiologie,10.0,22.0,06:00,14:00,450,,13:30,21:30,450,F,21:15,06:15,495,F|S,11,10,8,10,30,45,8,38.5,30,0.1,0,2.0.0,20261133
AZ-003,2026-11-23,history,-7,Montag,1,48,0,0,,Auszubildende_r_1_Ausbildungsjahr,Auszubildende,AUSZUBILDEND,1.0,38.5,9240,9240,8316,10164,5,2,2,0,0,0,nicht anrechenbar,0,0.0,-6006,22,21,5,3,0,3715,0,URLAUB,,,,,0,,0,,3,3,2,1,1486,1,3,3,2,1,1300,1,2,1,2,0,929,0,ST-IK1,Normalstation Innere Medizin / Kardiologie,30,Innere Medizin und Kardiologie,10.0,22.0,06:00,14:00,450,,13:30,21:30,450,F,21:15,06:15,495,F|S,11,10,8,10,30,45,8,38.5,30,0.1,0,2.0.0,20261133
PH-001,2026-11-23,history,-7,Montag,1,48,0,0,,Pflegehilfskraft,Pflegehilfskraft,PFLEGEHILFE,0.75,28.88,6931,6931,6238,7624,5,2,2,0,0,1,Pflegehilfskraft,0,0.0,-1530,22,21,5,3,0,3715,1,,,,,,0,,0,,3,3,2,1,1486,1,3,3,2,1,1300,1,2,1,2,0,929,0,ST-IK1,Normalstation Innere Medizin / Kardiologie,30,Innere Medizin und Kardiologie,10.0,22.0,06:00,14:00,450,,13:30,21:30,450,F,21:15,06:15,495,F|S,11,10,8,10,30,45,8,38.5,30,0.1,0,2.0.0,20261133
PH-002,2026-11-23,history,-7,Montag,1,48,0,0,,Pflegehilfskraft,Pflegehilfskraft,PFLEGEHILFE,0.5,19.25,4620,4620,4158,5082,5,2,2,0,0,1,Pflegehilfskraft,0,0.0,-1020,22,21,5,3,0,3715,1,,,,,,0,,0,,3,3,2,1,1486,1,3,3,2,1,1300,1,2,1,2,0,929,0,ST-IK1,Normalstation Innere Medizin / Kardiologie,30,Innere Medizin und Kardiologie,10.0,22.0,06:00,14:00,450,,13:30,21:30,450,F,21:15,06:15,495,F|S,11,10,8,10,30,45,8,38.5,30,0.1,0,2.0.0,20261133
PK-001,2026-11-23,history,-7,Montag,1,48,0,0,,Stationsleitung,Pflegefachkraft,EXAM|LEITUNG|PRAXISANLEITUNG,1.0,38.5,9240,4620,4158,5082,5,2,2,0,0,1,Pflegefachkraft,1,0.5,2130,22,21,5,3,0,3715,1,,,,,F,0,,0,,3,3,2,1,1486,1,3,3,2,1,1300,1,2,1,2,0,929,0,ST-IK1,Normalstation Innere Medizin / Kardiologie,30,Innere Medizin und Kardiologie,10.0,22.0,06:00,14:00,450,,13:30,21:30,450,F,21:15,06:15,495,F|S,11,10,8,10,30,45,8,38.5,30,0.1,0,2.0.0,20261133
PK-002,2026-11-23,history,-7,Montag,1,48,0,0,,Pflegefachkraft,Pflegefachkraft,EXAM|PRAXISANLEITUNG,0.8,30.8,7392,7392,6653,8131,5,2,2,8,1,1,Pflegefachkraft,0,0.0,-1857,22,21,5,3,0,3715,1,,,,,,0,,0,,3,3,2,1,1486,1,3,3,2,1,1300,1,2,1,2,0,929,0,ST-IK1,Normalstation Innere Medizin / Kardiologie,30,Innere Medizin und Kardiologie,10.0,22.0,06:00,14:00,450,,13:30,21:30,450,F,21:15,06:15,495,F|S,11,10,8,10,30,45,8,38.5,30,0.1,0,2.0.0,20261133
PK-003,2026-11-23,history,-7,Montag,1,48,0,0,,Pflegefachkraft,Pflegefachkraft,EXAM,0.8,30.8,7392,7392,6653,8131,5,2,2,8,1,1,Pflegefachkraft,0,0.0,-1902,22,21,5,3,0,3715,1,,,,,S,0,,0,,3,3,2,1,1486,1,3,3,2,1,1300,1,2,1,2,0,929,0,ST-IK1,Normalstation Innere Medizin / Kardiologie,30,Innere Medizin und Kardiologie,10.0,22.0,06:00,14:00,450,,13:30,21:30,450,F,21:15,06:15,495,F|S,11,10,8,10,30,45,8,38.5,30,0.1,0,2.0.0,20261133
PK-004,2026-11-23,history,-7,Montag,1,48,0,0,,Pflegefachkraft,Pflegefachkraft,EXAM,1.0,38.5,9240,9240,8316,10164,5,2,2,8,1,1,Pflegefachkraft,0,0.0,-2625,22,21,5,3,0,3715,1,,,,,,0,,0,,3,3,2,1,1486,1,3,3,2,1,1300,1,2,1,2,0,929,0,ST-IK1,Normalstation Innere Medizin / Kardiologie,30,Innere Medizin und Kardiologie,10.0,22.0,06:00,14:00,450,,13:30,21:30,450,F,21:15,06:15,495,F|S,11,10,8,10,30,45,8,38.5,30,0.1,0,2.0.0,20261133
PK-005,2026-11-23,history,-7,Montag,1,48,0,0,,Pflegefachkraft,Pflegefachkraft,EXAM,1.0,38.5,9240,9240,8316,10164,5,2,2,8,1,1,Pflegefachkraft,0,0.0,-2625,22,21,5,3,0,3715,1,,,,,,0,,0,,3,3,2,1,1486,1,3,3,2,1,1300,1,2,1,2,0,929,0,ST-IK1,Normalstation Innere Medizin / Kardiologie,30,Innere Medizin und Kardiologie,10.0,22.0,06:00,14:00,450,,13:30,21:30,450,F,21:15,06:15,495,F|S,11,10,8,10,30,45,8,38.5,30,0.1,0,2.0.0,20261133
PK-006,2026-11-23,history,-7,Montag,1,48,0,0,,Pflegefachkraft,Pflegefachkraft,EXAM|PRAXISANLEITUNG|KARDIO_MONITORING,1.0,38.5,9240,9240,8316,10164,5,2,2,8,1,1,Pflegefachkraft,0,0.0,1104,22,21,5,3,0,3715,1,,,,,,0,,0,,3,3,2,1,1486,1,3,3,2,1,1300,1,2,1,2,0,929,0,ST-IK1,Normalstation Innere Medizin / Kardiologie,30,Innere Medizin und Kardiologie,10.0,22.0,06:00,14:00,450,,13:30,21:30,450,F,21:15,06:15,495,F|S,11,10,8,10,30,45,8,38.5,30,0.1,0,2.0.0,20261133
PK-007,2026-11-23,history,-7,Montag,1,48,0,0,,Pflegefachkraft,Pflegefachkraft,EXAM,0.75,28.88,6931,6931,6238,7624,5,2,2,8,1,1,Pflegefachkraft,0,0.0,-1800,22,21,5,3,0,3715,1,,,,,N,0,,0,,3,3,2,1,1486,1,3,3,2,1,1300,1,2,1,2,0,929,0,ST-IK1,Normalstation Innere Medizin / Kardiologie,30,Innere Medizin und Kardiologie,10.0,22.0,06:00,14:00,450,,13:30,21:30,450,F,21:15,06:15,495,F|S,11,10,8,10,30,45,8,38.5,30,0.1,0,2.0.0,20261133
PK-008,2026-11-23,history,-7,Montag,1,48,0,0,,Pflegefachkraft,Pflegefachkraft,EXAM|PRAXISANLEITUNG,0.6,23.1,5544,5544,4990,6098,5,2,2,8,1,1,Pflegefachkraft,0,0.0,-1449,22,21,5,3,0,3715,1,,,,,,0,,0,,3,3,2,1,1486,1,3,3,2,1,1300,1,2,1,2,0,929,0,ST-IK1,Normalstation Innere Medizin / Kardiologie,30,Innere Medizin und Kardiologie,10.0,22.0,06:00,14:00,450,,13:30,21:30,450,F,21:15,06:15,495,F|S,11,10,8,10,30,45,8,38.5,30,0.1,0,2.0.0,20261133
PK-009,2026-11-23,history,-7,Montag,1,48,0,0,,Pflegefachkraft,Pflegefachkraft,EXAM|KARDIO_MONITORING,0.6,23.1,5544,5544,4990,6098,5,2,2,8,1,1,Pflegefachkraft,0,0.0,-1494,22,21,5,3,0,3715,1,,,,,,0,,0,,3,3,2,1,1486,1,3,3,2,1,1300,1,2,1,2,0,929,0,ST-IK1,Normalstation Innere Medizin / Kardiologie,30,Innere Medizin und Kardiologie,10.0,22.0,06:00,14:00,450,,13:30,21:30,450,F,21:15,06:15,495,F|S,11,10,8,10,30,45,8,38.5,30,0.1,0,2.0.0,20261133
PK-010,2026-11-23,history,-7,Montag,1,48,0,0,,Pflegefachkraft,Pflegefachkraft,EXAM|KARDIO_MONITORING,0.9,34.65,8316,8316,7484,9148,5,2,2,8,1,1,Pflegefachkraft,0,0.0,-1971,22,21,5,3,0,3715,1,,,,,F,0,,0,,3,3,2,1,1486,1,3,3,2,1,1300,1,2,1,2,0,929,0,ST-IK1,Normalstation Innere Medizin / Kardiologie,30,Innere Medizin und Kardiologie,10.0,22.0,06:00,14:00,450,,13:30,21:30,450,F,21:15,06:15,495,F|S,11,10,8,10,30,45,8,38.5,30,0.1,0,2.0.0,20261133
PK-011,2026-11-23,history,-7,Montag,1,48,0,0,,Pflegefachkraft,Pflegefachkraft,EXAM|PRAXISANLEITUNG,0.5,19.25,4620,4620,4158,5082,5,2,2,8,1,1,Pflegefachkraft,0,0.0,-885,22,21,5,3,0,3715,1,,,,,,0,,0,,3,3,2,1,1486,1,3,3,2,1,1300,1,2,1,2,0,929,0,ST-IK1,Normalstation Innere Medizin / Kardiologie,30,Innere Medizin und Kardiologie,10.0,22.0,06:00,14:00,450,,13:30,21:30,450,F,21:15,06:15,495,F|S,11,10,8,10,30,45,8,38.5,30,0.1,0,2.0.0,20261133
PK-012,2026-11-23,history,-7,Montag,1,48,0,0,,Pflegefachkraft,Pflegefachkraft,EXAM|KARDIO_MONITORING,0.75,28.88,6931,6931,6238,7624,5,2,2,8,1,1,Pflegefachkraft,0,0.0,-1845,22,21,5,3,0,3715,1,,,,,N,0,,0,,3,3,2,1,1486,1,3,3,2,1,1300,1,2,1,2,0,929,0,ST-IK1,Normalstation Innere Medizin / Kardiologie,30,Innere Medizin und Kardiologie,10.0,22.0,06:00,14:00,450,,13:30,21:30,450,F,21:15,06:15,495,F|S,11,10,8,10,30,45,8,38.5,30,0.1,0,2.0.0,20261133
PK-013,2026-11-23,history,-7,Montag,1,48,0,0,,Pflegefachkraft,Pflegefachkraft,EXAM,1.0,38.5,9240,9240,8316,10164,5,2,2,8,1,1,Pflegefachkraft,0,0.0,-2445,22,21,5,3,0,3715,1,,,,,F,0,,0,,3,3,2,1,1486,1,3,3,2,1,1300,1,2,1,2,0,929,0,ST-IK1,Normalstation Innere Medizin / Kardiologie,30,Innere Medizin und Kardiologie,10.0,22.0,06:00,14:00,450,,13:30,21:30,450,F,21:15,06:15,495,F|S,11,10,8,10,30,45,8,38.5,30,0.1,0,2.0.0,20261133
PK-014,2026-11-23,history,-7,Montag,1,48,0,0,,Pflegefachkraft,Pflegefachkraft,EXAM|PRAXISANLEITUNG,0.75,28.88,6931,6931,6238,7624,5,2,2,8,1,1,Pflegefachkraft,0,0.0,-1440,22,21,5,3,0,3715,1,,,,,,0,,0,,3,3,2,1,1486,1,3,3,2,1,1300,1,2,1,2,0,929,0,ST-IK1,Normalstation Innere Medizin / Kardiologie,30,Innere Medizin und Kardiologie,10.0,22.0,06:00,14:00,450,,13:30,21:30,450,F,21:15,06:15,495,F|S,11,10,8,10,30,45,8,38.5,30,0.1,0,2.0.0,20261133
PK-015,2026-11-23,history,-7,Montag,1,48,0,0,,Pflegefachkraft,Pflegefachkraft,EXAM|KARDIO_MONITORING,0.8,30.8,7392,7392,6653,8131,5,2,2,8,1,1,Pflegefachkraft,0,0.0,-1992,22,21,5,3,0,3715,1,,,,,S,0,,0,,3,3,2,1,1486,1,3,3,2,1,1300,1,2,1,2,0,929,0,ST-IK1,Normalstation Innere Medizin / Kardiologie,30,Innere Medizin und Kardiologie,10.0,22.0,06:00,14:00,450,,13:30,21:30,450,F,21:15,06:15,495,F|S,11,10,8,10,30,45,8,38.5,30,0.1,0,2.0.0,20261133
PK-016,2026-11-23,history,-7,Montag,1,48,0,0,,Pflegefachkraft,Pflegefachkraft,EXAM|KARDIO_MONITORING,0.7,26.95,6468,6468,5821,7115,5,2,2,8,1,1,Pflegefachkraft,0,0.0,566,22,21,5,3,0,3715,1,,,,,,0,,0,,3,3,2,1,1486,1,3,3,2,1,1300,1,2,1,2,0,929,0,ST-IK1,Normalstation Innere Medizin / Kardiologie,30,Innere Medizin und Kardiologie,10.0,22.0,06:00,14:00,450,,13:30,21:30,450,F,21:15,06:15,495,F|S,11,10,8,10,30,45,8,38.5,30,0.1,0,2.0.0,20261133
PK-017,2026-11-23,history,-7,Montag,1,48,0,0,,Pflegefachkraft,Pflegefachkraft,EXAM|PRAXISANLEITUNG|KARDIO_MONITORING,1.0,38.5,9240,9240,8316,10164,5,2,2,8,1,1,Pflegefachkraft,0,0.0,-2265,22,21,5,3,0,3715,1,,,,,S,0,,0,,3,3,2,1,1486,1,3,3,2,1,1300,1,2,1,2,0,929,0,ST-IK1,Normalstation Innere Medizin / Kardiologie,30,Innere Medizin und Kardiologie,10.0,22.0,06:00,14:00,450,,13:30,21:30,450,F,21:15,06:15,495,F|S,11,10,8,10,30,45,8,38.5,30,0.1,0,2.0.0,20261133
PK-018,2026-11-23,history,-7,Montag,1,48,0,0,,Pflegefachkraft,Pflegefachkraft,EXAM,0.5,19.25,4620,4620,4158,5082,5,2,2,8,1,1,Pflegefachkraft,0,0.0,-885,22,21,5,3,0,3715,1,,,,,,0,,0,,3,3,2,1,1486,1,3,3,2,1,1300,1,2,1,2,0,929,0,ST-IK1,Normalstation Innere Medizin / Kardiologie,30,Innere Medizin und Kardiologie,10.0,22.0,06:00,14:00,450,,13:30,21:30,450,F,21:15,06:15,495,F|S,11,10,8,10,30,45,8,38.5,30,0.1,0,2.0.0,20261133
AZ-001,2026-11-24,history,-6,Dienstag,2,48,0,0,,Auszubildende_r_3_Ausbildungsjahr,Auszubildende,AUSZUBILDEND,1.0,38.5,9240,9240,8316,10164,5,2,2,8,1,0,nicht anrechenbar,0,0.0,-9240,22,21,4,2,1,4288,1,,,,,,0,,0,,4,3,3,1,1715,1,3,3,2,1,1501,1,2,1,2,0,1072,0,ST-IK1,Normalstation Innere Medizin / Kardiologie,30,Innere Medizin und Kardiologie,10.0,22.0,06:00,14:00,450,,13:30,21:30,450,F,21:15,06:15,495,F|S,11,10,8,10,30,45,8,38.5,30,0.1,0,2.0.0,20261133
AZ-002,2026-11-24,history,-6,Dienstag,2,48,0,0,,Auszubildende_r_2_Ausbildungsjahr,Auszubildende,AUSZUBILDEND,1.0,38.5,9240,9240,8316,10164,5,2,2,8,1,0,nicht anrechenbar,0,0.0,-9240,22,21,4,2,1,4288,1,,,,,,0,,0,,4,3,3,1,1715,1,3,3,2,1,1501,1,2,1,2,0,1072,0,ST-IK1,Normalstation Innere Medizin / Kardiologie,30,Innere Medizin und Kardiologie,10.0,22.0,06:00,14:00,450,,13:30,21:30,450,F,21:15,06:15,495,F|S,11,10,8,10,30,45,8,38.5,30,0.1,0,2.0.0,20261133
AZ-003,2026-11-24,history,-6,Dienstag,2,48,0,0,,Auszubildende_r_1_Ausbildungsjahr,Auszubildende,AUSZUBILDEND,1.0,38.5,9240,9240,8316,10164,5,2,2,0,0,0,nicht anrechenbar,0,0.0,-6006,22,21,4,2,1,4288,0,URLAUB,,,,,0,,0,,4,3,3,1,1715,1,3,3,2,1,1501,1,2,1,2,0,1072,0,ST-IK1,Normalstation Innere Medizin / Kardiologie,30,Innere Medizin und Kardiologie,10.0,22.0,06:00,14:00,450,,13:30,21:30,450,F,21:15,06:15,495,F|S,11,10,8,10,30,45,8,38.5,30,0.1,0,2.0.0,20261133
PH-001,2026-11-24,history,-6,Dienstag,2,48,0,0,,Pflegehilfskraft,Pflegehilfskraft,PFLEGEHILFE,0.75,28.88,6931,6931,6238,7624,5,2,2,0,0,1,Pflegehilfskraft,0,0.0,-1530,22,21,4,2,1,4288,1,,,,,S,0,,0,,4,3,3,1,1715,1,3,3,2,1,1501,1,2,1,2,0,1072,0,ST-IK1,Normalstation Innere Medizin / Kardiologie,30,Innere Medizin und Kardiologie,10.0,22.0,06:00,14:00,450,,13:30,21:30,450,F,21:15,06:15,495,F|S,11,10,8,10,30,45,8,38.5,30,0.1,0,2.0.0,20261133
PH-002,2026-11-24,history,-6,Dienstag,2,48,0,0,,Pflegehilfskraft,Pflegehilfskraft,PFLEGEHILFE,0.5,19.25,4620,4620,4158,5082,5,2,2,0,0,1,Pflegehilfskraft,0,0.0,-1020,22,21,4,2,1,4288,1,,,,,,0,,0,,4,3,3,1,1715,1,3,3,2,1,1501,1,2,1,2,0,1072,0,ST-IK1,Normalstation Innere Medizin / Kardiologie,30,Innere Medizin und Kardiologie,10.0,22.0,06:00,14:00,450,,13:30,21:30,450,F,21:15,06:15,495,F|S,11,10,8,10,30,45,8,38.5,30,0.1,0,2.0.0,20261133
PK-001,2026-11-24,history,-6,Dienstag,2,48,0,0,,Stationsleitung,Pflegefachkraft,EXAM|LEITUNG|PRAXISANLEITUNG,1.0,38.5,9240,4620,4158,5082,5,2,2,0,0,1,Pflegefachkraft,1,0.5,2130,22,21,4,2,1,4288,1,,,,,,0,,0,,4,3,3,1,1715,1,3,3,2,1,1501,1,2,1,2,0,1072,0,ST-IK1,Normalstation Innere Medizin / Kardiologie,30,Innere Medizin und Kardiologie,10.0,22.0,06:00,14:00,450,,13:30,21:30,450,F,21:15,06:15,495,F|S,11,10,8,10,30,45,8,38.5,30,0.1,0,2.0.0,20261133
PK-002,2026-11-24,history,-6,Dienstag,2,48,0,0,,Pflegefachkraft,Pflegefachkraft,EXAM|PRAXISANLEITUNG,0.8,30.8,7392,7392,6653,8131,5,2,2,8,1,1,Pflegefachkraft,0,0.0,-1857,22,21,4,2,1,4288,1,,,,,F,0,,0,,4,3,3,1,1715,1,3,3,2,1,1501,1,2,1,2,0,1072,0,ST-IK1,Normalstation Innere Medizin / Kardiologie,30,Innere Medizin und Kardiologie,10.0,22.0,06:00,14:00,450,,13:30,21:30,450,F,21:15,06:15,495,F|S,11,10,8,10,30,45,8,38.5,30,0.1,0,2.0.0,20261133
PK-003,2026-11-24,history,-6,Dienstag,2,48,0,0,,Pflegefachkraft,Pflegefachkraft,EXAM,0.8,30.8,7392,7392,6653,8131,5,2,2,8,1,1,Pflegefachkraft,0,0.0,-1902,22,21,4,2,1,4288,1,,,,,,0,,0,,4,3,3,1,1715,1,3,3,2,1,1501,1,2,1,2,0,1072,0,ST-IK1,Normalstation Innere Medizin / Kardiologie,30,Innere Medizin und Kardiologie,10.0,22.0,06:00,14:00,450,,13:30,21:30,450,F,21:15,06:15,495,F|S,11,10,8,10,30,45,8,38.5,30,0.1,0,2.0.0,20261133
PK-004,2026-11-24,history,-6,Dienstag,2,48,0,0,,Pflegefachkraft,Pflegefachkraft,EXAM,1.0,38.5,9240,9240,8316,10164,5,2,2,8,1,1,Pflegefachkraft,0,0.0,-2625,22,21,4,2,1,4288,1,,,,,N,0,,0,,4,3,3,1,1715,1,3,3,2,1,1501,1,2,1,2,0,1072,0,ST-IK1,Normalstation Innere Medizin / Kardiologie,30,Innere Medizin und Kardiologie,10.0,22.0,06:00,14:00,450,,13:30,21:30,450,F,21:15,06:15,495,F|S,11,10,8,10,30,45,8,38.5,30,0.1,0,2.0.0,20261133
PK-005,2026-11-24,history,-6,Dienstag,2,48,0,0,,Pflegefachkraft,Pflegefachkraft,EXAM,1.0,38.5,9240,9240,8316,10164,5,2,2,8,1,1,Pflegefachkraft,0,0.0,-2625,22,21,4,2,1,4288,1,,,,,N,0,,0,,4,3,3,1,1715,1,3,3,2,1,1501,1,2,1,2,0,1072,0,ST-IK1,Normalstation Innere Medizin / Kardiologie,30,Innere Medizin und Kardiologie,10.0,22.0,06:00,14:00,450,,13:30,21:30,450,F,21:15,06:15,495,F|S,11,10,8,10,30,45,8,38.5,30,0.1,0,2.0.0,20261133
PK-006,2026-11-24,history,-6,Dienstag,2,48,0,0,,Pflegefachkraft,Pflegefachkraft,EXAM|PRAXISANLEITUNG|KARDIO_MONITORING,1.0,38.5,9240,9240,8316,10164,5,2,2,8,1,1,Pflegefachkraft,0,0.0,1104,22,21,4,2,1,4288,1,,,,,F,0,,0,,4,3,3,1,1715,1,3,3,2,1,1501,1,2,1,2,0,1072,0,ST-IK1,Normalstation Innere Medizin / Kardiologie,30,Innere Medizin und Kardiologie,10.0,22.0,06:00,14:00,450,,13:30,21:30,450,F,21:15,06:15,495,F|S,11,10,8,10,30,45,8,38.5,30,0.1,0,2.0.0,20261133
PK-007,2026-11-24,history,-6,Dienstag,2,48,0,0,,Pflegefachkraft,Pflegefachkraft,EXAM,0.75,28.88,6931,6931,6238,7624,5,2,2,8,1,1,Pflegefachkraft,0,0.0,-1800,22,21,4,2,1,4288,1,,,,,,0,,0,,4,3,3,1,1715,1,3,3,2,1,1501,1,2,1,2,0,1072,0,ST-IK1,Normalstation Innere Medizin / Kardiologie,30,Innere Medizin und Kardiologie,10.0,22.0,06:00,14:00,450,,13:30,21:30,450,F,21:15,06:15,495,F|S,11,10,8,10,30,45,8,38.5,30,0.1,0,2.0.0,20261133
PK-008,2026-11-24,history,-6,Dienstag,2,48,0,0,,Pflegefachkraft,Pflegefachkraft,EXAM|PRAXISANLEITUNG,0.6,23.1,5544,5544,4990,6098,5,2,2,8,1,1,Pflegefachkraft,0,0.0,-1449,22,21,4,2,1,4288,1,,,,,F,0,,0,,4,3,3,1,1715,1,3,3,2,1,1501,1,2,1,2,0,1072,0,ST-IK1,Normalstation Innere Medizin / Kardiologie,30,Innere Medizin und Kardiologie,10.0,22.0,06:00,14:00,450,,13:30,21:30,450,F,21:15,06:15,495,F|S,11,10,8,10,30,45,8,38.5,30,0.1,0,2.0.0,20261133
PK-009,2026-11-24,history,-6,Dienstag,2,48,0,0,,Pflegefachkraft,Pflegefachkraft,EXAM|KARDIO_MONITORING,0.6,23.1,5544,5544,4990,6098,5,2,2,8,1,1,Pflegefachkraft,0,0.0,-1494,22,21,4,2,1,4288,1,,,,,F,0,,0,,4,3,3,1,1715,1,3,3,2,1,1501,1,2,1,2,0,1072,0,ST-IK1,Normalstation Innere Medizin / Kardiologie,30,Innere Medizin und Kardiologie,10.0,22.0,06:00,14:00,450,,13:30,21:30,450,F,21:15,06:15,495,F|S,11,10,8,10,30,45,8,38.5,30,0.1,0,2.0.0,20261133
PK-010,2026-11-24,history,-6,Dienstag,2,48,0,0,,Pflegefachkraft,Pflegefachkraft,EXAM|KARDIO_MONITORING,0.9,34.65,8316,8316,7484,9148,5,2,2,8,1,1,Pflegefachkraft,0,0.0,-1971,22,21,4,2,1,4288,1,,,,,,0,,0,,4,3,3,1,1715,1,3,3,2,1,1501,1,2,1,2,0,1072,0,ST-IK1,Normalstation Innere Medizin / Kardiologie,30,Innere Medizin und Kardiologie,10.0,22.0,06:00,14:00,450,,13:30,21:30,450,F,21:15,06:15,495,F|S,11,10,8,10,30,45,8,38.5,30,0.1,0,2.0.0,20261133
PK-011,2026-11-24,history,-6,Dienstag,2,48,0,0,,Pflegefachkraft,Pflegefachkraft,EXAM|PRAXISANLEITUNG,0.5,19.25,4620,4620,4158,5082,5,2,2,8,1,1,Pflegefachkraft,0,0.0,-885,22,21,4,2,1,4288,1,,,,,,0,,0,,4,3,3,1,1715,1,3,3,2,1,1501,1,2,1,2,0,1072,0,ST-IK1,Normalstation Innere Medizin / Kardiologie,30,Innere Medizin und Kardiologie,10.0,22.0,06:00,14:00,450,,13:30,21:30,450,F,21:15,06:15,495,F|S,11,10,8,10,30,45,8,38.5,30,0.1,0,2.0.0,20261133
PK-012,2026-11-24,history,-6,Dienstag,2,48,0,0,,Pflegefachkraft,Pflegefachkraft,EXAM|KARDIO_MONITORING,0.75,28.88,6931,6931,6238,7624,5,2,2,8,1,1,Pflegefachkraft,0,0.0,-1845,22,21,4,2,1,4288,1,,,,,,0,,0,,4,3,3,1,1715,1,3,3,2,1,1501,1,2,1,2,0,1072,0,ST-IK1,Normalstation Innere Medizin / Kardiologie,30,Innere Medizin und Kardiologie,10.0,22.0,06:00,14:00,450,,13:30,21:30,450,F,21:15,06:15,495,F|S,11,10,8,10,30,45,8,38.5,30,0.1,0,2.0.0,20261133
PK-013,2026-11-24,history,-6,Dienstag,2,48,0,0,,Pflegefachkraft,Pflegefachkraft,EXAM,1.0,38.5,9240,9240,8316,10164,5,2,2,8,1,1,Pflegefachkraft,0,0.0,-2445,22,21,4,2,1,4288,1,,,,,S,0,,0,,4,3,3,1,1715,1,3,3,2,1,1501,1,2,1,2,0,1072,0,ST-IK1,Normalstation Innere Medizin / Kardiologie,30,Innere Medizin und Kardiologie,10.0,22.0,06:00,14:00,450,,13:30,21:30,450,F,21:15,06:15,495,F|S,11,10,8,10,30,45,8,38.5,30,0.1,0,2.0.0,20261133
PK-014,2026-11-24,history,-6,Dienstag,2,48,0,0,,Pflegefachkraft,Pflegefachkraft,EXAM|PRAXISANLEITUNG,0.75,28.88,6931,6931,6238,7624,5,2,2,8,1,1,Pflegefachkraft,0,0.0,-1440,22,21,4,2,1,4288,1,,,,,S,0,,0,,4,3,3,1,1715,1,3,3,2,1,1501,1,2,1,2,0,1072,0,ST-IK1,Normalstation Innere Medizin / Kardiologie,30,Innere Medizin und Kardiologie,10.0,22.0,06:00,14:00,450,,13:30,21:30,450,F,21:15,06:15,495,F|S,11,10,8,10,30,45,8,38.5,30,0.1,0,2.0.0,20261133
PK-015,2026-11-24,history,-6,Dienstag,2,48,0,0,,Pflegefachkraft,Pflegefachkraft,EXAM|KARDIO_MONITORING,0.8,30.8,7392,7392,6653,8131,5,2,2,8,1,1,Pflegefachkraft,0,0.0,-1992,22,21,4,2,1,4288,1,,,,,,0,,0,,4,3,3,1,1715,1,3,3,2,1,1501,1,2,1,2,0,1072,0,ST-IK1,Normalstation Innere Medizin / Kardiologie,30,Innere Medizin und Kardiologie,10.0,22.0,06:00,14:00,450,,13:30,21:30,450,F,21:15,06:15,495,F|S,11,10,8,10,30,45,8,38.5,30,0.1,0,2.0.0,20261133
PK-016,2026-11-24,history,-6,Dienstag,2,48,0,0,,Pflegefachkraft,Pflegefachkraft,EXAM|KARDIO_MONITORING,0.7,26.95,6468,6468,5821,7115,5,2,2,8,1,1,Pflegefachkraft,0,0.0,566,22,21,4,2,1,4288,1,,,,,,0,,0,,4,3,3,1,1715,1,3,3,2,1,1501,1,2,1,2,0,1072,0,ST-IK1,Normalstation Innere Medizin / Kardiologie,30,Innere Medizin und Kardiologie,10.0,22.0,06:00,14:00,450,,13:30,21:30,450,F,21:15,06:15,495,F|S,11,10,8,10,30,45,8,38.5,30,0.1,0,2.0.0,20261133
PK-017,2026-11-24,history,-6,Dienstag,2,48,0,0,,Pflegefachkraft,Pflegefachkraft,EXAM|PRAXISANLEITUNG|KARDIO_MONITORING,1.0,38.5,9240,9240,8316,10164,5,2,2,8,1,1,Pflegefachkraft,0,0.0,-2265,22,21,4,2,1,4288,1,,,,,,0,,0,,4,3,3,1,1715,1,3,3,2,1,1501,1,2,1,2,0,1072,0,ST-IK1,Normalstation Innere Medizin / Kardiologie,30,Innere Medizin und Kardiologie,10.0,22.0,06:00,14:00,450,,13:30,21:30,450,F,21:15,06:15,495,F|S,11,10,8,10,30,45,8,38.5,30,0.1,0,2.0.0,20261133
PK-018,2026-11-24,history,-6,Dienstag,2,48,0,0,,Pflegefachkraft,Pflegefachkraft,EXAM,0.5,19.25,4620,4620,4158,5082,5,2,2,8,1,1,Pflegefachkraft,0,0.0,-885,22,21,4,2,1,4288,1,,,,,,0,,0,,4,3,3,1,1715,1,3,3,2,1,1501,1,2,1,2,0,1072,0,ST-IK1,Normalstation Innere Medizin / Kardiologie,30,Innere Medizin und Kardiologie,10.0,22.0,06:00,14:00,450,,13:30,21:30,450,F,21:15,06:15,495,F|S,11,10,8,10,30,45,8,38.5,30,0.1,0,2.0.0,20261133
AZ-001,2026-11-25,history,-5,Mittwoch,3,48,0,0,,Auszubildende_r_3_Ausbildungsjahr,Auszubildende,AUSZUBILDEND,1.0,38.5,9240,9240,8316,10164,5,2,2,8,1,0,nicht anrechenbar,0,0.0,-9240,24,22,5,4,1,4300,1,,,,,,0,,0,,4,3,3,1,1720,1,3,3,2,1,1505,1,2,1,2,0,1075,0,ST-IK1,Normalstation Innere Medizin / Kardiologie,30,Innere Medizin und Kardiologie,10.0,22.0,06:00,14:00,450,,13:30,21:30,450,F,21:15,06:15,495,F|S,11,10,8,10,30,45,8,38.5,30,0.1,0,2.0.0,20261133
AZ-002,2026-11-25,history,-5,Mittwoch,3,48,0,0,,Auszubildende_r_2_Ausbildungsjahr,Auszubildende,AUSZUBILDEND,1.0,38.5,9240,9240,8316,10164,5,2,2,8,1,0,nicht anrechenbar,0,0.0,-9240,24,22,5,4,1,4300,1,,,,,,0,,0,,4,3,3,1,1720,1,3,3,2,1,1505,1,2,1,2,0,1075,0,ST-IK1,Normalstation Innere Medizin / Kardiologie,30,Innere Medizin und Kardiologie,10.0,22.0,06:00,14:00,450,,13:30,21:30,450,F,21:15,06:15,495,F|S,11,10,8,10,30,45,8,38.5,30,0.1,0,2.0.0,20261133
AZ-003,2026-11-25,history,-5,Mittwoch,3,48,0,0,,Auszubildende_r_1_Ausbildungsjahr,Auszubildende,AUSZUBILDEND,1.0,38.5,9240,9240,8316,10164,5,2,2,0,0,0,nicht anrechenbar,0,0.0,-6006,24,22,5,4,1,4300,1,,,,,,0,,0,,4,3,3,1,1720,1,3,3,2,1,1505,1,2,1,2,0,1075,0,ST-IK1,Normalstation Innere Medizin / Kardiologie,30,Innere Medizin und Kardiologie,10.0,22.0,06:00,14:00,450,,13:30,21:30,450,F,21:15,06:15,495,F|S,11,10,8,10,30,45,8,38.5,30,0.1,0,2.0.0,20261133
PH-001,2026-11-25,history,-5,Mittwoch,3,48,0,0,,Pflegehilfskraft,Pflegehilfskraft,PFLEGEHILFE,0.75,28.88,6931,6931,6238,7624,5,2,2,0,0,1,Pflegehilfskraft,0,0.0,-1530,24,22,5,4,1,4300,1,,,,,,0,,0,,4,3,3,1,1720,1,3,3,2,1,1505,1,2,1,2,0,1075,0,ST-IK1,Normalstation Innere Medizin / Kardiologie,30,Innere Medizin und Kardiologie,10.0,22.0,06:00,14:00,450,,13:30,21:30,450,F,21:15,06:15,495,F|S,11,10,8,10,30,45,8,38.5,30,0.1,0,2.0.0,20261133
PH-002,2026-11-25,history,-5,Mittwoch,3,48,0,0,,Pflegehilfskraft,Pflegehilfskraft,PFLEGEHILFE,0.5,19.25,4620,4620,4158,5082,5,2,2,0,0,1,Pflegehilfskraft,0,0.0,-1020,24,22,5,4,1,4300,1,,,,,F,0,,0,,4,3,3,1,1720,1,3,3,2,1,1505,1,2,1,2,0,1075,0,ST-IK1,Normalstation Innere Medizin / Kardiologie,30,Innere Medizin und Kardiologie,10.0,22.0,06:00,14:00,450,,13:30,21:30,450,F,21:15,06:15,495,F|S,11,10,8,10,30,45,8,38.5,30,0.1,0,2.0.0,20261133
PK-001,2026-11-25,history,-5,Mittwoch,3,48,0,0,,Stationsleitung,Pflegefachkraft,EXAM|LEITUNG|PRAXISANLEITUNG,1.0,38.5,9240,4620,4158,5082,5,2,2,0,0,1,Pflegefachkraft,1,0.5,2130,24,22,5,4,1,4300,1,,,,,F,0,,0,,4,3,3,1,1720,1,3,3,2,1,1505,1,2,1,2,0,1075,0,ST-IK1,Normalstation Innere Medizin / Kardiologie,30,Innere Medizin und Kardiologie,10.0,22.0,06:00,14:00,450,,13:30,21:30,450,F,21:15,06:15,495,F|S,11,10,8,10,30,45,8,38.5,30,0.1,0,2.0.0,20261133
PK-002,2026-11-25,history,-5,Mittwoch,3,48,0,0,,Pflegefachkraft,Pflegefachkraft,EXAM|PRAXISANLEITUNG,0.8,30.8,7392,7392,6653,8131,5,2,2,8,1,1,Pflegefachkraft,0,0.0,-1857,24,22,5,4,1,4300,1,,,,,,0,,0,,4,3,3,1,1720,1,3,3,2,1,1505,1,2,1,2,0,1075,0,ST-IK1,Normalstation Innere Medizin / Kardiologie,30,Innere Medizin und Kardiologie,10.0,22.0,06:00,14:00,450,,13:30,21:30,450,F,21:15,06:15,495,F|S,11,10,8,10,30,45,8,38.5,30,0.1,0,2.0.0,20261133
PK-003,2026-11-25,history,-5,Mittwoch,3,48,0,0,,Pflegefachkraft,Pflegefachkraft,EXAM,0.8,30.8,7392,7392,6653,8131,5,2,2,8,1,1,Pflegefachkraft,0,0.0,-1902,24,22,5,4,1,4300,1,,,,,,0,,0,,4,3,3,1,1720,1,3,3,2,1,1505,1,2,1,2,0,1075,0,ST-IK1,Normalstation Innere Medizin / Kardiologie,30,Innere Medizin und Kardiologie,10.0,22.0,06:00,14:00,450,,13:30,21:30,450,F,21:15,06:15,495,F|S,11,10,8,10,30,45,8,38.5,30,0.1,0,2.0.0,20261133
PK-004,2026-11-25,history,-5,Mittwoch,3,48,0,0,,Pflegefachkraft,Pflegefachkraft,EXAM,1.0,38.5,9240,9240,8316,10164,5,2,2,8,1,1,Pflegefachkraft,0,0.0,-2625,24,22,5,4,1,4300,1,,,,,,0,,0,,4,3,3,1,1720,1,3,3,2,1,1505,1,2,1,2,0,1075,0,ST-IK1,Normalstation Innere Medizin / Kardiologie,30,Innere Medizin und Kardiologie,10.0,22.0,06:00,14:00,450,,13:30,21:30,450,F,21:15,06:15,495,F|S,11,10,8,10,30,45,8,38.5,30,0.1,0,2.0.0,20261133
PK-005,2026-11-25,history,-5,Mittwoch,3,48,0,0,,Pflegefachkraft,Pflegefachkraft,EXAM,1.0,38.5,9240,9240,8316,10164,5,2,2,8,1,1,Pflegefachkraft,0,0.0,-2625,24,22,5,4,1,4300,1,,,,,,0,,0,,4,3,3,1,1720,1,3,3,2,1,1505,1,2,1,2,0,1075,0,ST-IK1,Normalstation Innere Medizin / Kardiologie,30,Innere Medizin und Kardiologie,10.0,22.0,06:00,14:00,450,,13:30,21:30,450,F,21:15,06:15,495,F|S,11,10,8,10,30,45,8,38.5,30,0.1,0,2.0.0,20261133
PK-006,2026-11-25,history,-5,Mittwoch,3,48,0,0,,Pflegefachkraft,Pflegefachkraft,EXAM|PRAXISANLEITUNG|KARDIO_MONITORING,1.0,38.5,9240,9240,8316,10164,5,2,2,8,1,1,Pflegefachkraft,0,0.0,1104,24,22,5,4,1,4300,1,,,,,,0,,0,,4,3,3,1,1720,1,3,3,2,1,1505,1,2,1,2,0,1075,0,ST-IK1,Normalstation Innere Medizin / Kardiologie,30,Innere Medizin und Kardiologie,10.0,22.0,06:00,14:00,450,,13:30,21:30,450,F,21:15,06:15,495,F|S,11,10,8,10,30,45,8,38.5,30,0.1,0,2.0.0,20261133
PK-007,2026-11-25,history,-5,Mittwoch,3,48,0,0,,Pflegefachkraft,Pflegefachkraft,EXAM,0.75,28.88,6931,6931,6238,7624,5,2,2,8,1,1,Pflegefachkraft,0,0.0,-1800,24,22,5,4,1,4300,1,,,,,,0,,0,,4,3,3,1,1720,1,3,3,2,1,1505,1,2,1,2,0,1075,0,ST-IK1,Normalstation Innere Medizin / Kardiologie,30,Innere Medizin und Kardiologie,10.0,22.0,06:00,14:00,450,,13:30,21:30,450,F,21:15,06:15,495,F|S,11,10,8,10,30,45,8,38.5,30,0.1,0,2.0.0,20261133
PK-008,2026-11-25,history,-5,Mittwoch,3,48,0,0,,Pflegefachkraft,Pflegefachkraft,EXAM|PRAXISANLEITUNG,0.6,23.1,5544,5544,4990,6098,5,2,2,8,1,1,Pflegefachkraft,0,0.0,-1449,24,22,5,4,1,4300,1,,,,,,0,,0,,4,3,3,1,1720,1,3,3,2,1,1505,1,2,1,2,0,1075,0,ST-IK1,Normalstation Innere Medizin / Kardiologie,30,Innere Medizin und Kardiologie,10.0,22.0,06:00,14:00,450,,13:30,21:30,450,F,21:15,06:15,495,F|S,11,10,8,10,30,45,8,38.5,30,0.1,0,2.0.0,20261133
PK-009,2026-11-25,history,-5,Mittwoch,3,48,0,0,,Pflegefachkraft,Pflegefachkraft,EXAM|KARDIO_MONITORING,0.6,23.1,5544,5544,4990,6098,5,2,2,8,1,1,Pflegefachkraft,0,0.0,-1494,24,22,5,4,1,4300,1,,,,,,0,,0,,4,3,3,1,1720,1,3,3,2,1,1505,1,2,1,2,0,1075,0,ST-IK1,Normalstation Innere Medizin / Kardiologie,30,Innere Medizin und Kardiologie,10.0,22.0,06:00,14:00,450,,13:30,21:30,450,F,21:15,06:15,495,F|S,11,10,8,10,30,45,8,38.5,30,0.1,0,2.0.0,20261133
PK-010,2026-11-25,history,-5,Mittwoch,3,48,0,0,,Pflegefachkraft,Pflegefachkraft,EXAM|KARDIO_MONITORING,0.9,34.65,8316,8316,7484,9148,5,2,2,8,1,1,Pflegefachkraft,0,0.0,-1971,24,22,5,4,1,4300,1,,,,,F,0,,0,,4,3,3,1,1720,1,3,3,2,1,1505,1,2,1,2,0,1075,0,ST-IK1,Normalstation Innere Medizin / Kardiologie,30,Innere Medizin und Kardiologie,10.0,22.0,06:00,14:00,450,,13:30,21:30,450,F,21:15,06:15,495,F|S,11,10,8,10,30,45,8,38.5,30,0.1,0,2.0.0,20261133
PK-011,2026-11-25,history,-5,Mittwoch,3,48,0,0,,Pflegefachkraft,Pflegefachkraft,EXAM|PRAXISANLEITUNG,0.5,19.25,4620,4620,4158,5082,5,2,2,8,1,1,Pflegefachkraft,0,0.0,-885,24,22,5,4,1,4300,1,,,,,N,0,,0,,4,3,3,1,1720,1,3,3,2,1,1505,1,2,1,2,0,1075,0,ST-IK1,Normalstation Innere Medizin / Kardiologie,30,Innere Medizin und Kardiologie,10.0,22.0,06:00,14:00,450,,13:30,21:30,450,F,21:15,06:15,495,F|S,11,10,8,10,30,45,8,38.5,30,0.1,0,2.0.0,20261133
PK-012,2026-11-25,history,-5,Mittwoch,3,48,0,0,,Pflegefachkraft,Pflegefachkraft,EXAM|KARDIO_MONITORING,0.75,28.88,6931,6931,6238,7624,5,2,2,8,1,1,Pflegefachkraft,0,0.0,-1845,24,22,5,4,1,4300,1,,,,,S,0,,0,,4,3,3,1,1720,1,3,3,2,1,1505,1,2,1,2,0,1075,0,ST-IK1,Normalstation Innere Medizin / Kardiologie,30,Innere Medizin und Kardiologie,10.0,22.0,06:00,14:00,450,,13:30,21:30,450,F,21:15,06:15,495,F|S,11,10,8,10,30,45,8,38.5,30,0.1,0,2.0.0,20261133
PK-013,2026-11-25,history,-5,Mittwoch,3,48,0,0,,Pflegefachkraft,Pflegefachkraft,EXAM,1.0,38.5,9240,9240,8316,10164,5,2,2,8,1,1,Pflegefachkraft,0,0.0,-2445,24,22,5,4,1,4300,1,,,,,,0,,0,,4,3,3,1,1720,1,3,3,2,1,1505,1,2,1,2,0,1075,0,ST-IK1,Normalstation Innere Medizin / Kardiologie,30,Innere Medizin und Kardiologie,10.0,22.0,06:00,14:00,450,,13:30,21:30,450,F,21:15,06:15,495,F|S,11,10,8,10,30,45,8,38.5,30,0.1,0,2.0.0,20261133
PK-014,2026-11-25,history,-5,Mittwoch,3,48,0,0,,Pflegefachkraft,Pflegefachkraft,EXAM|PRAXISANLEITUNG,0.75,28.88,6931,6931,6238,7624,5,2,2,8,1,1,Pflegefachkraft,0,0.0,-1440,24,22,5,4,1,4300,1,,,,,,0,,0,,4,3,3,1,1720,1,3,3,2,1,1505,1,2,1,2,0,1075,0,ST-IK1,Normalstation Innere Medizin / Kardiologie,30,Innere Medizin und Kardiologie,10.0,22.0,06:00,14:00,450,,13:30,21:30,450,F,21:15,06:15,495,F|S,11,10,8,10,30,45,8,38.5,30,0.1,0,2.0.0,20261133
PK-015,2026-11-25,history,-5,Mittwoch,3,48,0,0,,Pflegefachkraft,Pflegefachkraft,EXAM|KARDIO_MONITORING,0.8,30.8,7392,7392,6653,8131,5,2,2,8,1,1,Pflegefachkraft,0,0.0,-1992,24,22,5,4,1,4300,1,,,,,S,0,,0,,4,3,3,1,1720,1,3,3,2,1,1505,1,2,1,2,0,1075,0,ST-IK1,Normalstation Innere Medizin / Kardiologie,30,Innere Medizin und Kardiologie,10.0,22.0,06:00,14:00,450,,13:30,21:30,450,F,21:15,06:15,495,F|S,11,10,8,10,30,45,8,38.5,30,0.1,0,2.0.0,20261133
PK-016,2026-11-25,history,-5,Mittwoch,3,48,0,0,,Pflegefachkraft,Pflegefachkraft,EXAM|KARDIO_MONITORING,0.7,26.95,6468,6468,5821,7115,5,2,2,8,1,1,Pflegefachkraft,0,0.0,566,24,22,5,4,1,4300,1,,,,,F,0,,0,,4,3,3,1,1720,1,3,3,2,1,1505,1,2,1,2,0,1075,0,ST-IK1,Normalstation Innere Medizin / Kardiologie,30,Innere Medizin und Kardiologie,10.0,22.0,06:00,14:00,450,,13:30,21:30,450,F,21:15,06:15,495,F|S,11,10,8,10,30,45,8,38.5,30,0.1,0,2.0.0,20261133
PK-017,2026-11-25,history,-5,Mittwoch,3,48,0,0,,Pflegefachkraft,Pflegefachkraft,EXAM|PRAXISANLEITUNG|KARDIO_MONITORING,1.0,38.5,9240,9240,8316,10164,5,2,2,8,1,1,Pflegefachkraft,0,0.0,-2265,24,22,5,4,1,4300,1,,,,,S,0,,0,,4,3,3,1,1720,1,3,3,2,1,1505,1,2,1,2,0,1075,0,ST-IK1,Normalstation Innere Medizin / Kardiologie,30,Innere Medizin und Kardiologie,10.0,22.0,06:00,14:00,450,,13:30,21:30,450,F,21:15,06:15,495,F|S,11,10,8,10,30,45,8,38.5,30,0.1,0,2.0.0,20261133
PK-018,2026-11-25,history,-5,Mittwoch,3,48,0,0,,Pflegefachkraft,Pflegefachkraft,EXAM,0.5,19.25,4620,4620,4158,5082,5,2,2,8,1,1,Pflegefachkraft,0,0.0,-885,24,22,5,4,1,4300,1,,,,,N,0,,0,,4,3,3,1,1720,1,3,3,2,1,1505,1,2,1,2,0,1075,0,ST-IK1,Normalstation Innere Medizin / Kardiologie,30,Innere Medizin und Kardiologie,10.0,22.0,06:00,14:00,450,,13:30,21:30,450,F,21:15,06:15,495,F|S,11,10,8,10,30,45,8,38.5,30,0.1,0,2.0.0,20261133
AZ-001,2026-11-26,history,-4,Donnerstag,4,48,0,0,,Auszubildende_r_3_Ausbildungsjahr,Auszubildende,AUSZUBILDEND,1.0,38.5,9240,9240,8316,10164,5,2,2,8,1,0,nicht anrechenbar,0,0.0,-9240,24,24,2,0,0,4117,1,,,,,,0,,0,,4,3,3,1,1647,1,3,3,2,1,1441,1,2,2,2,0,1029,0,ST-IK1,Normalstation Innere Medizin / Kardiologie,30,Innere Medizin und Kardiologie,10.0,22.0,06:00,14:00,450,,13:30,21:30,450,F,21:15,06:15,495,F|S,11,10,8,10,30,45,8,38.5,30,0.1,0,2.0.0,20261133
AZ-002,2026-11-26,history,-4,Donnerstag,4,48,0,0,,Auszubildende_r_2_Ausbildungsjahr,Auszubildende,AUSZUBILDEND,1.0,38.5,9240,9240,8316,10164,5,2,2,8,1,0,nicht anrechenbar,0,0.0,-9240,24,24,2,0,0,4117,1,,,,,,0,,0,,4,3,3,1,1647,1,3,3,2,1,1441,1,2,2,2,0,1029,0,ST-IK1,Normalstation Innere Medizin / Kardiologie,30,Innere Medizin und Kardiologie,10.0,22.0,06:00,14:00,450,,13:30,21:30,450,F,21:15,06:15,495,F|S,11,10,8,10,30,45,8,38.5,30,0.1,0,2.0.0,20261133
AZ-003,2026-11-26,history,-4,Donnerstag,4,48,0,0,,Auszubildende_r_1_Ausbildungsjahr,Auszubildende,AUSZUBILDEND,1.0,38.5,9240,9240,8316,10164,5,2,2,0,0,0,nicht anrechenbar,0,0.0,-6006,24,24,2,0,0,4117,1,,,,,,0,,0,,4,3,3,1,1647,1,3,3,2,1,1441,1,2,2,2,0,1029,0,ST-IK1,Normalstation Innere Medizin / Kardiologie,30,Innere Medizin und Kardiologie,10.0,22.0,06:00,14:00,450,,13:30,21:30,450,F,21:15,06:15,495,F|S,11,10,8,10,30,45,8,38.5,30,0.1,0,2.0.0,20261133
PH-001,2026-11-26,history,-4,Donnerstag,4,48,0,0,,Pflegehilfskraft,Pflegehilfskraft,PFLEGEHILFE,0.75,28.88,6931,6931,6238,7624,5,2,2,0,0,1,Pflegehilfskraft,0,0.0,-1530,24,24,2,0,0,4117,1,,,,,S,0,,0,,4,3,3,1,1647,1,3,3,2,1,1441,1,2,2,2,0,1029,0,ST-IK1,Normalstation Innere Medizin / Kardiologie,30,Innere Medizin und Kardiologie,10.0,22.0,06:00,14:00,450,,13:30,21:30,450,F,21:15,06:15,495,F|S,11,10,8,10,30,45,8,38.5,30,0.1,0,2.0.0,20261133
PH-002,2026-11-26,history,-4,Donnerstag,4,48,0,0,,Pflegehilfskraft,Pflegehilfskraft,PFLEGEHILFE,0.5,19.25,4620,4620,4158,5082,5,2,2,0,0,1,Pflegehilfskraft,0,0.0,-1020,24,24,2,0,0,4117,1,,,,,,0,,0,,4,3,3,1,1647,1,3,3,2,1,1441,1,2,2,2,0,1029,0,ST-IK1,Normalstation Innere Medizin / Kardiologie,30,Innere Medizin und Kardiologie,10.0,22.0,06:00,14:00,450,,13:30,21:30,450,F,21:15,06:15,495,F|S,11,10,8,10,30,45,8,38.5,30,0.1,0,2.0.0,20261133
PK-001,2026-11-26,history,-4,Donnerstag,4,48,0,0,,Stationsleitung,Pflegefachkraft,EXAM|LEITUNG|PRAXISANLEITUNG,1.0,38.5,9240,4620,4158,5082,5,2,2,0,0,1,Pflegefachkraft,1,0.5,2130,24,24,2,0,0,4117,1,,,,,,0,,0,,4,3,3,1,1647,1,3,3,2,1,1441,1,2,2,2,0,1029,0,ST-IK1,Normalstation Innere Medizin / Kardiologie,30,Innere Medizin und Kardiologie,10.0,22.0,06:00,14:00,450,,13:30,21:30,450,F,21:15,06:15,495,F|S,11,10,8,10,30,45,8,38.5,30,0.1,0,2.0.0,20261133
PK-002,2026-11-26,history,-4,Donnerstag,4,48,0,0,,Pflegefachkraft,Pflegefachkraft,EXAM|PRAXISANLEITUNG,0.8,30.8,7392,7392,6653,8131,5,2,2,8,1,1,Pflegefachkraft,0,0.0,-1857,24,24,2,0,0,4117,1,,,,,F,0,,0,,4,3,3,1,1647,1,3,3,2,1,1441,1,2,2,2,0,1029,0,ST-IK1,Normalstation Innere Medizin / Kardiologie,30,Innere Medizin und Kardiologie,10.0,22.0,06:00,14:00,450,,13:30,21:30,450,F,21:15,06:15,495,F|S,11,10,8,10,30,45,8,38.5,30,0.1,0,2.0.0,20261133
PK-003,2026-11-26,history,-4,Donnerstag,4,48,0,0,,Pflegefachkraft,Pflegefachkraft,EXAM,0.8,30.8,7392,7392,6653,8131,5,2,2,8,1,1,Pflegefachkraft,0,0.0,-1902,24,24,2,0,0,4117,1,,,,,F,0,,0,,4,3,3,1,1647,1,3,3,2,1,1441,1,2,2,2,0,1029,0,ST-IK1,Normalstation Innere Medizin / Kardiologie,30,Innere Medizin und Kardiologie,10.0,22.0,06:00,14:00,450,,13:30,21:30,450,F,21:15,06:15,495,F|S,11,10,8,10,30,45,8,38.5,30,0.1,0,2.0.0,20261133
PK-004,2026-11-26,history,-4,Donnerstag,4,48,0,0,,Pflegefachkraft,Pflegefachkraft,EXAM,1.0,38.5,9240,9240,8316,10164,5,2,2,8,1,1,Pflegefachkraft,0,0.0,-2625,24,24,2,0,0,4117,1,,,,,N,0,,0,,4,3,3,1,1647,1,3,3,2,1,1441,1,2,2,2,0,1029,0,ST-IK1,Normalstation Innere Medizin / Kardiologie,30,Innere Medizin und Kardiologie,10.0,22.0,06:00,14:00,450,,13:30,21:30,450,F,21:15,06:15,495,F|S,11,10,8,10,30,45,8,38.5,30,0.1,0,2.0.0,20261133
PK-005,2026-11-26,history,-4,Donnerstag,4,48,0,0,,Pflegefachkraft,Pflegefachkraft,EXAM,1.0,38.5,9240,9240,8316,10164,5,2,2,8,1,1,Pflegefachkraft,0,0.0,-2625,24,24,2,0,0,4117,1,,,,,N,0,,0,,4,3,3,1,1647,1,3,3,2,1,1441,1,2,2,2,0,1029,0,ST-IK1,Normalstation Innere Medizin / Kardiologie,30,Innere Medizin und Kardiologie,10.0,22.0,06:00,14:00,450,,13:30,21:30,450,F,21:15,06:15,495,F|S,11,10,8,10,30,45,8,38.5,30,0.1,0,2.0.0,20261133
PK-006,2026-11-26,history,-4,Donnerstag,4,48,0,0,,Pflegefachkraft,Pflegefachkraft,EXAM|PRAXISANLEITUNG|KARDIO_MONITORING,1.0,38.5,9240,9240,8316,10164,5,2,2,8,1,1,Pflegefachkraft,0,0.0,1104,24,24,2,0,0,4117,1,,,,,F,0,,0,,4,3,3,1,1647,1,3,3,2,1,1441,1,2,2,2,0,1029,0,ST-IK1,Normalstation Innere Medizin / Kardiologie,30,Innere Medizin und Kardiologie,10.0,22.0,06:00,14:00,450,,13:30,21:30,450,F,21:15,06:15,495,F|S,11,10,8,10,30,45,8,38.5,30,0.1,0,2.0.0,20261133
PK-007,2026-11-26,history,-4,Donnerstag,4,48,0,0,,Pflegefachkraft,Pflegefachkraft,EXAM,0.75,28.88,6931,6931,6238,7624,5,2,2,8,1,1,Pflegefachkraft,0,0.0,-1800,24,24,2,0,0,4117,1,,,,,F,0,,0,,4,3,3,1,1647,1,3,3,2,1,1441,1,2,2,2,0,1029,0,ST-IK1,Normalstation Innere Medizin / Kardiologie,30,Innere Medizin und Kardiologie,10.0,22.0,06:00,14:00,450,,13:30,21:30,450,F,21:15,06:15,495,F|S,11,10,8,10,30,45,8,38.5,30,0.1,0,2.0.0,20261133
PK-008,2026-11-26,history,-4,Donnerstag,4,48,0,0,,Pflegefachkraft,Pflegefachkraft,EXAM|PRAXISANLEITUNG,0.6,23.1,5544,5544,4990,6098,5,2,2,8,1,1,Pflegefachkraft,0,0.0,-1449,24,24,2,0,0,4117,1,,,,,,0,,0,,4,3,3,1,1647,1,3,3,2,1,1441,1,2,2,2,0,1029,0,ST-IK1,Normalstation Innere Medizin / Kardiologie,30,Innere Medizin und Kardiologie,10.0,22.0,06:00,14:00,450,,13:30,21:30,450,F,21:15,06:15,495,F|S,11,10,8,10,30,45,8,38.5,30,0.1,0,2.0.0,20261133
PK-009,2026-11-26,history,-4,Donnerstag,4,48,0,0,,Pflegefachkraft,Pflegefachkraft,EXAM|KARDIO_MONITORING,0.6,23.1,5544,5544,4990,6098,5,2,2,8,1,1,Pflegefachkraft,0,0.0,-1494,24,24,2,0,0,4117,1,,,,,S,0,,0,,4,3,3,1,1647,1,3,3,2,1,1441,1,2,2,2,0,1029,0,ST-IK1,Normalstation Innere Medizin / Kardiologie,30,Innere Medizin und Kardiologie,10.0,22.0,06:00,14:00,450,,13:30,21:30,450,F,21:15,06:15,495,F|S,11,10,8,10,30,45,8,38.5,30,0.1,0,2.0.0,20261133
PK-010,2026-11-26,history,-4,Donnerstag,4,48,0,0,,Pflegefachkraft,Pflegefachkraft,EXAM|KARDIO_MONITORING,0.9,34.65,8316,8316,7484,9148,5,2,2,8,1,1,Pflegefachkraft,0,0.0,-1971,24,24,2,0,0,4117,1,,,,,,0,,0,,4,3,3,1,1647,1,3,3,2,1,1441,1,2,2,2,0,1029,0,ST-IK1,Normalstation Innere Medizin / Kardiologie,30,Innere Medizin und Kardiologie,10.0,22.0,06:00,14:00,450,,13:30,21:30,450,F,21:15,06:15,495,F|S,11,10,8,10,30,45,8,38.5,30,0.1,0,2.0.0,20261133
PK-011,2026-11-26,history,-4,Donnerstag,4,48,0,0,,Pflegefachkraft,Pflegefachkraft,EXAM|PRAXISANLEITUNG,0.5,19.25,4620,4620,4158,5082,5,2,2,8,1,1,Pflegefachkraft,0,0.0,-885,24,24,2,0,0,4117,1,,,,,,0,,0,,4,3,3,1,1647,1,3,3,2,1,1441,1,2,2,2,0,1029,0,ST-IK1,Normalstation Innere Medizin / Kardiologie,30,Innere Medizin und Kardiologie,10.0,22.0,06:00,14:00,450,,13:30,21:30,450,F,21:15,06:15,495,F|S,11,10,8,10,30,45,8,38.5,30,0.1,0,2.0.0,20261133
PK-012,2026-11-26,history,-4,Donnerstag,4,48,0,0,,Pflegefachkraft,Pflegefachkraft,EXAM|KARDIO_MONITORING,0.75,28.88,6931,6931,6238,7624,5,2,2,8,1,1,Pflegefachkraft,0,0.0,-1845,24,24,2,0,0,4117,1,,,,,,0,,0,,4,3,3,1,1647,1,3,3,2,1,1441,1,2,2,2,0,1029,0,ST-IK1,Normalstation Innere Medizin / Kardiologie,30,Innere Medizin und Kardiologie,10.0,22.0,06:00,14:00,450,,13:30,21:30,450,F,21:15,06:15,495,F|S,11,10,8,10,30,45,8,38.5,30,0.1,0,2.0.0,20261133
PK-013,2026-11-26,history,-4,Donnerstag,4,48,0,0,,Pflegefachkraft,Pflegefachkraft,EXAM,1.0,38.5,9240,9240,8316,10164,5,2,2,8,1,1,Pflegefachkraft,0,0.0,-2445,24,24,2,0,0,4117,1,,,,,S,0,,0,,4,3,3,1,1647,1,3,3,2,1,1441,1,2,2,2,0,1029,0,ST-IK1,Normalstation Innere Medizin / Kardiologie,30,Innere Medizin und Kardiologie,10.0,22.0,06:00,14:00,450,,13:30,21:30,450,F,21:15,06:15,495,F|S,11,10,8,10,30,45,8,38.5,30,0.1,0,2.0.0,20261133
PK-014,2026-11-26,history,-4,Donnerstag,4,48,0,0,,Pflegefachkraft,Pflegefachkraft,EXAM|PRAXISANLEITUNG,0.75,28.88,6931,6931,6238,7624,5,2,2,8,1,1,Pflegefachkraft,0,0.0,-1440,24,24,2,0,0,4117,1,,,,,,0,,0,,4,3,3,1,1647,1,3,3,2,1,1441,1,2,2,2,0,1029,0,ST-IK1,Normalstation Innere Medizin / Kardiologie,30,Innere Medizin und Kardiologie,10.0,22.0,06:00,14:00,450,,13:30,21:30,450,F,21:15,06:15,495,F|S,11,10,8,10,30,45,8,38.5,30,0.1,0,2.0.0,20261133
PK-015,2026-11-26,history,-4,Donnerstag,4,48,0,0,,Pflegefachkraft,Pflegefachkraft,EXAM|KARDIO_MONITORING,0.8,30.8,7392,7392,6653,8131,5,2,2,8,1,1,Pflegefachkraft,0,0.0,-1992,24,24,2,0,0,4117,1,,,,,,0,,0,,4,3,3,1,1647,1,3,3,2,1,1441,1,2,2,2,0,1029,0,ST-IK1,Normalstation Innere Medizin / Kardiologie,30,Innere Medizin und Kardiologie,10.0,22.0,06:00,14:00,450,,13:30,21:30,450,F,21:15,06:15,495,F|S,11,10,8,10,30,45,8,38.5,30,0.1,0,2.0.0,20261133
PK-016,2026-11-26,history,-4,Donnerstag,4,48,0,0,,Pflegefachkraft,Pflegefachkraft,EXAM|KARDIO_MONITORING,0.7,26.95,6468,6468,5821,7115,5,2,2,8,1,1,Pflegefachkraft,0,0.0,566,24,24,2,0,0,4117,1,,,,,,0,,0,,4,3,3,1,1647,1,3,3,2,1,1441,1,2,2,2,0,1029,0,ST-IK1,Normalstation Innere Medizin / Kardiologie,30,Innere Medizin und Kardiologie,10.0,22.0,06:00,14:00,450,,13:30,21:30,450,F,21:15,06:15,495,F|S,11,10,8,10,30,45,8,38.5,30,0.1,0,2.0.0,20261133
PK-017,2026-11-26,history,-4,Donnerstag,4,48,0,0,,Pflegefachkraft,Pflegefachkraft,EXAM|PRAXISANLEITUNG|KARDIO_MONITORING,1.0,38.5,9240,9240,8316,10164,5,2,2,8,1,1,Pflegefachkraft,0,0.0,-2265,24,24,2,0,0,4117,1,,,,,,0,,0,,4,3,3,1,1647,1,3,3,2,1,1441,1,2,2,2,0,1029,0,ST-IK1,Normalstation Innere Medizin / Kardiologie,30,Innere Medizin und Kardiologie,10.0,22.0,06:00,14:00,450,,13:30,21:30,450,F,21:15,06:15,495,F|S,11,10,8,10,30,45,8,38.5,30,0.1,0,2.0.0,20261133
PK-018,2026-11-26,history,-4,Donnerstag,4,48,0,0,,Pflegefachkraft,Pflegefachkraft,EXAM,0.5,19.25,4620,4620,4158,5082,5,2,2,8,1,1,Pflegefachkraft,0,0.0,-885,24,24,2,0,0,4117,1,,,,,,0,,0,,4,3,3,1,1647,1,3,3,2,1,1441,1,2,2,2,0,1029,0,ST-IK1,Normalstation Innere Medizin / Kardiologie,30,Innere Medizin und Kardiologie,10.0,22.0,06:00,14:00,450,,13:30,21:30,450,F,21:15,06:15,495,F|S,11,10,8,10,30,45,8,38.5,30,0.1,0,2.0.0,20261133
AZ-001,2026-11-27,history,-3,Freitag,5,48,0,0,,Auszubildende_r_3_Ausbildungsjahr,Auszubildende,AUSZUBILDEND,1.0,38.5,9240,9240,8316,10164,5,2,2,8,1,0,nicht anrechenbar,0,0.0,-9240,20,20,3,2,0,3205,1,,,,,,0,,0,,3,2,2,1,1282,1,3,2,2,1,1122,1,2,1,2,0,801,0,ST-IK1,Normalstation Innere Medizin / Kardiologie,30,Innere Medizin und Kardiologie,10.0,22.0,06:00,14:00,450,,13:30,21:30,450,F,21:15,06:15,495,F|S,11,10,8,10,30,45,8,38.5,30,0.1,0,2.0.0,20261133
AZ-002,2026-11-27,history,-3,Freitag,5,48,0,0,,Auszubildende_r_2_Ausbildungsjahr,Auszubildende,AUSZUBILDEND,1.0,38.5,9240,9240,8316,10164,5,2,2,8,1,0,nicht anrechenbar,0,0.0,-9240,20,20,3,2,0,3205,1,,,,,,0,,0,,3,2,2,1,1282,1,3,2,2,1,1122,1,2,1,2,0,801,0,ST-IK1,Normalstation Innere Medizin / Kardiologie,30,Innere Medizin und Kardiologie,10.0,22.0,06:00,14:00,450,,13:30,21:30,450,F,21:15,06:15,495,F|S,11,10,8,10,30,45,8,38.5,30,0.1,0,2.0.0,20261133
AZ-003,2026-11-27,history,-3,Freitag,5,48,0,0,,Auszubildende_r_1_Ausbildungsjahr,Auszubildende,AUSZUBILDEND,1.0,38.5,9240,9240,8316,10164,5,2,2,0,0,0,nicht anrechenbar,0,0.0,-6006,20,20,3,2,0,3205,1,,,,,,0,,0,,3,2,2,1,1282,1,3,2,2,1,1122,1,2,1,2,0,801,0,ST-IK1,Normalstation Innere Medizin / Kardiologie,30,Innere Medizin und Kardiologie,10.0,22.0,06:00,14:00,450,,13:30,21:30,450,F,21:15,06:15,495,F|S,11,10,8,10,30,45,8,38.5,30,0.1,0,2.0.0,20261133
PH-001,2026-11-27,history,-3,Freitag,5,48,0,0,,Pflegehilfskraft,Pflegehilfskraft,PFLEGEHILFE,0.75,28.88,6931,6931,6238,7624,5,2,2,0,0,1,Pflegehilfskraft,0,0.0,-1530,20,20,3,2,0,3205,1,,,,,,0,,0,,3,2,2,1,1282,1,3,2,2,1,1122,1,2,1,2,0,801,0,ST-IK1,Normalstation Innere Medizin / Kardiologie,30,Innere Medizin und Kardiologie,10.0,22.0,06:00,14:00,450,,13:30,21:30,450,F,21:15,06:15,495,F|S,11,10,8,10,30,45,8,38.5,30,0.1,0,2.0.0,20261133
PH-002,2026-11-27,history,-3,Freitag,5,48,0,0,,Pflegehilfskraft,Pflegehilfskraft,PFLEGEHILFE,0.5,19.25,4620,4620,4158,5082,5,2,2,0,0,1,Pflegehilfskraft,0,0.0,-1020,20,20,3,2,0,3205,1,,,,,,0,,0,,3,2,2,1,1282,1,3,2,2,1,1122,1,2,1,2,0,801,0,ST-IK1,Normalstation Innere Medizin / Kardiologie,30,Innere Medizin und Kardiologie,10.0,22.0,06:00,14:00,450,,13:30,21:30,450,F,21:15,06:15,495,F|S,11,10,8,10,30,45,8,38.5,30,0.1,0,2.0.0,20261133
PK-001,2026-11-27,history,-3,Freitag,5,48,0,0,,Stationsleitung,Pflegefachkraft,EXAM|LEITUNG|PRAXISANLEITUNG,1.0,38.5,9240,4620,4158,5082,5,2,2,0,0,1,Pflegefachkraft,1,0.5,2130,20,20,3,2,0,3205,1,,,,,F,0,,0,,3,2,2,1,1282,1,3,2,2,1,1122,1,2,1,2,0,801,0,ST-IK1,Normalstation Innere Medizin / Kardiologie,30,Innere Medizin und Kardiologie,10.0,22.0,06:00,14:00,450,,13:30,21:30,450,F,21:15,06:15,495,F|S,11,10,8,10,30,45,8,38.5,30,0.1,0,2.0.0,20261133
PK-002,2026-11-27,history,-3,Freitag,5,48,0,0,,Pflegefachkraft,Pflegefachkraft,EXAM|PRAXISANLEITUNG,0.8,30.8,7392,7392,6653,8131,5,2,2,8,1,1,Pflegefachkraft,0,0.0,-1857,20,20,3,2,0,3205,1,,,,,,0,,0,,3,2,2,1,1282,1,3,2,2,1,1122,1,2,1,2,0,801,0,ST-IK1,Normalstation Innere Medizin / Kardiologie,30,Innere Medizin und Kardiologie,10.0,22.0,06:00,14:00,450,,13:30,21:30,450,F,21:15,06:15,495,F|S,11,10,8,10,30,45,8,38.5,30,0.1,0,2.0.0,20261133
PK-003,2026-11-27,history,-3,Freitag,5,48,0,0,,Pflegefachkraft,Pflegefachkraft,EXAM,0.8,30.8,7392,7392,6653,8131,5,2,2,8,1,1,Pflegefachkraft,0,0.0,-1902,20,20,3,2,0,3205,1,,,,,,0,,0,,3,2,2,1,1282,1,3,2,2,1,1122,1,2,1,2,0,801,0,ST-IK1,Normalstation Innere Medizin / Kardiologie,30,Innere Medizin und Kardiologie,10.0,22.0,06:00,14:00,450,,13:30,21:30,450,F,21:15,06:15,495,F|S,11,10,8,10,30,45,8,38.5,30,0.1,0,2.0.0,20261133
PK-004,2026-11-27,history,-3,Freitag,5,48,0,0,,Pflegefachkraft,Pflegefachkraft,EXAM,1.0,38.5,9240,9240,8316,10164,5,2,2,8,1,1,Pflegefachkraft,0,0.0,-2625,20,20,3,2,0,3205,1,,,,,,0,,0,,3,2,2,1,1282,1,3,2,2,1,1122,1,2,1,2,0,801,0,ST-IK1,Normalstation Innere Medizin / Kardiologie,30,Innere Medizin und Kardiologie,10.0,22.0,06:00,14:00,450,,13:30,21:30,450,F,21:15,06:15,495,F|S,11,10,8,10,30,45,8,38.5,30,0.1,0,2.0.0,20261133
PK-005,2026-11-27,history,-3,Freitag,5,48,0,0,,Pflegefachkraft,Pflegefachkraft,EXAM,1.0,38.5,9240,9240,8316,10164,5,2,2,8,1,1,Pflegefachkraft,0,0.0,-2625,20,20,3,2,0,3205,1,,,,,,0,,0,,3,2,2,1,1282,1,3,2,2,1,1122,1,2,1,2,0,801,0,ST-IK1,Normalstation Innere Medizin / Kardiologie,30,Innere Medizin und Kardiologie,10.0,22.0,06:00,14:00,450,,13:30,21:30,450,F,21:15,06:15,495,F|S,11,10,8,10,30,45,8,38.5,30,0.1,0,2.0.0,20261133
PK-006,2026-11-27,history,-3,Freitag,5,48,0,0,,Pflegefachkraft,Pflegefachkraft,EXAM|PRAXISANLEITUNG|KARDIO_MONITORING,1.0,38.5,9240,9240,8316,10164,5,2,2,8,1,1,Pflegefachkraft,0,0.0,1104,20,20,3,2,0,3205,1,,,,,,0,,0,,3,2,2,1,1282,1,3,2,2,1,1122,1,2,1,2,0,801,0,ST-IK1,Normalstation Innere Medizin / Kardiologie,30,Innere Medizin und Kardiologie,10.0,22.0,06:00,14:00,450,,13:30,21:30,450,F,21:15,06:15,495,F|S,11,10,8,10,30,45,8,38.5,30,0.1,0,2.0.0,20261133
PK-007,2026-11-27,history,-3,Freitag,5,48,0,0,,Pflegefachkraft,Pflegefachkraft,EXAM,0.75,28.88,6931,6931,6238,7624,5,2,2,8,1,1,Pflegefachkraft,0,0.0,-1800,20,20,3,2,0,3205,1,,,,,,0,,0,,3,2,2,1,1282,1,3,2,2,1,1122,1,2,1,2,0,801,0,ST-IK1,Normalstation Innere Medizin / Kardiologie,30,Innere Medizin und Kardiologie,10.0,22.0,06:00,14:00,450,,13:30,21:30,450,F,21:15,06:15,495,F|S,11,10,8,10,30,45,8,38.5,30,0.1,0,2.0.0,20261133
PK-008,2026-11-27,history,-3,Freitag,5,48,0,0,,Pflegefachkraft,Pflegefachkraft,EXAM|PRAXISANLEITUNG,0.6,23.1,5544,5544,4990,6098,5,2,2,8,1,1,Pflegefachkraft,0,0.0,-1449,20,20,3,2,0,3205,1,,,,,F,0,,0,,3,2,2,1,1282,1,3,2,2,1,1122,1,2,1,2,0,801,0,ST-IK1,Normalstation Innere Medizin / Kardiologie,30,Innere Medizin und Kardiologie,10.0,22.0,06:00,14:00,450,,13:30,21:30,450,F,21:15,06:15,495,F|S,11,10,8,10,30,45,8,38.5,30,0.1,0,2.0.0,20261133
PK-009,2026-11-27,history,-3,Freitag,5,48,0,0,,Pflegefachkraft,Pflegefachkraft,EXAM|KARDIO_MONITORING,0.6,23.1,5544,5544,4990,6098,5,2,2,8,1,1,Pflegefachkraft,0,0.0,-1494,20,20,3,2,0,3205,1,,,,,,0,,0,,3,2,2,1,1282,1,3,2,2,1,1122,1,2,1,2,0,801,0,ST-IK1,Normalstation Innere Medizin / Kardiologie,30,Innere Medizin und Kardiologie,10.0,22.0,06:00,14:00,450,,13:30,21:30,450,F,21:15,06:15,495,F|S,11,10,8,10,30,45,8,38.5,30,0.1,0,2.0.0,20261133
PK-010,2026-11-27,history,-3,Freitag,5,48,0,0,,Pflegefachkraft,Pflegefachkraft,EXAM|KARDIO_MONITORING,0.9,34.65,8316,8316,7484,9148,5,2,2,8,1,1,Pflegefachkraft,0,0.0,-1971,20,20,3,2,0,3205,1,,,,,N,0,,0,,3,2,2,1,1282,1,3,2,2,1,1122,1,2,1,2,0,801,0,ST-IK1,Normalstation Innere Medizin / Kardiologie,30,Innere Medizin und Kardiologie,10.0,22.0,06:00,14:00,450,,13:30,21:30,450,F,21:15,06:15,495,F|S,11,10,8,10,30,45,8,38.5,30,0.1,0,2.0.0,20261133
PK-011,2026-11-27,history,-3,Freitag,5,48,0,0,,Pflegefachkraft,Pflegefachkraft,EXAM|PRAXISANLEITUNG,0.5,19.25,4620,4620,4158,5082,5,2,2,8,1,1,Pflegefachkraft,0,0.0,-885,20,20,3,2,0,3205,1,,,,,,0,,0,,3,2,2,1,1282,1,3,2,2,1,1122,1,2,1,2,0,801,0,ST-IK1,Normalstation Innere Medizin / Kardiologie,30,Innere Medizin und Kardiologie,10.0,22.0,06:00,14:00,450,,13:30,21:30,450,F,21:15,06:15,495,F|S,11,10,8,10,30,45,8,38.5,30,0.1,0,2.0.0,20261133
PK-012,2026-11-27,history,-3,Freitag,5,48,0,0,,Pflegefachkraft,Pflegefachkraft,EXAM|KARDIO_MONITORING,0.75,28.88,6931,6931,6238,7624,5,2,2,8,1,1,Pflegefachkraft,0,0.0,-1845,20,20,3,2,0,3205,1,,,,,S,0,,0,,3,2,2,1,1282,1,3,2,2,1,1122,1,2,1,2,0,801,0,ST-IK1,Normalstation Innere Medizin / Kardiologie,30,Innere Medizin und Kardiologie,10.0,22.0,06:00,14:00,450,,13:30,21:30,450,F,21:15,06:15,495,F|S,11,10,8,10,30,45,8,38.5,30,0.1,0,2.0.0,20261133
PK-013,2026-11-27,history,-3,Freitag,5,48,0,0,,Pflegefachkraft,Pflegefachkraft,EXAM,1.0,38.5,9240,9240,8316,10164,5,2,2,8,1,1,Pflegefachkraft,0,0.0,-2445,20,20,3,2,0,3205,1,,,,,,0,,0,,3,2,2,1,1282,1,3,2,2,1,1122,1,2,1,2,0,801,0,ST-IK1,Normalstation Innere Medizin / Kardiologie,30,Innere Medizin und Kardiologie,10.0,22.0,06:00,14:00,450,,13:30,21:30,450,F,21:15,06:15,495,F|S,11,10,8,10,30,45,8,38.5,30,0.1,0,2.0.0,20261133
PK-014,2026-11-27,history,-3,Freitag,5,48,0,0,,Pflegefachkraft,Pflegefachkraft,EXAM|PRAXISANLEITUNG,0.75,28.88,6931,6931,6238,7624,5,2,2,8,1,1,Pflegefachkraft,0,0.0,-1440,20,20,3,2,0,3205,1,,,,,N,0,,0,,3,2,2,1,1282,1,3,2,2,1,1122,1,2,1,2,0,801,0,ST-IK1,Normalstation Innere Medizin / Kardiologie,30,Innere Medizin und Kardiologie,10.0,22.0,06:00,14:00,450,,13:30,21:30,450,F,21:15,06:15,495,F|S,11,10,8,10,30,45,8,38.5,30,0.1,0,2.0.0,20261133
PK-015,2026-11-27,history,-3,Freitag,5,48,0,0,,Pflegefachkraft,Pflegefachkraft,EXAM|KARDIO_MONITORING,0.8,30.8,7392,7392,6653,8131,5,2,2,8,1,1,Pflegefachkraft,0,0.0,-1992,20,20,3,2,0,3205,1,,,,,S,0,,0,,3,2,2,1,1282,1,3,2,2,1,1122,1,2,1,2,0,801,0,ST-IK1,Normalstation Innere Medizin / Kardiologie,30,Innere Medizin und Kardiologie,10.0,22.0,06:00,14:00,450,,13:30,21:30,450,F,21:15,06:15,495,F|S,11,10,8,10,30,45,8,38.5,30,0.1,0,2.0.0,20261133
PK-016,2026-11-27,history,-3,Freitag,5,48,0,0,,Pflegefachkraft,Pflegefachkraft,EXAM|KARDIO_MONITORING,0.7,26.95,6468,6468,5821,7115,5,2,2,8,1,1,Pflegefachkraft,0,0.0,566,20,20,3,2,0,3205,1,,,,,S,0,,0,,3,2,2,1,1282,1,3,2,2,1,1122,1,2,1,2,0,801,0,ST-IK1,Normalstation Innere Medizin / Kardiologie,30,Innere Medizin und Kardiologie,10.0,22.0,06:00,14:00,450,,13:30,21:30,450,F,21:15,06:15,495,F|S,11,10,8,10,30,45,8,38.5,30,0.1,0,2.0.0,20261133
PK-017,2026-11-27,history,-3,Freitag,5,48,0,0,,Pflegefachkraft,Pflegefachkraft,EXAM|PRAXISANLEITUNG|KARDIO_MONITORING,1.0,38.5,9240,9240,8316,10164,5,2,2,8,1,1,Pflegefachkraft,0,0.0,-2265,20,20,3,2,0,3205,1,,,,,F,0,,0,,3,2,2,1,1282,1,3,2,2,1,1122,1,2,1,2,0,801,0,ST-IK1,Normalstation Innere Medizin / Kardiologie,30,Innere Medizin und Kardiologie,10.0,22.0,06:00,14:00,450,,13:30,21:30,450,F,21:15,06:15,495,F|S,11,10,8,10,30,45,8,38.5,30,0.1,0,2.0.0,20261133
PK-018,2026-11-27,history,-3,Freitag,5,48,0,0,,Pflegefachkraft,Pflegefachkraft,EXAM,0.5,19.25,4620,4620,4158,5082,5,2,2,8,1,1,Pflegefachkraft,0,0.0,-885,20,20,3,2,0,3205,1,,,,,,0,,0,,3,2,2,1,1282,1,3,2,2,1,1122,1,2,1,2,0,801,0,ST-IK1,Normalstation Innere Medizin / Kardiologie,30,Innere Medizin und Kardiologie,10.0,22.0,06:00,14:00,450,,13:30,21:30,450,F,21:15,06:15,495,F|S,11,10,8,10,30,45,8,38.5,30,0.1,0,2.0.0,20261133
AZ-001,2026-11-28,history,-2,Samstag,6,48,1,0,,Auszubildende_r_3_Ausbildungsjahr,Auszubildende,AUSZUBILDEND,1.0,38.5,9240,9240,8316,10164,5,2,2,8,1,0,nicht anrechenbar,0,0.0,-9240,18,18,1,2,1,3372,1,,,,,,0,,0,,3,2,2,1,1349,1,3,2,2,1,1180,1,2,1,2,0,843,0,ST-IK1,Normalstation Innere Medizin / Kardiologie,30,Innere Medizin und Kardiologie,10.0,22.0,06:00,14:00,450,,13:30,21:30,450,F,21:15,06:15,495,F|S,11,10,8,10,30,45,8,38.5,30,0.1,0,2.0.0,20261133
AZ-002,2026-11-28,history,-2,Samstag,6,48,1,0,,Auszubildende_r_2_Ausbildungsjahr,Auszubildende,AUSZUBILDEND,1.0,38.5,9240,9240,8316,10164,5,2,2,8,1,0,nicht anrechenbar,0,0.0,-9240,18,18,1,2,1,3372,1,,,,,,0,,0,,3,2,2,1,1349,1,3,2,2,1,1180,1,2,1,2,0,843,0,ST-IK1,Normalstation Innere Medizin / Kardiologie,30,Innere Medizin und Kardiologie,10.0,22.0,06:00,14:00,450,,13:30,21:30,450,F,21:15,06:15,495,F|S,11,10,8,10,30,45,8,38.5,30,0.1,0,2.0.0,20261133
AZ-003,2026-11-28,history,-2,Samstag,6,48,1,0,,Auszubildende_r_1_Ausbildungsjahr,Auszubildende,AUSZUBILDEND,1.0,38.5,9240,9240,8316,10164,5,2,2,0,0,0,nicht anrechenbar,0,0.0,-6006,18,18,1,2,1,3372,1,,,,,,0,,0,,3,2,2,1,1349,1,3,2,2,1,1180,1,2,1,2,0,843,0,ST-IK1,Normalstation Innere Medizin / Kardiologie,30,Innere Medizin und Kardiologie,10.0,22.0,06:00,14:00,450,,13:30,21:30,450,F,21:15,06:15,495,F|S,11,10,8,10,30,45,8,38.5,30,0.1,0,2.0.0,20261133
PH-001,2026-11-28,history,-2,Samstag,6,48,1,0,,Pflegehilfskraft,Pflegehilfskraft,PFLEGEHILFE,0.75,28.88,6931,6931,6238,7624,5,2,2,0,0,1,Pflegehilfskraft,0,0.0,-1530,18,18,1,2,1,3372,1,,,,,,0,,0,,3,2,2,1,1349,1,3,2,2,1,1180,1,2,1,2,0,843,0,ST-IK1,Normalstation Innere Medizin / Kardiologie,30,Innere Medizin und Kardiologie,10.0,22.0,06:00,14:00,450,,13:30,21:30,450,F,21:15,06:15,495,F|S,11,10,8,10,30,45,8,38.5,30,0.1,0,2.0.0,20261133
PH-002,2026-11-28,history,-2,Samstag,6,48,1,0,,Pflegehilfskraft,Pflegehilfskraft,PFLEGEHILFE,0.5,19.25,4620,4620,4158,5082,5,2,2,0,0,1,Pflegehilfskraft,0,0.0,-1020,18,18,1,2,1,3372,1,,,,,F,0,,0,,3,2,2,1,1349,1,3,2,2,1,1180,1,2,1,2,0,843,0,ST-IK1,Normalstation Innere Medizin / Kardiologie,30,Innere Medizin und Kardiologie,10.0,22.0,06:00,14:00,450,,13:30,21:30,450,F,21:15,06:15,495,F|S,11,10,8,10,30,45,8,38.5,30,0.1,0,2.0.0,20261133
PK-001,2026-11-28,history,-2,Samstag,6,48,1,0,,Stationsleitung,Pflegefachkraft,EXAM|LEITUNG|PRAXISANLEITUNG,1.0,38.5,9240,4620,4158,5082,5,2,2,0,0,1,Pflegefachkraft,1,0.5,2130,18,18,1,2,1,3372,1,,,,,,0,,0,,3,2,2,1,1349,1,3,2,2,1,1180,1,2,1,2,0,843,0,ST-IK1,Normalstation Innere Medizin / Kardiologie,30,Innere Medizin und Kardiologie,10.0,22.0,06:00,14:00,450,,13:30,21:30,450,F,21:15,06:15,495,F|S,11,10,8,10,30,45,8,38.5,30,0.1,0,2.0.0,20261133
PK-002,2026-11-28,history,-2,Samstag,6,48,1,0,,Pflegefachkraft,Pflegefachkraft,EXAM|PRAXISANLEITUNG,0.8,30.8,7392,7392,6653,8131,5,2,2,8,1,1,Pflegefachkraft,0,0.0,-1857,18,18,1,2,1,3372,1,,,,,S,0,,0,,3,2,2,1,1349,1,3,2,2,1,1180,1,2,1,2,0,843,0,ST-IK1,Normalstation Innere Medizin / Kardiologie,30,Innere Medizin und Kardiologie,10.0,22.0,06:00,14:00,450,,13:30,21:30,450,F,21:15,06:15,495,F|S,11,10,8,10,30,45,8,38.5,30,0.1,0,2.0.0,20261133
PK-003,2026-11-28,history,-2,Samstag,6,48,1,0,,Pflegefachkraft,Pflegefachkraft,EXAM,0.8,30.8,7392,7392,6653,8131,5,2,2,8,1,1,Pflegefachkraft,0,0.0,-1902,18,18,1,2,1,3372,1,,,,,S,0,,0,,3,2,2,1,1349,1,3,2,2,1,1180,1,2,1,2,0,843,0,ST-IK1,Normalstation Innere Medizin / Kardiologie,30,Innere Medizin und Kardiologie,10.0,22.0,06:00,14:00,450,,13:30,21:30,450,F,21:15,06:15,495,F|S,11,10,8,10,30,45,8,38.5,30,0.1,0,2.0.0,20261133
PK-004,2026-11-28,history,-2,Samstag,6,48,1,0,,Pflegefachkraft,Pflegefachkraft,EXAM,1.0,38.5,9240,9240,8316,10164,5,2,2,8,1,1,Pflegefachkraft,0,0.0,-2625,18,18,1,2,1,3372,1,,,,,N,0,,0,,3,2,2,1,1349,1,3,2,2,1,1180,1,2,1,2,0,843,0,ST-IK1,Normalstation Innere Medizin / Kardiologie,30,Innere Medizin und Kardiologie,10.0,22.0,06:00,14:00,450,,13:30,21:30,450,F,21:15,06:15,495,F|S,11,10,8,10,30,45,8,38.5,30,0.1,0,2.0.0,20261133
PK-005,2026-11-28,history,-2,Samstag,6,48,1,0,,Pflegefachkraft,Pflegefachkraft,EXAM,1.0,38.5,9240,9240,8316,10164,5,2,2,8,1,1,Pflegefachkraft,0,0.0,-2625,18,18,1,2,1,3372,1,,,,,N,0,,0,,3,2,2,1,1349,1,3,2,2,1,1180,1,2,1,2,0,843,0,ST-IK1,Normalstation Innere Medizin / Kardiologie,30,Innere Medizin und Kardiologie,10.0,22.0,06:00,14:00,450,,13:30,21:30,450,F,21:15,06:15,495,F|S,11,10,8,10,30,45,8,38.5,30,0.1,0,2.0.0,20261133
PK-006,2026-11-28,history,-2,Samstag,6,48,1,0,,Pflegefachkraft,Pflegefachkraft,EXAM|PRAXISANLEITUNG|KARDIO_MONITORING,1.0,38.5,9240,9240,8316,10164,5,2,2,8,1,1,Pflegefachkraft,0,0.0,1104,18,18,1,2,1,3372,1,,,,,F,0,,0,,3,2,2,1,1349,1,3,2,2,1,1180,1,2,1,2,0,843,0,ST-IK1,Normalstation Innere Medizin / Kardiologie,30,Innere Medizin und Kardiologie,10.0,22.0,06:00,14:00,450,,13:30,21:30,450,F,21:15,06:15,495,F|S,11,10,8,10,30,45,8,38.5,30,0.1,0,2.0.0,20261133
PK-007,2026-11-28,history,-2,Samstag,6,48,1,0,,Pflegefachkraft,Pflegefachkraft,EXAM,0.75,28.88,6931,6931,6238,7624,5,2,2,8,1,1,Pflegefachkraft,0,0.0,-1800,18,18,1,2,1,3372,1,,,,,F,0,,0,,3,2,2,1,1349,1,3,2,2,1,1180,1,2,1,2,0,843,0,ST-IK1,Normalstation Innere Medizin / Kardiologie,30,Innere Medizin und Kardiologie,10.0,22.0,06:00,14:00,450,,13:30,21:30,450,F,21:15,06:15,495,F|S,11,10,8,10,30,45,8,38.5,30,0.1,0,2.0.0,20261133
PK-008,2026-11-28,history,-2,Samstag,6,48,1,0,,Pflegefachkraft,Pflegefachkraft,EXAM|PRAXISANLEITUNG,0.6,23.1,5544,5544,4990,6098,5,2,2,8,1,1,Pflegefachkraft,0,0.0,-1449,18,18,1,2,1,3372,1,,,,,,0,,0,,3,2,2,1,1349,1,3,2,2,1,1180,1,2,1,2,0,843,0,ST-IK1,Normalstation Innere Medizin / Kardiologie,30,Innere Medizin und Kardiologie,10.0,22.0,06:00,14:00,450,,13:30,21:30,450,F,21:15,06:15,495,F|S,11,10,8,10,30,45,8,38.5,30,0.1,0,2.0.0,20261133
PK-009,2026-11-28,history,-2,Samstag,6,48,1,0,,Pflegefachkraft,Pflegefachkraft,EXAM|KARDIO_MONITORING,0.6,23.1,5544,5544,4990,6098,5,2,2,8,1,1,Pflegefachkraft,0,0.0,-1494,18,18,1,2,1,3372,1,,,,,,0,,0,,3,2,2,1,1349,1,3,2,2,1,1180,1,2,1,2,0,843,0,ST-IK1,Normalstation Innere Medizin / Kardiologie,30,Innere Medizin und Kardiologie,10.0,22.0,06:00,14:00,450,,13:30,21:30,450,F,21:15,06:15,495,F|S,11,10,8,10,30,45,8,38.5,30,0.1,0,2.0.0,20261133
PK-010,2026-11-28,history,-2,Samstag,6,48,1,0,,Pflegefachkraft,Pflegefachkraft,EXAM|KARDIO_MONITORING,0.9,34.65,8316,8316,7484,9148,5,2,2,8,1,1,Pflegefachkraft,0,0.0,-1971,18,18,1,2,1,3372,1,,,,,,0,,0,,3,2,2,1,1349,1,3,2,2,1,1180,1,2,1,2,0,843,0,ST-IK1,Normalstation Innere Medizin / Kardiologie,30,Innere Medizin und Kardiologie,10.0,22.0,06:00,14:00,450,,13:30,21:30,450,F,21:15,06:15,495,F|S,11,10,8,10,30,45,8,38.5,30,0.1,0,2.0.0,20261133
PK-011,2026-11-28,history,-2,Samstag,6,48,1,0,,Pflegefachkraft,Pflegefachkraft,EXAM|PRAXISANLEITUNG,0.5,19.25,4620,4620,4158,5082,5,2,2,8,1,1,Pflegefachkraft,0,0.0,-885,18,18,1,2,1,3372,1,,,,,,0,,0,,3,2,2,1,1349,1,3,2,2,1,1180,1,2,1,2,0,843,0,ST-IK1,Normalstation Innere Medizin / Kardiologie,30,Innere Medizin und Kardiologie,10.0,22.0,06:00,14:00,450,,13:30,21:30,450,F,21:15,06:15,495,F|S,11,10,8,10,30,45,8,38.5,30,0.1,0,2.0.0,20261133
PK-012,2026-11-28,history,-2,Samstag,6,48,1,0,,Pflegefachkraft,Pflegefachkraft,EXAM|KARDIO_MONITORING,0.75,28.88,6931,6931,6238,7624,5,2,2,8,1,1,Pflegefachkraft,0,0.0,-1845,18,18,1,2,1,3372,1,,,,,,0,,0,,3,2,2,1,1349,1,3,2,2,1,1180,1,2,1,2,0,843,0,ST-IK1,Normalstation Innere Medizin / Kardiologie,30,Innere Medizin und Kardiologie,10.0,22.0,06:00,14:00,450,,13:30,21:30,450,F,21:15,06:15,495,F|S,11,10,8,10,30,45,8,38.5,30,0.1,0,2.0.0,20261133
PK-013,2026-11-28,history,-2,Samstag,6,48,1,0,,Pflegefachkraft,Pflegefachkraft,EXAM,1.0,38.5,9240,9240,8316,10164,5,2,2,8,1,1,Pflegefachkraft,0,0.0,-2445,18,18,1,2,1,3372,1,,,,,S,0,,0,,3,2,2,1,1349,1,3,2,2,1,1180,1,2,1,2,0,843,0,ST-IK1,Normalstation Innere Medizin / Kardiologie,30,Innere Medizin und Kardiologie,10.0,22.0,06:00,14:00,450,,13:30,21:30,450,F,21:15,06:15,495,F|S,11,10,8,10,30,45,8,38.5,30,0.1,0,2.0.0,20261133
PK-014,2026-11-28,history,-2,Samstag,6,48,1,0,,Pflegefachkraft,Pflegefachkraft,EXAM|PRAXISANLEITUNG,0.75,28.88,6931,6931,6238,7624,5,2,2,8,1,1,Pflegefachkraft,0,0.0,-1440,18,18,1,2,1,3372,1,,,,,,0,,0,,3,2,2,1,1349,1,3,2,2,1,1180,1,2,1,2,0,843,0,ST-IK1,Normalstation Innere Medizin / Kardiologie,30,Innere Medizin und Kardiologie,10.0,22.0,06:00,14:00,450,,13:30,21:30,450,F,21:15,06:15,495,F|S,11,10,8,10,30,45,8,38.5,30,0.1,0,2.0.0,20261133
PK-015,2026-11-28,history,-2,Samstag,6,48,1,0,,Pflegefachkraft,Pflegefachkraft,EXAM|KARDIO_MONITORING,0.8,30.8,7392,7392,6653,8131,5,2,2,8,1,1,Pflegefachkraft,0,0.0,-1992,18,18,1,2,1,3372,1,,,,,,0,,0,,3,2,2,1,1349,1,3,2,2,1,1180,1,2,1,2,0,843,0,ST-IK1,Normalstation Innere Medizin / Kardiologie,30,Innere Medizin und Kardiologie,10.0,22.0,06:00,14:00,450,,13:30,21:30,450,F,21:15,06:15,495,F|S,11,10,8,10,30,45,8,38.5,30,0.1,0,2.0.0,20261133
PK-016,2026-11-28,history,-2,Samstag,6,48,1,0,,Pflegefachkraft,Pflegefachkraft,EXAM|KARDIO_MONITORING,0.7,26.95,6468,6468,5821,7115,5,2,2,8,1,1,Pflegefachkraft,0,0.0,566,18,18,1,2,1,3372,1,,,,,,0,,0,,3,2,2,1,1349,1,3,2,2,1,1180,1,2,1,2,0,843,0,ST-IK1,Normalstation Innere Medizin / Kardiologie,30,Innere Medizin und Kardiologie,10.0,22.0,06:00,14:00,450,,13:30,21:30,450,F,21:15,06:15,495,F|S,11,10,8,10,30,45,8,38.5,30,0.1,0,2.0.0,20261133
PK-017,2026-11-28,history,-2,Samstag,6,48,1,0,,Pflegefachkraft,Pflegefachkraft,EXAM|PRAXISANLEITUNG|KARDIO_MONITORING,1.0,38.5,9240,9240,8316,10164,5,2,2,8,1,1,Pflegefachkraft,0,0.0,-2265,18,18,1,2,1,3372,1,,,,,,0,,0,,3,2,2,1,1349,1,3,2,2,1,1180,1,2,1,2,0,843,0,ST-IK1,Normalstation Innere Medizin / Kardiologie,30,Innere Medizin und Kardiologie,10.0,22.0,06:00,14:00,450,,13:30,21:30,450,F,21:15,06:15,495,F|S,11,10,8,10,30,45,8,38.5,30,0.1,0,2.0.0,20261133
PK-018,2026-11-28,history,-2,Samstag,6,48,1,0,,Pflegefachkraft,Pflegefachkraft,EXAM,0.5,19.25,4620,4620,4158,5082,5,2,2,8,1,1,Pflegefachkraft,0,0.0,-885,18,18,1,2,1,3372,1,,,,,,0,,0,,3,2,2,1,1349,1,3,2,2,1,1180,1,2,1,2,0,843,0,ST-IK1,Normalstation Innere Medizin / Kardiologie,30,Innere Medizin und Kardiologie,10.0,22.0,06:00,14:00,450,,13:30,21:30,450,F,21:15,06:15,495,F|S,11,10,8,10,30,45,8,38.5,30,0.1,0,2.0.0,20261133
AZ-001,2026-11-29,history,-1,Sonntag,7,48,1,0,,Auszubildende_r_3_Ausbildungsjahr,Auszubildende,AUSZUBILDEND,1.0,38.5,9240,9240,8316,10164,5,2,2,8,1,0,nicht anrechenbar,0,0.0,-9240,20,18,4,1,2,3557,1,,,,,,0,,0,,3,2,2,1,1423,1,3,2,2,1,1245,1,2,1,2,0,889,0,ST-IK1,Normalstation Innere Medizin / Kardiologie,30,Innere Medizin und Kardiologie,10.0,22.0,06:00,14:00,450,,13:30,21:30,450,F,21:15,06:15,495,F|S,11,10,8,10,30,45,8,38.5,30,0.1,0,2.0.0,20261133
AZ-002,2026-11-29,history,-1,Sonntag,7,48,1,0,,Auszubildende_r_2_Ausbildungsjahr,Auszubildende,AUSZUBILDEND,1.0,38.5,9240,9240,8316,10164,5,2,2,8,1,0,nicht anrechenbar,0,0.0,-9240,20,18,4,1,2,3557,1,,,,,,0,,0,,3,2,2,1,1423,1,3,2,2,1,1245,1,2,1,2,0,889,0,ST-IK1,Normalstation Innere Medizin / Kardiologie,30,Innere Medizin und Kardiologie,10.0,22.0,06:00,14:00,450,,13:30,21:30,450,F,21:15,06:15,495,F|S,11,10,8,10,30,45,8,38.5,30,0.1,0,2.0.0,20261133
AZ-003,2026-11-29,history,-1,Sonntag,7,48,1,0,,Auszubildende_r_1_Ausbildungsjahr,Auszubildende,AUSZUBILDEND,1.0,38.5,9240,9240,8316,10164,5,2,2,0,0,0,nicht anrechenbar,0,0.0,-6006,20,18,4,1,2,3557,1,,,,,,0,,0,,3,2,2,1,1423,1,3,2,2,1,1245,1,2,1,2,0,889,0,ST-IK1,Normalstation Innere Medizin / Kardiologie,30,Innere Medizin und Kardiologie,10.0,22.0,06:00,14:00,450,,13:30,21:30,450,F,21:15,06:15,495,F|S,11,10,8,10,30,45,8,38.5,30,0.1,0,2.0.0,20261133
PH-001,2026-11-29,history,-1,Sonntag,7,48,1,0,,Pflegehilfskraft,Pflegehilfskraft,PFLEGEHILFE,0.75,28.88,6931,6931,6238,7624,5,2,2,0,0,1,Pflegehilfskraft,0,0.0,-1530,20,18,4,1,2,3557,1,,,,,S,0,,0,,3,2,2,1,1423,1,3,2,2,1,1245,1,2,1,2,0,889,0,ST-IK1,Normalstation Innere Medizin / Kardiologie,30,Innere Medizin und Kardiologie,10.0,22.0,06:00,14:00,450,,13:30,21:30,450,F,21:15,06:15,495,F|S,11,10,8,10,30,45,8,38.5,30,0.1,0,2.0.0,20261133
PH-002,2026-11-29,history,-1,Sonntag,7,48,1,0,,Pflegehilfskraft,Pflegehilfskraft,PFLEGEHILFE,0.5,19.25,4620,4620,4158,5082,5,2,2,0,0,1,Pflegehilfskraft,0,0.0,-1020,20,18,4,1,2,3557,1,,,,,,0,,0,,3,2,2,1,1423,1,3,2,2,1,1245,1,2,1,2,0,889,0,ST-IK1,Normalstation Innere Medizin / Kardiologie,30,Innere Medizin und Kardiologie,10.0,22.0,06:00,14:00,450,,13:30,21:30,450,F,21:15,06:15,495,F|S,11,10,8,10,30,45,8,38.5,30,0.1,0,2.0.0,20261133
PK-001,2026-11-29,history,-1,Sonntag,7,48,1,0,,Stationsleitung,Pflegefachkraft,EXAM|LEITUNG|PRAXISANLEITUNG,1.0,38.5,9240,4620,4158,5082,5,2,2,0,0,1,Pflegefachkraft,1,0.5,2130,20,18,4,1,2,3557,1,,,,,F,0,,0,,3,2,2,1,1423,1,3,2,2,1,1245,1,2,1,2,0,889,0,ST-IK1,Normalstation Innere Medizin / Kardiologie,30,Innere Medizin und Kardiologie,10.0,22.0,06:00,14:00,450,,13:30,21:30,450,F,21:15,06:15,495,F|S,11,10,8,10,30,45,8,38.5,30,0.1,0,2.0.0,20261133
PK-002,2026-11-29,history,-1,Sonntag,7,48,1,0,,Pflegefachkraft,Pflegefachkraft,EXAM|PRAXISANLEITUNG,0.8,30.8,7392,7392,6653,8131,5,2,2,8,1,1,Pflegefachkraft,0,0.0,-1857,20,18,4,1,2,3557,1,,,,,,0,,0,,3,2,2,1,1423,1,3,2,2,1,1245,1,2,1,2,0,889,0,ST-IK1,Normalstation Innere Medizin / Kardiologie,30,Innere Medizin und Kardiologie,10.0,22.0,06:00,14:00,450,,13:30,21:30,450,F,21:15,06:15,495,F|S,11,10,8,10,30,45,8,38.5,30,0.1,0,2.0.0,20261133
PK-003,2026-11-29,history,-1,Sonntag,7,48,1,0,,Pflegefachkraft,Pflegefachkraft,EXAM,0.8,30.8,7392,7392,6653,8131,5,2,2,8,1,1,Pflegefachkraft,0,0.0,-1902,20,18,4,1,2,3557,1,,,,,,0,,0,,3,2,2,1,1423,1,3,2,2,1,1245,1,2,1,2,0,889,0,ST-IK1,Normalstation Innere Medizin / Kardiologie,30,Innere Medizin und Kardiologie,10.0,22.0,06:00,14:00,450,,13:30,21:30,450,F,21:15,06:15,495,F|S,11,10,8,10,30,45,8,38.5,30,0.1,0,2.0.0,20261133
PK-004,2026-11-29,history,-1,Sonntag,7,48,1,0,,Pflegefachkraft,Pflegefachkraft,EXAM,1.0,38.5,9240,9240,8316,10164,5,2,2,8,1,1,Pflegefachkraft,0,0.0,-2625,20,18,4,1,2,3557,1,,,,,,0,,0,,3,2,2,1,1423,1,3,2,2,1,1245,1,2,1,2,0,889,0,ST-IK1,Normalstation Innere Medizin / Kardiologie,30,Innere Medizin und Kardiologie,10.0,22.0,06:00,14:00,450,,13:30,21:30,450,F,21:15,06:15,495,F|S,11,10,8,10,30,45,8,38.5,30,0.1,0,2.0.0,20261133
PK-005,2026-11-29,history,-1,Sonntag,7,48,1,0,,Pflegefachkraft,Pflegefachkraft,EXAM,1.0,38.5,9240,9240,8316,10164,5,2,2,8,1,1,Pflegefachkraft,0,0.0,-2625,20,18,4,1,2,3557,1,,,,,,0,,0,,3,2,2,1,1423,1,3,2,2,1,1245,1,2,1,2,0,889,0,ST-IK1,Normalstation Innere Medizin / Kardiologie,30,Innere Medizin und Kardiologie,10.0,22.0,06:00,14:00,450,,13:30,21:30,450,F,21:15,06:15,495,F|S,11,10,8,10,30,45,8,38.5,30,0.1,0,2.0.0,20261133
PK-006,2026-11-29,history,-1,Sonntag,7,48,1,0,,Pflegefachkraft,Pflegefachkraft,EXAM|PRAXISANLEITUNG|KARDIO_MONITORING,1.0,38.5,9240,9240,8316,10164,5,2,2,8,1,1,Pflegefachkraft,0,0.0,1104,20,18,4,1,2,3557,1,,,,,S,0,,0,,3,2,2,1,1423,1,3,2,2,1,1245,1,2,1,2,0,889,0,ST-IK1,Normalstation Innere Medizin / Kardiologie,30,Innere Medizin und Kardiologie,10.0,22.0,06:00,14:00,450,,13:30,21:30,450,F,21:15,06:15,495,F|S,11,10,8,10,30,45,8,38.5,30,0.1,0,2.0.0,20261133
PK-007,2026-11-29,history,-1,Sonntag,7,48,1,0,,Pflegefachkraft,Pflegefachkraft,EXAM,0.75,28.88,6931,6931,6238,7624,5,2,2,8,1,1,Pflegefachkraft,0,0.0,-1800,20,18,4,1,2,3557,1,,,,,,0,,0,,3,2,2,1,1423,1,3,2,2,1,1245,1,2,1,2,0,889,0,ST-IK1,Normalstation Innere Medizin / Kardiologie,30,Innere Medizin und Kardiologie,10.0,22.0,06:00,14:00,450,,13:30,21:30,450,F,21:15,06:15,495,F|S,11,10,8,10,30,45,8,38.5,30,0.1,0,2.0.0,20261133
PK-008,2026-11-29,history,-1,Sonntag,7,48,1,0,,Pflegefachkraft,Pflegefachkraft,EXAM|PRAXISANLEITUNG,0.6,23.1,5544,5544,4990,6098,5,2,2,8,1,1,Pflegefachkraft,0,0.0,-1449,20,18,4,1,2,3557,1,,,,,,0,,0,,3,2,2,1,1423,1,3,2,2,1,1245,1,2,1,2,0,889,0,ST-IK1,Normalstation Innere Medizin / Kardiologie,30,Innere Medizin und Kardiologie,10.0,22.0,06:00,14:00,450,,13:30,21:30,450,F,21:15,06:15,495,F|S,11,10,8,10,30,45,8,38.5,30,0.1,0,2.0.0,20261133
PK-009,2026-11-29,history,-1,Sonntag,7,48,1,0,,Pflegefachkraft,Pflegefachkraft,EXAM|KARDIO_MONITORING,0.6,23.1,5544,5544,4990,6098,5,2,2,8,1,1,Pflegefachkraft,0,0.0,-1494,20,18,4,1,2,3557,1,,,,,,0,,0,,3,2,2,1,1423,1,3,2,2,1,1245,1,2,1,2,0,889,0,ST-IK1,Normalstation Innere Medizin / Kardiologie,30,Innere Medizin und Kardiologie,10.0,22.0,06:00,14:00,450,,13:30,21:30,450,F,21:15,06:15,495,F|S,11,10,8,10,30,45,8,38.5,30,0.1,0,2.0.0,20261133
PK-010,2026-11-29,history,-1,Sonntag,7,48,1,0,,Pflegefachkraft,Pflegefachkraft,EXAM|KARDIO_MONITORING,0.9,34.65,8316,8316,7484,9148,5,2,2,8,1,1,Pflegefachkraft,0,0.0,-1971,20,18,4,1,2,3557,1,,,,,F,0,,0,,3,2,2,1,1423,1,3,2,2,1,1245,1,2,1,2,0,889,0,ST-IK1,Normalstation Innere Medizin / Kardiologie,30,Innere Medizin und Kardiologie,10.0,22.0,06:00,14:00,450,,13:30,21:30,450,F,21:15,06:15,495,F|S,11,10,8,10,30,45,8,38.5,30,0.1,0,2.0.0,20261133
PK-011,2026-11-29,history,-1,Sonntag,7,48,1,0,,Pflegefachkraft,Pflegefachkraft,EXAM|PRAXISANLEITUNG,0.5,19.25,4620,4620,4158,5082,5,2,2,8,1,1,Pflegefachkraft,0,0.0,-885,20,18,4,1,2,3557,1,,,,,N,0,,0,,3,2,2,1,1423,1,3,2,2,1,1245,1,2,1,2,0,889,0,ST-IK1,Normalstation Innere Medizin / Kardiologie,30,Innere Medizin und Kardiologie,10.0,22.0,06:00,14:00,450,,13:30,21:30,450,F,21:15,06:15,495,F|S,11,10,8,10,30,45,8,38.5,30,0.1,0,2.0.0,20261133
PK-012,2026-11-29,history,-1,Sonntag,7,48,1,0,,Pflegefachkraft,Pflegefachkraft,EXAM|KARDIO_MONITORING,0.75,28.88,6931,6931,6238,7624,5,2,2,8,1,1,Pflegefachkraft,0,0.0,-1845,20,18,4,1,2,3557,1,,,,,,0,,0,,3,2,2,1,1423,1,3,2,2,1,1245,1,2,1,2,0,889,0,ST-IK1,Normalstation Innere Medizin / Kardiologie,30,Innere Medizin und Kardiologie,10.0,22.0,06:00,14:00,450,,13:30,21:30,450,F,21:15,06:15,495,F|S,11,10,8,10,30,45,8,38.5,30,0.1,0,2.0.0,20261133
PK-013,2026-11-29,history,-1,Sonntag,7,48,1,0,,Pflegefachkraft,Pflegefachkraft,EXAM,1.0,38.5,9240,9240,8316,10164,5,2,2,8,1,1,Pflegefachkraft,0,0.0,-2445,20,18,4,1,2,3557,1,,,,,,0,,0,,3,2,2,1,1423,1,3,2,2,1,1245,1,2,1,2,0,889,0,ST-IK1,Normalstation Innere Medizin / Kardiologie,30,Innere Medizin und Kardiologie,10.0,22.0,06:00,14:00,450,,13:30,21:30,450,F,21:15,06:15,495,F|S,11,10,8,10,30,45,8,38.5,30,0.1,0,2.0.0,20261133
PK-014,2026-11-29,history,-1,Sonntag,7,48,1,0,,Pflegefachkraft,Pflegefachkraft,EXAM|PRAXISANLEITUNG,0.75,28.88,6931,6931,6238,7624,5,2,2,8,1,1,Pflegefachkraft,0,0.0,-1440,20,18,4,1,2,3557,1,,,,,S,0,,0,,3,2,2,1,1423,1,3,2,2,1,1245,1,2,1,2,0,889,0,ST-IK1,Normalstation Innere Medizin / Kardiologie,30,Innere Medizin und Kardiologie,10.0,22.0,06:00,14:00,450,,13:30,21:30,450,F,21:15,06:15,495,F|S,11,10,8,10,30,45,8,38.5,30,0.1,0,2.0.0,20261133
PK-015,2026-11-29,history,-1,Sonntag,7,48,1,0,,Pflegefachkraft,Pflegefachkraft,EXAM|KARDIO_MONITORING,0.8,30.8,7392,7392,6653,8131,5,2,2,8,1,1,Pflegefachkraft,0,0.0,-1992,20,18,4,1,2,3557,1,,,,,,0,,0,,3,2,2,1,1423,1,3,2,2,1,1245,1,2,1,2,0,889,0,ST-IK1,Normalstation Innere Medizin / Kardiologie,30,Innere Medizin und Kardiologie,10.0,22.0,06:00,14:00,450,,13:30,21:30,450,F,21:15,06:15,495,F|S,11,10,8,10,30,45,8,38.5,30,0.1,0,2.0.0,20261133
PK-016,2026-11-29,history,-1,Sonntag,7,48,1,0,,Pflegefachkraft,Pflegefachkraft,EXAM|KARDIO_MONITORING,0.7,26.95,6468,6468,5821,7115,5,2,2,8,1,1,Pflegefachkraft,0,0.0,566,20,18,4,1,2,3557,1,,,,,,0,,0,,3,2,2,1,1423,1,3,2,2,1,1245,1,2,1,2,0,889,0,ST-IK1,Normalstation Innere Medizin / Kardiologie,30,Innere Medizin und Kardiologie,10.0,22.0,06:00,14:00,450,,13:30,21:30,450,F,21:15,06:15,495,F|S,11,10,8,10,30,45,8,38.5,30,0.1,0,2.0.0,20261133
PK-017,2026-11-29,history,-1,Sonntag,7,48,1,0,,Pflegefachkraft,Pflegefachkraft,EXAM|PRAXISANLEITUNG|KARDIO_MONITORING,1.0,38.5,9240,9240,8316,10164,5,2,2,8,1,1,Pflegefachkraft,0,0.0,-2265,20,18,4,1,2,3557,1,,,,,F,0,,0,,3,2,2,1,1423,1,3,2,2,1,1245,1,2,1,2,0,889,0,ST-IK1,Normalstation Innere Medizin / Kardiologie,30,Innere Medizin und Kardiologie,10.0,22.0,06:00,14:00,450,,13:30,21:30,450,F,21:15,06:15,495,F|S,11,10,8,10,30,45,8,38.5,30,0.1,0,2.0.0,20261133
PK-018,2026-11-29,history,-1,Sonntag,7,48,1,0,,Pflegefachkraft,Pflegefachkraft,EXAM,0.5,19.25,4620,4620,4158,5082,5,2,2,8,1,1,Pflegefachkraft,0,0.0,-885,20,18,4,1,2,3557,1,,,,,N,0,,0,,3,2,2,1,1423,1,3,2,2,1,1245,1,2,1,2,0,889,0,ST-IK1,Normalstation Innere Medizin / Kardiologie,30,Innere Medizin und Kardiologie,10.0,22.0,06:00,14:00,450,,13:30,21:30,450,F,21:15,06:15,495,F|S,11,10,8,10,30,45,8,38.5,30,0.1,0,2.0.0,20261133
AZ-001,2026-11-30,plan,0,Montag,1,49,0,0,,Auszubildende_r_3_Ausbildungsjahr,Auszubildende,AUSZUBILDEND,1.0,38.5,9240,9240,8316,10164,5,2,2,8,1,0,nicht anrechenbar,0,0.0,-9240,23,21,1,1,0,3942,1,,,,,,0,,0,,4,3,3,1,1577,1,3,3,2,1,1380,1,2,1,2,0,986,0,ST-IK1,Normalstation Innere Medizin / Kardiologie,30,Innere Medizin und Kardiologie,10.0,22.0,06:00,14:00,450,,13:30,21:30,450,F,21:15,06:15,495,F|S,11,10,8,10,30,45,8,38.5,30,0.1,0,2.0.0,20261133
AZ-002,2026-11-30,plan,0,Montag,1,49,0,0,,Auszubildende_r_2_Ausbildungsjahr,Auszubildende,AUSZUBILDEND,1.0,38.5,9240,9240,8316,10164,5,2,2,8,1,0,nicht anrechenbar,0,0.0,-9240,23,21,1,1,0,3942,1,,,,,,0,,0,,4,3,3,1,1577,1,3,3,2,1,1380,1,2,1,2,0,986,0,ST-IK1,Normalstation Innere Medizin / Kardiologie,30,Innere Medizin und Kardiologie,10.0,22.0,06:00,14:00,450,,13:30,21:30,450,F,21:15,06:15,495,F|S,11,10,8,10,30,45,8,38.5,30,0.1,0,2.0.0,20261133
AZ-003,2026-11-30,plan,0,Montag,1,49,0,0,,Auszubildende_r_1_Ausbildungsjahr,Auszubildende,AUSZUBILDEND,1.0,38.5,9240,9240,8316,10164,5,2,2,0,0,0,nicht anrechenbar,0,0.0,-6006,23,21,1,1,0,3942,1,,,,,,0,,0,,4,3,3,1,1577,1,3,3,2,1,1380,1,2,1,2,0,986,0,ST-IK1,Normalstation Innere Medizin / Kardiologie,30,Innere Medizin und Kardiologie,10.0,22.0,06:00,14:00,450,,13:30,21:30,450,F,21:15,06:15,495,F|S,11,10,8,10,30,45,8,38.5,30,0.1,0,2.0.0,20261133
PH-001,2026-11-30,plan,0,Montag,1,49,0,0,,Pflegehilfskraft,Pflegehilfskraft,PFLEGEHILFE,0.75,28.88,6931,6931,6238,7624,5,2,2,0,0,1,Pflegehilfskraft,0,0.0,-1530,23,21,1,1,0,3942,1,,,,,,0,,0,,4,3,3,1,1577,1,3,3,2,1,1380,1,2,1,2,0,986,0,ST-IK1,Normalstation Innere Medizin / Kardiologie,30,Innere Medizin und Kardiologie,10.0,22.0,06:00,14:00,450,,13:30,21:30,450,F,21:15,06:15,495,F|S,11,10,8,10,30,45,8,38.5,30,0.1,0,2.0.0,20261133
PH-002,2026-11-30,plan,0,Montag,1,49,0,0,,Pflegehilfskraft,Pflegehilfskraft,PFLEGEHILFE,0.5,19.25,4620,4620,4158,5082,5,2,2,0,0,1,Pflegehilfskraft,0,0.0,-1020,23,21,1,1,0,3942,1,,,S,2,,0,,0,,4,3,3,1,1577,1,3,3,2,1,1380,1,2,1,2,0,986,0,ST-IK1,Normalstation Innere Medizin / Kardiologie,30,Innere Medizin und Kardiologie,10.0,22.0,06:00,14:00,450,,13:30,21:30,450,F,21:15,06:15,495,F|S,11,10,8,10,30,45,8,38.5,30,0.1,0,2.0.0,20261133
PK-001,2026-11-30,plan,0,Montag,1,49,0,0,,Stationsleitung,Pflegefachkraft,EXAM|LEITUNG|PRAXISANLEITUNG,1.0,38.5,9240,4620,4158,5082,5,2,2,0,0,1,Pflegefachkraft,1,0.5,2130,23,21,1,1,0,3942,1,,,,,,0,,0,,4,3,3,1,1577,1,3,3,2,1,1380,1,2,1,2,0,986,0,ST-IK1,Normalstation Innere Medizin / Kardiologie,30,Innere Medizin und Kardiologie,10.0,22.0,06:00,14:00,450,,13:30,21:30,450,F,21:15,06:15,495,F|S,11,10,8,10,30,45,8,38.5,30,0.1,0,2.0.0,20261133
PK-002,2026-11-30,plan,0,Montag,1,49,0,0,,Pflegefachkraft,Pflegefachkraft,EXAM|PRAXISANLEITUNG,0.8,30.8,7392,7392,6653,8131,5,2,2,8,1,1,Pflegefachkraft,0,0.0,-1857,23,21,1,1,0,3942,1,,,,,,0,,0,,4,3,3,1,1577,1,3,3,2,1,1380,1,2,1,2,0,986,0,ST-IK1,Normalstation Innere Medizin / Kardiologie,30,Innere Medizin und Kardiologie,10.0,22.0,06:00,14:00,450,,13:30,21:30,450,F,21:15,06:15,495,F|S,11,10,8,10,30,45,8,38.5,30,0.1,0,2.0.0,20261133
PK-003,2026-11-30,plan,0,Montag,1,49,0,0,,Pflegefachkraft,Pflegefachkraft,EXAM,0.8,30.8,7392,7392,6653,8131,5,2,2,8,1,1,Pflegefachkraft,0,0.0,-1902,23,21,1,1,0,3942,1,,,,,,0,,0,,4,3,3,1,1577,1,3,3,2,1,1380,1,2,1,2,0,986,0,ST-IK1,Normalstation Innere Medizin / Kardiologie,30,Innere Medizin und Kardiologie,10.0,22.0,06:00,14:00,450,,13:30,21:30,450,F,21:15,06:15,495,F|S,11,10,8,10,30,45,8,38.5,30,0.1,0,2.0.0,20261133
PK-004,2026-11-30,plan,0,Montag,1,49,0,0,,Pflegefachkraft,Pflegefachkraft,EXAM,1.0,38.5,9240,9240,8316,10164,5,2,2,8,1,1,Pflegefachkraft,0,0.0,-2625,23,21,1,1,0,3942,1,,2,,,,0,,0,,4,3,3,1,1577,1,3,3,2,1,1380,1,2,1,2,0,986,0,ST-IK1,Normalstation Innere Medizin / Kardiologie,30,Innere Medizin und Kardiologie,10.0,22.0,06:00,14:00,450,,13:30,21:30,450,F,21:15,06:15,495,F|S,11,10,8,10,30,45,8,38.5,30,0.1,0,2.0.0,20261133
PK-005,2026-11-30,plan,0,Montag,1,49,0,0,,Pflegefachkraft,Pflegefachkraft,EXAM,1.0,38.5,9240,9240,8316,10164,5,2,2,8,1,1,Pflegefachkraft,0,0.0,-2625,23,21,1,1,0,3942,1,,,,,,0,,0,,4,3,3,1,1577,1,3,3,2,1,1380,1,2,1,2,0,986,0,ST-IK1,Normalstation Innere Medizin / Kardiologie,30,Innere Medizin und Kardiologie,10.0,22.0,06:00,14:00,450,,13:30,21:30,450,F,21:15,06:15,495,F|S,11,10,8,10,30,45,8,38.5,30,0.1,0,2.0.0,20261133
PK-006,2026-11-30,plan,0,Montag,1,49,0,0,,Pflegefachkraft,Pflegefachkraft,EXAM|PRAXISANLEITUNG|KARDIO_MONITORING,1.0,38.5,9240,9240,8316,10164,5,2,2,8,1,1,Pflegefachkraft,0,0.0,1104,23,21,1,1,0,3942,1,,,,,,0,,0,,4,3,3,1,1577,1,3,3,2,1,1380,1,2,1,2,0,986,0,ST-IK1,Normalstation Innere Medizin / Kardiologie,30,Innere Medizin und Kardiologie,10.0,22.0,06:00,14:00,450,,13:30,21:30,450,F,21:15,06:15,495,F|S,11,10,8,10,30,45,8,38.5,30,0.1,0,2.0.0,20261133
PK-007,2026-11-30,plan,0,Montag,1,49,0,0,,Pflegefachkraft,Pflegefachkraft,EXAM,0.75,28.88,6931,6931,6238,7624,5,2,2,8,1,1,Pflegefachkraft,0,0.0,-1800,23,21,1,1,0,3942,1,,,,,,0,,0,,4,3,3,1,1577,1,3,3,2,1,1380,1,2,1,2,0,986,0,ST-IK1,Normalstation Innere Medizin / Kardiologie,30,Innere Medizin und Kardiologie,10.0,22.0,06:00,14:00,450,,13:30,21:30,450,F,21:15,06:15,495,F|S,11,10,8,10,30,45,8,38.5,30,0.1,0,2.0.0,20261133
PK-008,2026-11-30,plan,0,Montag,1,49,0,0,,Pflegefachkraft,Pflegefachkraft,EXAM|PRAXISANLEITUNG,0.6,23.1,5544,5544,4990,6098,5,2,2,8,1,1,Pflegefachkraft,0,0.0,-1449,23,21,1,1,0,3942,1,,,,,,0,,0,,4,3,3,1,1577,1,3,3,2,1,1380,1,2,1,2,0,986,0,ST-IK1,Normalstation Innere Medizin / Kardiologie,30,Innere Medizin und Kardiologie,10.0,22.0,06:00,14:00,450,,13:30,21:30,450,F,21:15,06:15,495,F|S,11,10,8,10,30,45,8,38.5,30,0.1,0,2.0.0,20261133
PK-009,2026-11-30,plan,0,Montag,1,49,0,0,,Pflegefachkraft,Pflegefachkraft,EXAM|KARDIO_MONITORING,0.6,23.1,5544,5544,4990,6098,5,2,2,8,1,1,Pflegefachkraft,0,0.0,-1494,23,21,1,1,0,3942,1,,,,,,0,,0,,4,3,3,1,1577,1,3,3,2,1,1380,1,2,1,2,0,986,0,ST-IK1,Normalstation Innere Medizin / Kardiologie,30,Innere Medizin und Kardiologie,10.0,22.0,06:00,14:00,450,,13:30,21:30,450,F,21:15,06:15,495,F|S,11,10,8,10,30,45,8,38.5,30,0.1,0,2.0.0,20261133
PK-010,2026-11-30,plan,0,Montag,1,49,0,0,,Pflegefachkraft,Pflegefachkraft,EXAM|KARDIO_MONITORING,0.9,34.65,8316,8316,7484,9148,5,2,2,8,1,1,Pflegefachkraft,0,0.0,-1971,23,21,1,1,0,3942,1,,,,,,0,,0,,4,3,3,1,1577,1,3,3,2,1,1380,1,2,1,2,0,986,0,ST-IK1,Normalstation Innere Medizin / Kardiologie,30,Innere Medizin und Kardiologie,10.0,22.0,06:00,14:00,450,,13:30,21:30,450,F,21:15,06:15,495,F|S,11,10,8,10,30,45,8,38.5,30,0.1,0,2.0.0,20261133
PK-011,2026-11-30,plan,0,Montag,1,49,0,0,,Pflegefachkraft,Pflegefachkraft,EXAM|PRAXISANLEITUNG,0.5,19.25,4620,4620,4158,5082,5,2,2,8,1,1,Pflegefachkraft,0,0.0,-885,23,21,1,1,0,3942,0,URLAUB,,,,,0,,0,,4,3,3,1,1577,1,3,3,2,1,1380,1,2,1,2,0,986,0,ST-IK1,Normalstation Innere Medizin / Kardiologie,30,Innere Medizin und Kardiologie,10.0,22.0,06:00,14:00,450,,13:30,21:30,450,F,21:15,06:15,495,F|S,11,10,8,10,30,45,8,38.5,30,0.1,0,2.0.0,20261133
PK-012,2026-11-30,plan,0,Montag,1,49,0,0,,Pflegefachkraft,Pflegefachkraft,EXAM|KARDIO_MONITORING,0.75,28.88,6931,6931,6238,7624,5,2,2,8,1,1,Pflegefachkraft,0,0.0,-1845,23,21,1,1,0,3942,1,,,,,,0,,0,,4,3,3,1,1577,1,3,3,2,1,1380,1,2,1,2,0,986,0,ST-IK1,Normalstation Innere Medizin / Kardiologie,30,Innere Medizin und Kardiologie,10.0,22.0,06:00,14:00,450,,13:30,21:30,450,F,21:15,06:15,495,F|S,11,10,8,10,30,45,8,38.5,30,0.1,0,2.0.0,20261133
PK-013,2026-11-30,plan,0,Montag,1,49,0,0,,Pflegefachkraft,Pflegefachkraft,EXAM,1.0,38.5,9240,9240,8316,10164,5,2,2,8,1,1,Pflegefachkraft,0,0.0,-2445,23,21,1,1,0,3942,1,,,,,,0,,0,,4,3,3,1,1577,1,3,3,2,1,1380,1,2,1,2,0,986,0,ST-IK1,Normalstation Innere Medizin / Kardiologie,30,Innere Medizin und Kardiologie,10.0,22.0,06:00,14:00,450,,13:30,21:30,450,F,21:15,06:15,495,F|S,11,10,8,10,30,45,8,38.5,30,0.1,0,2.0.0,20261133
PK-014,2026-11-30,plan,0,Montag,1,49,0,0,,Pflegefachkraft,Pflegefachkraft,EXAM|PRAXISANLEITUNG,0.75,28.88,6931,6931,6238,7624,5,2,2,8,1,1,Pflegefachkraft,0,0.0,-1440,23,21,1,1,0,3942,1,,,,,,0,,0,,4,3,3,1,1577,1,3,3,2,1,1380,1,2,1,2,0,986,0,ST-IK1,Normalstation Innere Medizin / Kardiologie,30,Innere Medizin und Kardiologie,10.0,22.0,06:00,14:00,450,,13:30,21:30,450,F,21:15,06:15,495,F|S,11,10,8,10,30,45,8,38.5,30,0.1,0,2.0.0,20261133
PK-015,2026-11-30,plan,0,Montag,1,49,0,0,,Pflegefachkraft,Pflegefachkraft,EXAM|KARDIO_MONITORING,0.8,30.8,7392,7392,6653,8131,5,2,2,8,1,1,Pflegefachkraft,0,0.0,-1992,23,21,1,1,0,3942,1,,,,,,0,,0,,4,3,3,1,1577,1,3,3,2,1,1380,1,2,1,2,0,986,0,ST-IK1,Normalstation Innere Medizin / Kardiologie,30,Innere Medizin und Kardiologie,10.0,22.0,06:00,14:00,450,,13:30,21:30,450,F,21:15,06:15,495,F|S,11,10,8,10,30,45,8,38.5,30,0.1,0,2.0.0,20261133
PK-016,2026-11-30,plan,0,Montag,1,49,0,0,,Pflegefachkraft,Pflegefachkraft,EXAM|KARDIO_MONITORING,0.7,26.95,6468,6468,5821,7115,5,2,2,8,1,1,Pflegefachkraft,0,0.0,566,23,21,1,1,0,3942,1,,,,,,0,,0,,4,3,3,1,1577,1,3,3,2,1,1380,1,2,1,2,0,986,0,ST-IK1,Normalstation Innere Medizin / Kardiologie,30,Innere Medizin und Kardiologie,10.0,22.0,06:00,14:00,450,,13:30,21:30,450,F,21:15,06:15,495,F|S,11,10,8,10,30,45,8,38.5,30,0.1,0,2.0.0,20261133
PK-017,2026-11-30,plan,0,Montag,1,49,0,0,,Pflegefachkraft,Pflegefachkraft,EXAM|PRAXISANLEITUNG|KARDIO_MONITORING,1.0,38.5,9240,9240,8316,10164,5,2,2,8,1,1,Pflegefachkraft,0,0.0,-2265,23,21,1,1,0,3942,1,,,,,,0,,0,,4,3,3,1,1577,1,3,3,2,1,1380,1,2,1,2,0,986,0,ST-IK1,Normalstation Innere Medizin / Kardiologie,30,Innere Medizin und Kardiologie,10.0,22.0,06:00,14:00,450,,13:30,21:30,450,F,21:15,06:15,495,F|S,11,10,8,10,30,45,8,38.5,30,0.1,0,2.0.0,20261133
PK-018,2026-11-30,plan,0,Montag,1,49,0,0,,Pflegefachkraft,Pflegefachkraft,EXAM,0.5,19.25,4620,4620,4158,5082,5,2,2,8,1,1,Pflegefachkraft,0,0.0,-885,23,21,1,1,0,3942,0,LANGZEITABWESENHEIT,,,,,0,,0,,4,3,3,1,1577,1,3,3,2,1,1380,1,2,1,2,0,986,0,ST-IK1,Normalstation Innere Medizin / Kardiologie,30,Innere Medizin und Kardiologie,10.0,22.0,06:00,14:00,450,,13:30,21:30,450,F,21:15,06:15,495,F|S,11,10,8,10,30,45,8,38.5,30,0.1,0,2.0.0,20261133
AZ-001,2026-12-01,plan,1,Dienstag,2,49,0,0,,Auszubildende_r_3_Ausbildungsjahr,Auszubildende,AUSZUBILDEND,1.0,38.5,9240,9240,8316,10164,5,2,2,8,1,0,nicht anrechenbar,0,0.0,-9240,23,22,5,6,3,4721,1,,,,,,0,,0,,4,3,3,1,1888,1,4,3,3,1,1652,1,2,1,2,0,1180,0,ST-IK1,Normalstation Innere Medizin / Kardiologie,30,Innere Medizin und Kardiologie,10.0,22.0,06:00,14:00,450,,13:30,21:30,450,F,21:15,06:15,495,F|S,11,10,8,10,30,45,8,38.5,30,0.1,0,2.0.0,20261133
AZ-002,2026-12-01,plan,1,Dienstag,2,49,0,0,,Auszubildende_r_2_Ausbildungsjahr,Auszubildende,AUSZUBILDEND,1.0,38.5,9240,9240,8316,10164,5,2,2,8,1,0,nicht anrechenbar,0,0.0,-9240,23,22,5,6,3,4721,1,,,,,,0,,0,,4,3,3,1,1888,1,4,3,3,1,1652,1,2,1,2,0,1180,0,ST-IK1,Normalstation Innere Medizin / Kardiologie,30,Innere Medizin und Kardiologie,10.0,22.0,06:00,14:00,450,,13:30,21:30,450,F,21:15,06:15,495,F|S,11,10,8,10,30,45,8,38.5,30,0.1,0,2.0.0,20261133
AZ-003,2026-12-01,plan,1,Dienstag,2,49,0,0,,Auszubildende_r_1_Ausbildungsjahr,Auszubildende,AUSZUBILDEND,1.0,38.5,9240,9240,8316,10164,5,2,2,0,0,0,nicht anrechenbar,0,0.0,-6006,23,22,5,6,3,4721,1,,,,,,0,,0,,4,3,3,1,1888,1,4,3,3,1,1652,1,2,1,2,0,1180,0,ST-IK1,Normalstation Innere Medizin / Kardiologie,30,Innere Medizin und Kardiologie,10.0,22.0,06:00,14:00,450,,13:30,21:30,450,F,21:15,06:15,495,F|S,11,10,8,10,30,45,8,38.5,30,0.1,0,2.0.0,20261133
PH-001,2026-12-01,plan,1,Dienstag,2,49,0,0,,Pflegehilfskraft,Pflegehilfskraft,PFLEGEHILFE,0.75,28.88,6931,6931,6238,7624,5,2,2,0,0,1,Pflegehilfskraft,0,0.0,-1530,23,22,5,6,3,4721,1,,,,,,0,,0,,4,3,3,1,1888,1,4,3,3,1,1652,1,2,1,2,0,1180,0,ST-IK1,Normalstation Innere Medizin / Kardiologie,30,Innere Medizin und Kardiologie,10.0,22.0,06:00,14:00,450,,13:30,21:30,450,F,21:15,06:15,495,F|S,11,10,8,10,30,45,8,38.5,30,0.1,0,2.0.0,20261133
PH-002,2026-12-01,plan,1,Dienstag,2,49,0,0,,Pflegehilfskraft,Pflegehilfskraft,PFLEGEHILFE,0.5,19.25,4620,4620,4158,5082,5,2,2,0,0,1,Pflegehilfskraft,0,0.0,-1020,23,22,5,6,3,4721,1,,,,,,0,,0,,4,3,3,1,1888,1,4,3,3,1,1652,1,2,1,2,0,1180,0,ST-IK1,Normalstation Innere Medizin / Kardiologie,30,Innere Medizin und Kardiologie,10.0,22.0,06:00,14:00,450,,13:30,21:30,450,F,21:15,06:15,495,F|S,11,10,8,10,30,45,8,38.5,30,0.1,0,2.0.0,20261133
PK-001,2026-12-01,plan,1,Dienstag,2,49,0,0,,Stationsleitung,Pflegefachkraft,EXAM|LEITUNG|PRAXISANLEITUNG,1.0,38.5,9240,4620,4158,5082,5,2,2,0,0,1,Pflegefachkraft,1,0.5,2130,23,22,5,6,3,4721,1,,,,,,0,,0,,4,3,3,1,1888,1,4,3,3,1,1652,1,2,1,2,0,1180,0,ST-IK1,Normalstation Innere Medizin / Kardiologie,30,Innere Medizin und Kardiologie,10.0,22.0,06:00,14:00,450,,13:30,21:30,450,F,21:15,06:15,495,F|S,11,10,8,10,30,45,8,38.5,30,0.1,0,2.0.0,20261133
PK-002,2026-12-01,plan,1,Dienstag,2,49,0,0,,Pflegefachkraft,Pflegefachkraft,EXAM|PRAXISANLEITUNG,0.8,30.8,7392,7392,6653,8131,5,2,2,8,1,1,Pflegefachkraft,0,0.0,-1857,23,22,5,6,3,4721,1,,,,,,0,,0,,4,3,3,1,1888,1,4,3,3,1,1652,1,2,1,2,0,1180,0,ST-IK1,Normalstation Innere Medizin / Kardiologie,30,Innere Medizin und Kardiologie,10.0,22.0,06:00,14:00,450,,13:30,21:30,450,F,21:15,06:15,495,F|S,11,10,8,10,30,45,8,38.5,30,0.1,0,2.0.0,20261133
PK-003,2026-12-01,plan,1,Dienstag,2,49,0,0,,Pflegefachkraft,Pflegefachkraft,EXAM,0.8,30.8,7392,7392,6653,8131,5,2,2,8,1,1,Pflegefachkraft,0,0.0,-1902,23,22,5,6,3,4721,1,,,,,,0,,0,,4,3,3,1,1888,1,4,3,3,1,1652,1,2,1,2,0,1180,0,ST-IK1,Normalstation Innere Medizin / Kardiologie,30,Innere Medizin und Kardiologie,10.0,22.0,06:00,14:00,450,,13:30,21:30,450,F,21:15,06:15,495,F|S,11,10,8,10,30,45,8,38.5,30,0.1,0,2.0.0,20261133
PK-004,2026-12-01,plan,1,Dienstag,2,49,0,0,,Pflegefachkraft,Pflegefachkraft,EXAM,1.0,38.5,9240,9240,8316,10164,5,2,2,8,1,1,Pflegefachkraft,0,0.0,-2625,23,22,5,6,3,4721,1,,,,,,0,,0,,4,3,3,1,1888,1,4,3,3,1,1652,1,2,1,2,0,1180,0,ST-IK1,Normalstation Innere Medizin / Kardiologie,30,Innere Medizin und Kardiologie,10.0,22.0,06:00,14:00,450,,13:30,21:30,450,F,21:15,06:15,495,F|S,11,10,8,10,30,45,8,38.5,30,0.1,0,2.0.0,20261133
PK-005,2026-12-01,plan,1,Dienstag,2,49,0,0,,Pflegefachkraft,Pflegefachkraft,EXAM,1.0,38.5,9240,9240,8316,10164,5,2,2,8,1,1,Pflegefachkraft,0,0.0,-2625,23,22,5,6,3,4721,1,,,,,,0,,0,,4,3,3,1,1888,1,4,3,3,1,1652,1,2,1,2,0,1180,0,ST-IK1,Normalstation Innere Medizin / Kardiologie,30,Innere Medizin und Kardiologie,10.0,22.0,06:00,14:00,450,,13:30,21:30,450,F,21:15,06:15,495,F|S,11,10,8,10,30,45,8,38.5,30,0.1,0,2.0.0,20261133
PK-006,2026-12-01,plan,1,Dienstag,2,49,0,0,,Pflegefachkraft,Pflegefachkraft,EXAM|PRAXISANLEITUNG|KARDIO_MONITORING,1.0,38.5,9240,9240,8316,10164,5,2,2,8,1,1,Pflegefachkraft,0,0.0,1104,23,22,5,6,3,4721,1,,,,,,0,,0,,4,3,3,1,1888,1,4,3,3,1,1652,1,2,1,2,0,1180,0,ST-IK1,Normalstation Innere Medizin / Kardiologie,30,Innere Medizin und Kardiologie,10.0,22.0,06:00,14:00,450,,13:30,21:30,450,F,21:15,06:15,495,F|S,11,10,8,10,30,45,8,38.5,30,0.1,0,2.0.0,20261133
PK-007,2026-12-01,plan,1,Dienstag,2,49,0,0,,Pflegefachkraft,Pflegefachkraft,EXAM,0.75,28.88,6931,6931,6238,7624,5,2,2,8,1,1,Pflegefachkraft,0,0.0,-1800,23,22,5,6,3,4721,1,,3,,,,0,,0,,4,3,3,1,1888,1,4,3,3,1,1652,1,2,1,2,0,1180,0,ST-IK1,Normalstation Innere Medizin / Kardiologie,30,Innere Medizin und Kardiologie,10.0,22.0,06:00,14:00,450,,13:30,21:30,450,F,21:15,06:15,495,F|S,11,10,8,10,30,45,8,38.5,30,0.1,0,2.0.0,20261133
PK-008,2026-12-01,plan,1,Dienstag,2,49,0,0,,Pflegefachkraft,Pflegefachkraft,EXAM|PRAXISANLEITUNG,0.6,23.1,5544,5544,4990,6098,5,2,2,8,1,1,Pflegefachkraft,0,0.0,-1449,23,22,5,6,3,4721,1,,,,,,0,,0,,4,3,3,1,1888,1,4,3,3,1,1652,1,2,1,2,0,1180,0,ST-IK1,Normalstation Innere Medizin / Kardiologie,30,Innere Medizin und Kardiologie,10.0,22.0,06:00,14:00,450,,13:30,21:30,450,F,21:15,06:15,495,F|S,11,10,8,10,30,45,8,38.5,30,0.1,0,2.0.0,20261133
PK-009,2026-12-01,plan,1,Dienstag,2,49,0,0,,Pflegefachkraft,Pflegefachkraft,EXAM|KARDIO_MONITORING,0.6,23.1,5544,5544,4990,6098,5,2,2,8,1,1,Pflegefachkraft,0,0.0,-1494,23,22,5,6,3,4721,1,,,,,,0,,0,,4,3,3,1,1888,1,4,3,3,1,1652,1,2,1,2,0,1180,0,ST-IK1,Normalstation Innere Medizin / Kardiologie,30,Innere Medizin und Kardiologie,10.0,22.0,06:00,14:00,450,,13:30,21:30,450,F,21:15,06:15,495,F|S,11,10,8,10,30,45,8,38.5,30,0.1,0,2.0.0,20261133
PK-010,2026-12-01,plan,1,Dienstag,2,49,0,0,,Pflegefachkraft,Pflegefachkraft,EXAM|KARDIO_MONITORING,0.9,34.65,8316,8316,7484,9148,5,2,2,8,1,1,Pflegefachkraft,0,0.0,-1971,23,22,5,6,3,4721,1,,,,,,0,,0,,4,3,3,1,1888,1,4,3,3,1,1652,1,2,1,2,0,1180,0,ST-IK1,Normalstation Innere Medizin / Kardiologie,30,Innere Medizin und Kardiologie,10.0,22.0,06:00,14:00,450,,13:30,21:30,450,F,21:15,06:15,495,F|S,11,10,8,10,30,45,8,38.5,30,0.1,0,2.0.0,20261133
PK-011,2026-12-01,plan,1,Dienstag,2,49,0,0,,Pflegefachkraft,Pflegefachkraft,EXAM|PRAXISANLEITUNG,0.5,19.25,4620,4620,4158,5082,5,2,2,8,1,1,Pflegefachkraft,0,0.0,-885,23,22,5,6,3,4721,0,URLAUB,,,,,0,,0,,4,3,3,1,1888,1,4,3,3,1,1652,1,2,1,2,0,1180,0,ST-IK1,Normalstation Innere Medizin / Kardiologie,30,Innere Medizin und Kardiologie,10.0,22.0,06:00,14:00,450,,13:30,21:30,450,F,21:15,06:15,495,F|S,11,10,8,10,30,45,8,38.5,30,0.1,0,2.0.0,20261133
PK-012,2026-12-01,plan,1,Dienstag,2,49,0,0,,Pflegefachkraft,Pflegefachkraft,EXAM|KARDIO_MONITORING,0.75,28.88,6931,6931,6238,7624,5,2,2,8,1,1,Pflegefachkraft,0,0.0,-1845,23,22,5,6,3,4721,1,,1,,,,0,,0,,4,3,3,1,1888,1,4,3,3,1,1652,1,2,1,2,0,1180,0,ST-IK1,Normalstation Innere Medizin / Kardiologie,30,Innere Medizin und Kardiologie,10.0,22.0,06:00,14:00,450,,13:30,21:30,450,F,21:15,06:15,495,F|S,11,10,8,10,30,45,8,38.5,30,0.1,0,2.0.0,20261133
PK-013,2026-12-01,plan,1,Dienstag,2,49,0,0,,Pflegefachkraft,Pflegefachkraft,EXAM,1.0,38.5,9240,9240,8316,10164,5,2,2,8,1,1,Pflegefachkraft,0,0.0,-2445,23,22,5,6,3,4721,1,,,,,,1,2,0,,4,3,3,1,1888,1,4,3,3,1,1652,1,2,1,2,0,1180,0,ST-IK1,Normalstation Innere Medizin / Kardiologie,30,Innere Medizin und Kardiologie,10.0,22.0,06:00,14:00,450,,13:30,21:30,450,F,21:15,06:15,495,F|S,11,10,8,10,30,45,8,38.5,30,0.1,0,2.0.0,20261133
PK-014,2026-12-01,plan,1,Dienstag,2,49,0,0,,Pflegefachkraft,Pflegefachkraft,EXAM|PRAXISANLEITUNG,0.75,28.88,6931,6931,6238,7624,5,2,2,8,1,1,Pflegefachkraft,0,0.0,-1440,23,22,5,6,3,4721,1,,,,,,0,,0,,4,3,3,1,1888,1,4,3,3,1,1652,1,2,1,2,0,1180,0,ST-IK1,Normalstation Innere Medizin / Kardiologie,30,Innere Medizin und Kardiologie,10.0,22.0,06:00,14:00,450,,13:30,21:30,450,F,21:15,06:15,495,F|S,11,10,8,10,30,45,8,38.5,30,0.1,0,2.0.0,20261133
PK-015,2026-12-01,plan,1,Dienstag,2,49,0,0,,Pflegefachkraft,Pflegefachkraft,EXAM|KARDIO_MONITORING,0.8,30.8,7392,7392,6653,8131,5,2,2,8,1,1,Pflegefachkraft,0,0.0,-1992,23,22,5,6,3,4721,1,,3,,,,0,,0,,4,3,3,1,1888,1,4,3,3,1,1652,1,2,1,2,0,1180,0,ST-IK1,Normalstation Innere Medizin / Kardiologie,30,Innere Medizin und Kardiologie,10.0,22.0,06:00,14:00,450,,13:30,21:30,450,F,21:15,06:15,495,F|S,11,10,8,10,30,45,8,38.5,30,0.1,0,2.0.0,20261133
PK-016,2026-12-01,plan,1,Dienstag,2,49,0,0,,Pflegefachkraft,Pflegefachkraft,EXAM|KARDIO_MONITORING,0.7,26.95,6468,6468,5821,7115,5,2,2,8,1,1,Pflegefachkraft,0,0.0,566,23,22,5,6,3,4721,1,,,,,,0,,0,,4,3,3,1,1888,1,4,3,3,1,1652,1,2,1,2,0,1180,0,ST-IK1,Normalstation Innere Medizin / Kardiologie,30,Innere Medizin und Kardiologie,10.0,22.0,06:00,14:00,450,,13:30,21:30,450,F,21:15,06:15,495,F|S,11,10,8,10,30,45,8,38.5,30,0.1,0,2.0.0,20261133
PK-017,2026-12-01,plan,1,Dienstag,2,49,0,0,,Pflegefachkraft,Pflegefachkraft,EXAM|PRAXISANLEITUNG|KARDIO_MONITORING,1.0,38.5,9240,9240,8316,10164,5,2,2,8,1,1,Pflegefachkraft,0,0.0,-2265,23,22,5,6,3,4721,1,,,,,,0,,0,,4,3,3,1,1888,1,4,3,3,1,1652,1,2,1,2,0,1180,0,ST-IK1,Normalstation Innere Medizin / Kardiologie,30,Innere Medizin und Kardiologie,10.0,22.0,06:00,14:00,450,,13:30,21:30,450,F,21:15,06:15,495,F|S,11,10,8,10,30,45,8,38.5,30,0.1,0,2.0.0,20261133
PK-018,2026-12-01,plan,1,Dienstag,2,49,0,0,,Pflegefachkraft,Pflegefachkraft,EXAM,0.5,19.25,4620,4620,4158,5082,5,2,2,8,1,1,Pflegefachkraft,0,0.0,-885,23,22,5,6,3,4721,0,LANGZEITABWESENHEIT,,,,,0,,0,,4,3,3,1,1888,1,4,3,3,1,1652,1,2,1,2,0,1180,0,ST-IK1,Normalstation Innere Medizin / Kardiologie,30,Innere Medizin und Kardiologie,10.0,22.0,06:00,14:00,450,,13:30,21:30,450,F,21:15,06:15,495,F|S,11,10,8,10,30,45,8,38.5,30,0.1,0,2.0.0,20261133
AZ-001,2026-12-02,plan,2,Mittwoch,3,49,0,0,,Auszubildende_r_3_Ausbildungsjahr,Auszubildende,AUSZUBILDEND,1.0,38.5,9240,9240,8316,10164,5,2,2,8,1,0,nicht anrechenbar,0,0.0,-9240,24,22,6,8,2,4523,1,,,,,,0,,0,,4,3,3,1,1809,1,4,3,3,1,1583,1,2,1,2,0,1131,0,ST-IK1,Normalstation Innere Medizin / Kardiologie,30,Innere Medizin und Kardiologie,10.0,22.0,06:00,14:00,450,,13:30,21:30,450,F,21:15,06:15,495,F|S,11,10,8,10,30,45,8,38.5,30,0.1,0,2.0.0,20261133
AZ-002,2026-12-02,plan,2,Mittwoch,3,49,0,0,,Auszubildende_r_2_Ausbildungsjahr,Auszubildende,AUSZUBILDEND,1.0,38.5,9240,9240,8316,10164,5,2,2,8,1,0,nicht anrechenbar,0,0.0,-9240,24,22,6,8,2,4523,1,,,,,,0,,0,,4,3,3,1,1809,1,4,3,3,1,1583,1,2,1,2,0,1131,0,ST-IK1,Normalstation Innere Medizin / Kardiologie,30,Innere Medizin und Kardiologie,10.0,22.0,06:00,14:00,450,,13:30,21:30,450,F,21:15,06:15,495,F|S,11,10,8,10,30,45,8,38.5,30,0.1,0,2.0.0,20261133
AZ-003,2026-12-02,plan,2,Mittwoch,3,49,0,0,,Auszubildende_r_1_Ausbildungsjahr,Auszubildende,AUSZUBILDEND,1.0,38.5,9240,9240,8316,10164,5,2,2,0,0,0,nicht anrechenbar,0,0.0,-6006,24,22,6,8,2,4523,1,,,,,,0,,0,,4,3,3,1,1809,1,4,3,3,1,1583,1,2,1,2,0,1131,0,ST-IK1,Normalstation Innere Medizin / Kardiologie,30,Innere Medizin und Kardiologie,10.0,22.0,06:00,14:00,450,,13:30,21:30,450,F,21:15,06:15,495,F|S,11,10,8,10,30,45,8,38.5,30,0.1,0,2.0.0,20261133
PH-001,2026-12-02,plan,2,Mittwoch,3,49,0,0,,Pflegehilfskraft,Pflegehilfskraft,PFLEGEHILFE,0.75,28.88,6931,6931,6238,7624,5,2,2,0,0,1,Pflegehilfskraft,0,0.0,-1530,24,22,6,8,2,4523,1,,,,,,0,,0,,4,3,3,1,1809,1,4,3,3,1,1583,1,2,1,2,0,1131,0,ST-IK1,Normalstation Innere Medizin / Kardiologie,30,Innere Medizin und Kardiologie,10.0,22.0,06:00,14:00,450,,13:30,21:30,450,F,21:15,06:15,495,F|S,11,10,8,10,30,45,8,38.5,30,0.1,0,2.0.0,20261133
PH-002,2026-12-02,plan,2,Mittwoch,3,49,0,0,,Pflegehilfskraft,Pflegehilfskraft,PFLEGEHILFE,0.5,19.25,4620,4620,4158,5082,5,2,2,0,0,1,Pflegehilfskraft,0,0.0,-1020,24,22,6,8,2,4523,1,,,,,,0,,0,,4,3,3,1,1809,1,4,3,3,1,1583,1,2,1,2,0,1131,0,ST-IK1,Normalstation Innere Medizin / Kardiologie,30,Innere Medizin und Kardiologie,10.0,22.0,06:00,14:00,450,,13:30,21:30,450,F,21:15,06:15,495,F|S,11,10,8,10,30,45,8,38.5,30,0.1,0,2.0.0,20261133
PK-001,2026-12-02,plan,2,Mittwoch,3,49,0,0,,Stationsleitung,Pflegefachkraft,EXAM|LEITUNG|PRAXISANLEITUNG,1.0,38.5,9240,4620,4158,5082,5,2,2,0,0,1,Pflegefachkraft,1,0.5,2130,24,22,6,8,2,4523,1,,,,,,0,,0,,4,3,3,1,1809,1,4,3,3,1,1583,1,2,1,2,0,1131,0,ST-IK1,Normalstation Innere Medizin / Kardiologie,30,Innere Medizin und Kardiologie,10.0,22.0,06:00,14:00,450,,13:30,21:30,450,F,21:15,06:15,495,F|S,11,10,8,10,30,45,8,38.5,30,0.1,0,2.0.0,20261133
PK-002,2026-12-02,plan,2,Mittwoch,3,49,0,0,,Pflegefachkraft,Pflegefachkraft,EXAM|PRAXISANLEITUNG,0.8,30.8,7392,7392,6653,8131,5,2,2,8,1,1,Pflegefachkraft,0,0.0,-1857,24,22,6,8,2,4523,1,,,,,,0,,0,,4,3,3,1,1809,1,4,3,3,1,1583,1,2,1,2,0,1131,0,ST-IK1,Normalstation Innere Medizin / Kardiologie,30,Innere Medizin und Kardiologie,10.0,22.0,06:00,14:00,450,,13:30,21:30,450,F,21:15,06:15,495,F|S,11,10,8,10,30,45,8,38.5,30,0.1,0,2.0.0,20261133
PK-003,2026-12-02,plan,2,Mittwoch,3,49,0,0,,Pflegefachkraft,Pflegefachkraft,EXAM,0.8,30.8,7392,7392,6653,8131,5,2,2,8,1,1,Pflegefachkraft,0,0.0,-1902,24,22,6,8,2,4523,1,,,,,,0,,0,,4,3,3,1,1809,1,4,3,3,1,1583,1,2,1,2,0,1131,0,ST-IK1,Normalstation Innere Medizin / Kardiologie,30,Innere Medizin und Kardiologie,10.0,22.0,06:00,14:00,450,,13:30,21:30,450,F,21:15,06:15,495,F|S,11,10,8,10,30,45,8,38.5,30,0.1,0,2.0.0,20261133
PK-004,2026-12-02,plan,2,Mittwoch,3,49,0,0,,Pflegefachkraft,Pflegefachkraft,EXAM,1.0,38.5,9240,9240,8316,10164,5,2,2,8,1,1,Pflegefachkraft,0,0.0,-2625,24,22,6,8,2,4523,1,,,,,,0,,0,,4,3,3,1,1809,1,4,3,3,1,1583,1,2,1,2,0,1131,0,ST-IK1,Normalstation Innere Medizin / Kardiologie,30,Innere Medizin und Kardiologie,10.0,22.0,06:00,14:00,450,,13:30,21:30,450,F,21:15,06:15,495,F|S,11,10,8,10,30,45,8,38.5,30,0.1,0,2.0.0,20261133
PK-005,2026-12-02,plan,2,Mittwoch,3,49,0,0,,Pflegefachkraft,Pflegefachkraft,EXAM,1.0,38.5,9240,9240,8316,10164,5,2,2,8,1,1,Pflegefachkraft,0,0.0,-2625,24,22,6,8,2,4523,1,,,,,,0,,0,,4,3,3,1,1809,1,4,3,3,1,1583,1,2,1,2,0,1131,0,ST-IK1,Normalstation Innere Medizin / Kardiologie,30,Innere Medizin und Kardiologie,10.0,22.0,06:00,14:00,450,,13:30,21:30,450,F,21:15,06:15,495,F|S,11,10,8,10,30,45,8,38.5,30,0.1,0,2.0.0,20261133
PK-006,2026-12-02,plan,2,Mittwoch,3,49,0,0,,Pflegefachkraft,Pflegefachkraft,EXAM|PRAXISANLEITUNG|KARDIO_MONITORING,1.0,38.5,9240,9240,8316,10164,5,2,2,8,1,1,Pflegefachkraft,0,0.0,1104,24,22,6,8,2,4523,1,,,,,,0,,0,,4,3,3,1,1809,1,4,3,3,1,1583,1,2,1,2,0,1131,0,ST-IK1,Normalstation Innere Medizin / Kardiologie,30,Innere Medizin und Kardiologie,10.0,22.0,06:00,14:00,450,,13:30,21:30,450,F,21:15,06:15,495,F|S,11,10,8,10,30,45,8,38.5,30,0.1,0,2.0.0,20261133
PK-007,2026-12-02,plan,2,Mittwoch,3,49,0,0,,Pflegefachkraft,Pflegefachkraft,EXAM,0.75,28.88,6931,6931,6238,7624,5,2,2,8,1,1,Pflegefachkraft,0,0.0,-1800,24,22,6,8,2,4523,1,,,,,,0,,1,4,4,3,3,1,1809,1,4,3,3,1,1583,1,2,1,2,0,1131,0,ST-IK1,Normalstation Innere Medizin / Kardiologie,30,Innere Medizin und Kardiologie,10.0,22.0,06:00,14:00,450,,13:30,21:30,450,F,21:15,06:15,495,F|S,11,10,8,10,30,45,8,38.5,30,0.1,0,2.0.0,20261133
PK-008,2026-12-02,plan,2,Mittwoch,3,49,0,0,,Pflegefachkraft,Pflegefachkraft,EXAM|PRAXISANLEITUNG,0.6,23.1,5544,5544,4990,6098,5,2,2,8,1,1,Pflegefachkraft,0,0.0,-1449,24,22,6,8,2,4523,1,,,,,,0,,0,,4,3,3,1,1809,1,4,3,3,1,1583,1,2,1,2,0,1131,0,ST-IK1,Normalstation Innere Medizin / Kardiologie,30,Innere Medizin und Kardiologie,10.0,22.0,06:00,14:00,450,,13:30,21:30,450,F,21:15,06:15,495,F|S,11,10,8,10,30,45,8,38.5,30,0.1,0,2.0.0,20261133
PK-009,2026-12-02,plan,2,Mittwoch,3,49,0,0,,Pflegefachkraft,Pflegefachkraft,EXAM|KARDIO_MONITORING,0.6,23.1,5544,5544,4990,6098,5,2,2,8,1,1,Pflegefachkraft,0,0.0,-1494,24,22,6,8,2,4523,1,,,,,,0,,0,,4,3,3,1,1809,1,4,3,3,1,1583,1,2,1,2,0,1131,0,ST-IK1,Normalstation Innere Medizin / Kardiologie,30,Innere Medizin und Kardiologie,10.0,22.0,06:00,14:00,450,,13:30,21:30,450,F,21:15,06:15,495,F|S,11,10,8,10,30,45,8,38.5,30,0.1,0,2.0.0,20261133
PK-010,2026-12-02,plan,2,Mittwoch,3,49,0,0,,Pflegefachkraft,Pflegefachkraft,EXAM|KARDIO_MONITORING,0.9,34.65,8316,8316,7484,9148,5,2,2,8,1,1,Pflegefachkraft,0,0.0,-1971,24,22,6,8,2,4523,1,,,,,,0,,0,,4,3,3,1,1809,1,4,3,3,1,1583,1,2,1,2,0,1131,0,ST-IK1,Normalstation Innere Medizin / Kardiologie,30,Innere Medizin und Kardiologie,10.0,22.0,06:00,14:00,450,,13:30,21:30,450,F,21:15,06:15,495,F|S,11,10,8,10,30,45,8,38.5,30,0.1,0,2.0.0,20261133
PK-011,2026-12-02,plan,2,Mittwoch,3,49,0,0,,Pflegefachkraft,Pflegefachkraft,EXAM|PRAXISANLEITUNG,0.5,19.25,4620,4620,4158,5082,5,2,2,8,1,1,Pflegefachkraft,0,0.0,-885,24,22,6,8,2,4523,0,URLAUB,,,,,0,,0,,4,3,3,1,1809,1,4,3,3,1,1583,1,2,1,2,0,1131,0,ST-IK1,Normalstation Innere Medizin / Kardiologie,30,Innere Medizin und Kardiologie,10.0,22.0,06:00,14:00,450,,13:30,21:30,450,F,21:15,06:15,495,F|S,11,10,8,10,30,45,8,38.5,30,0.1,0,2.0.0,20261133
PK-012,2026-12-02,plan,2,Mittwoch,3,49,0,0,,Pflegefachkraft,Pflegefachkraft,EXAM|KARDIO_MONITORING,0.75,28.88,6931,6931,6238,7624,5,2,2,8,1,1,Pflegefachkraft,0,0.0,-1845,24,22,6,8,2,4523,1,,,,,,0,,0,,4,3,3,1,1809,1,4,3,3,1,1583,1,2,1,2,0,1131,0,ST-IK1,Normalstation Innere Medizin / Kardiologie,30,Innere Medizin und Kardiologie,10.0,22.0,06:00,14:00,450,,13:30,21:30,450,F,21:15,06:15,495,F|S,11,10,8,10,30,45,8,38.5,30,0.1,0,2.0.0,20261133
PK-013,2026-12-02,plan,2,Mittwoch,3,49,0,0,,Pflegefachkraft,Pflegefachkraft,EXAM,1.0,38.5,9240,9240,8316,10164,5,2,2,8,1,1,Pflegefachkraft,0,0.0,-2445,24,22,6,8,2,4523,1,,,,,,0,,0,,4,3,3,1,1809,1,4,3,3,1,1583,1,2,1,2,0,1131,0,ST-IK1,Normalstation Innere Medizin / Kardiologie,30,Innere Medizin und Kardiologie,10.0,22.0,06:00,14:00,450,,13:30,21:30,450,F,21:15,06:15,495,F|S,11,10,8,10,30,45,8,38.5,30,0.1,0,2.0.0,20261133
PK-014,2026-12-02,plan,2,Mittwoch,3,49,0,0,,Pflegefachkraft,Pflegefachkraft,EXAM|PRAXISANLEITUNG,0.75,28.88,6931,6931,6238,7624,5,2,2,8,1,1,Pflegefachkraft,0,0.0,-1440,24,22,6,8,2,4523,1,,,,,,0,,0,,4,3,3,1,1809,1,4,3,3,1,1583,1,2,1,2,0,1131,0,ST-IK1,Normalstation Innere Medizin / Kardiologie,30,Innere Medizin und Kardiologie,10.0,22.0,06:00,14:00,450,,13:30,21:30,450,F,21:15,06:15,495,F|S,11,10,8,10,30,45,8,38.5,30,0.1,0,2.0.0,20261133
PK-015,2026-12-02,plan,2,Mittwoch,3,49,0,0,,Pflegefachkraft,Pflegefachkraft,EXAM|KARDIO_MONITORING,0.8,30.8,7392,7392,6653,8131,5,2,2,8,1,1,Pflegefachkraft,0,0.0,-1992,24,22,6,8,2,4523,1,,,,,,0,,0,,4,3,3,1,1809,1,4,3,3,1,1583,1,2,1,2,0,1131,0,ST-IK1,Normalstation Innere Medizin / Kardiologie,30,Innere Medizin und Kardiologie,10.0,22.0,06:00,14:00,450,,13:30,21:30,450,F,21:15,06:15,495,F|S,11,10,8,10,30,45,8,38.5,30,0.1,0,2.0.0,20261133
PK-016,2026-12-02,plan,2,Mittwoch,3,49,0,0,,Pflegefachkraft,Pflegefachkraft,EXAM|KARDIO_MONITORING,0.7,26.95,6468,6468,5821,7115,5,2,2,8,1,1,Pflegefachkraft,0,0.0,566,24,22,6,8,2,4523,1,,,,,,0,,0,,4,3,3,1,1809,1,4,3,3,1,1583,1,2,1,2,0,1131,0,ST-IK1,Normalstation Innere Medizin / Kardiologie,30,Innere Medizin und Kardiologie,10.0,22.0,06:00,14:00,450,,13:30,21:30,450,F,21:15,06:15,495,F|S,11,10,8,10,30,45,8,38.5,30,0.1,0,2.0.0,20261133
PK-017,2026-12-02,plan,2,Mittwoch,3,49,0,0,,Pflegefachkraft,Pflegefachkraft,EXAM|PRAXISANLEITUNG|KARDIO_MONITORING,1.0,38.5,9240,9240,8316,10164,5,2,2,8,1,1,Pflegefachkraft,0,0.0,-2265,24,22,6,8,2,4523,1,,,,,,0,,0,,4,3,3,1,1809,1,4,3,3,1,1583,1,2,1,2,0,1131,0,ST-IK1,Normalstation Innere Medizin / Kardiologie,30,Innere Medizin und Kardiologie,10.0,22.0,06:00,14:00,450,,13:30,21:30,450,F,21:15,06:15,495,F|S,11,10,8,10,30,45,8,38.5,30,0.1,0,2.0.0,20261133
PK-018,2026-12-02,plan,2,Mittwoch,3,49,0,0,,Pflegefachkraft,Pflegefachkraft,EXAM,0.5,19.25,4620,4620,4158,5082,5,2,2,8,1,1,Pflegefachkraft,0,0.0,-885,24,22,6,8,2,4523,0,LANGZEITABWESENHEIT,,,,,0,,0,,4,3,3,1,1809,1,4,3,3,1,1583,1,2,1,2,0,1131,0,ST-IK1,Normalstation Innere Medizin / Kardiologie,30,Innere Medizin und Kardiologie,10.0,22.0,06:00,14:00,450,,13:30,21:30,450,F,21:15,06:15,495,F|S,11,10,8,10,30,45,8,38.5,30,0.1,0,2.0.0,20261133
AZ-001,2026-12-03,plan,3,Donnerstag,4,49,0,0,,Auszubildende_r_3_Ausbildungsjahr,Auszubildende,AUSZUBILDEND,1.0,38.5,9240,9240,8316,10164,5,2,2,8,1,0,nicht anrechenbar,0,0.0,-9240,23,23,4,6,2,3698,1,,,,,,0,,0,,3,3,2,1,1479,1,3,3,2,1,1294,1,2,2,2,0,924,0,ST-IK1,Normalstation Innere Medizin / Kardiologie,30,Innere Medizin und Kardiologie,10.0,22.0,06:00,14:00,450,,13:30,21:30,450,F,21:15,06:15,495,F|S,11,10,8,10,30,45,8,38.5,30,0.1,0,2.0.0,20261133
AZ-002,2026-12-03,plan,3,Donnerstag,4,49,0,0,,Auszubildende_r_2_Ausbildungsjahr,Auszubildende,AUSZUBILDEND,1.0,38.5,9240,9240,8316,10164,5,2,2,8,1,0,nicht anrechenbar,0,0.0,-9240,23,23,4,6,2,3698,1,,,,,,0,,0,,3,3,2,1,1479,1,3,3,2,1,1294,1,2,2,2,0,924,0,ST-IK1,Normalstation Innere Medizin / Kardiologie,30,Innere Medizin und Kardiologie,10.0,22.0,06:00,14:00,450,,13:30,21:30,450,F,21:15,06:15,495,F|S,11,10,8,10,30,45,8,38.5,30,0.1,0,2.0.0,20261133
AZ-003,2026-12-03,plan,3,Donnerstag,4,49,0,0,,Auszubildende_r_1_Ausbildungsjahr,Auszubildende,AUSZUBILDEND,1.0,38.5,9240,9240,8316,10164,5,2,2,0,0,0,nicht anrechenbar,0,0.0,-6006,23,23,4,6,2,3698,1,,,,,,0,,0,,3,3,2,1,1479,1,3,3,2,1,1294,1,2,2,2,0,924,0,ST-IK1,Normalstation Innere Medizin / Kardiologie,30,Innere Medizin und Kardiologie,10.0,22.0,06:00,14:00,450,,13:30,21:30,450,F,21:15,06:15,495,F|S,11,10,8,10,30,45,8,38.5,30,0.1,0,2.0.0,20261133
PH-001,2026-12-03,plan,3,Donnerstag,4,49,0,0,,Pflegehilfskraft,Pflegehilfskraft,PFLEGEHILFE,0.75,28.88,6931,6931,6238,7624,5,2,2,0,0,1,Pflegehilfskraft,0,0.0,-1530,23,23,4,6,2,3698,1,,3,,,,0,,0,,3,3,2,1,1479,1,3,3,2,1,1294,1,2,2,2,0,924,0,ST-IK1,Normalstation Innere Medizin / Kardiologie,30,Innere Medizin und Kardiologie,10.0,22.0,06:00,14:00,450,,13:30,21:30,450,F,21:15,06:15,495,F|S,11,10,8,10,30,45,8,38.5,30,0.1,0,2.0.0,20261133
PH-002,2026-12-03,plan,3,Donnerstag,4,49,0,0,,Pflegehilfskraft,Pflegehilfskraft,PFLEGEHILFE,0.5,19.25,4620,4620,4158,5082,5,2,2,0,0,1,Pflegehilfskraft,0,0.0,-1020,23,23,4,6,2,3698,1,,,,,,0,,0,,3,3,2,1,1479,1,3,3,2,1,1294,1,2,2,2,0,924,0,ST-IK1,Normalstation Innere Medizin / Kardiologie,30,Innere Medizin und Kardiologie,10.0,22.0,06:00,14:00,450,,13:30,21:30,450,F,21:15,06:15,495,F|S,11,10,8,10,30,45,8,38.5,30,0.1,0,2.0.0,20261133
PK-001,2026-12-03,plan,3,Donnerstag,4,49,0,0,,Stationsleitung,Pflegefachkraft,EXAM|LEITUNG|PRAXISANLEITUNG,1.0,38.5,9240,4620,4158,5082,5,2,2,0,0,1,Pflegefachkraft,1,0.5,2130,23,23,4,6,2,3698,1,,,,,,0,,0,,3,3,2,1,1479,1,3,3,2,1,1294,1,2,2,2,0,924,0,ST-IK1,Normalstation Innere Medizin / Kardiologie,30,Innere Medizin und Kardiologie,10.0,22.0,06:00,14:00,450,,13:30,21:30,450,F,21:15,06:15,495,F|S,11,10,8,10,30,45,8,38.5,30,0.1,0,2.0.0,20261133
PK-002,2026-12-03,plan,3,Donnerstag,4,49,0,0,,Pflegefachkraft,Pflegefachkraft,EXAM|PRAXISANLEITUNG,0.8,30.8,7392,7392,6653,8131,5,2,2,8,1,1,Pflegefachkraft,0,0.0,-1857,23,23,4,6,2,3698,1,,3,,,,0,,0,,3,3,2,1,1479,1,3,3,2,1,1294,1,2,2,2,0,924,0,ST-IK1,Normalstation Innere Medizin / Kardiologie,30,Innere Medizin und Kardiologie,10.0,22.0,06:00,14:00,450,,13:30,21:30,450,F,21:15,06:15,495,F|S,11,10,8,10,30,45,8,38.5,30,0.1,0,2.0.0,20261133
PK-003,2026-12-03,plan,3,Donnerstag,4,49,0,0,,Pflegefachkraft,Pflegefachkraft,EXAM,0.8,30.8,7392,7392,6653,8131,5,2,2,8,1,1,Pflegefachkraft,0,0.0,-1902,23,23,4,6,2,3698,0,URLAUB,,,,,0,,0,,3,3,2,1,1479,1,3,3,2,1,1294,1,2,2,2,0,924,0,ST-IK1,Normalstation Innere Medizin / Kardiologie,30,Innere Medizin und Kardiologie,10.0,22.0,06:00,14:00,450,,13:30,21:30,450,F,21:15,06:15,495,F|S,11,10,8,10,30,45,8,38.5,30,0.1,0,2.0.0,20261133
PK-004,2026-12-03,plan,3,Donnerstag,4,49,0,0,,Pflegefachkraft,Pflegefachkraft,EXAM,1.0,38.5,9240,9240,8316,10164,5,2,2,8,1,1,Pflegefachkraft,0,0.0,-2625,23,23,4,6,2,3698,1,,,,,,0,,0,,3,3,2,1,1479,1,3,3,2,1,1294,1,2,2,2,0,924,0,ST-IK1,Normalstation Innere Medizin / Kardiologie,30,Innere Medizin und Kardiologie,10.0,22.0,06:00,14:00,450,,13:30,21:30,450,F,21:15,06:15,495,F|S,11,10,8,10,30,45,8,38.5,30,0.1,0,2.0.0,20261133
PK-005,2026-12-03,plan,3,Donnerstag,4,49,0,0,,Pflegefachkraft,Pflegefachkraft,EXAM,1.0,38.5,9240,9240,8316,10164,5,2,2,8,1,1,Pflegefachkraft,0,0.0,-2625,23,23,4,6,2,3698,1,,3,,,,0,,0,,3,3,2,1,1479,1,3,3,2,1,1294,1,2,2,2,0,924,0,ST-IK1,Normalstation Innere Medizin / Kardiologie,30,Innere Medizin und Kardiologie,10.0,22.0,06:00,14:00,450,,13:30,21:30,450,F,21:15,06:15,495,F|S,11,10,8,10,30,45,8,38.5,30,0.1,0,2.0.0,20261133
PK-006,2026-12-03,plan,3,Donnerstag,4,49,0,0,,Pflegefachkraft,Pflegefachkraft,EXAM|PRAXISANLEITUNG|KARDIO_MONITORING,1.0,38.5,9240,9240,8316,10164,5,2,2,8,1,1,Pflegefachkraft,0,0.0,1104,23,23,4,6,2,3698,1,,,,,,0,,0,,3,3,2,1,1479,1,3,3,2,1,1294,1,2,2,2,0,924,0,ST-IK1,Normalstation Innere Medizin / Kardiologie,30,Innere Medizin und Kardiologie,10.0,22.0,06:00,14:00,450,,13:30,21:30,450,F,21:15,06:15,495,F|S,11,10,8,10,30,45,8,38.5,30,0.1,0,2.0.0,20261133
PK-007,2026-12-03,plan,3,Donnerstag,4,49,0,0,,Pflegefachkraft,Pflegefachkraft,EXAM,0.75,28.88,6931,6931,6238,7624,5,2,2,8,1,1,Pflegefachkraft,0,0.0,-1800,23,23,4,6,2,3698,1,,,,,,0,,1,24,3,3,2,1,1479,1,3,3,2,1,1294,1,2,2,2,0,924,0,ST-IK1,Normalstation Innere Medizin / Kardiologie,30,Innere Medizin und Kardiologie,10.0,22.0,06:00,14:00,450,,13:30,21:30,450,F,21:15,06:15,495,F|S,11,10,8,10,30,45,8,38.5,30,0.1,0,2.0.0,20261133
PK-008,2026-12-03,plan,3,Donnerstag,4,49,0,0,,Pflegefachkraft,Pflegefachkraft,EXAM|PRAXISANLEITUNG,0.6,23.1,5544,5544,4990,6098,5,2,2,8,1,1,Pflegefachkraft,0,0.0,-1449,23,23,4,6,2,3698,1,,,,,,0,,0,,3,3,2,1,1479,1,3,3,2,1,1294,1,2,2,2,0,924,0,ST-IK1,Normalstation Innere Medizin / Kardiologie,30,Innere Medizin und Kardiologie,10.0,22.0,06:00,14:00,450,,13:30,21:30,450,F,21:15,06:15,495,F|S,11,10,8,10,30,45,8,38.5,30,0.1,0,2.0.0,20261133
PK-009,2026-12-03,plan,3,Donnerstag,4,49,0,0,,Pflegefachkraft,Pflegefachkraft,EXAM|KARDIO_MONITORING,0.6,23.1,5544,5544,4990,6098,5,2,2,8,1,1,Pflegefachkraft,0,0.0,-1494,23,23,4,6,2,3698,1,,3,,,,0,,0,,3,3,2,1,1479,1,3,3,2,1,1294,1,2,2,2,0,924,0,ST-IK1,Normalstation Innere Medizin / Kardiologie,30,Innere Medizin und Kardiologie,10.0,22.0,06:00,14:00,450,,13:30,21:30,450,F,21:15,06:15,495,F|S,11,10,8,10,30,45,8,38.5,30,0.1,0,2.0.0,20261133
PK-010,2026-12-03,plan,3,Donnerstag,4,49,0,0,,Pflegefachkraft,Pflegefachkraft,EXAM|KARDIO_MONITORING,0.9,34.65,8316,8316,7484,9148,5,2,2,8,1,1,Pflegefachkraft,0,0.0,-1971,23,23,4,6,2,3698,1,,,,,,1,12,0,,3,3,2,1,1479,1,3,3,2,1,1294,1,2,2,2,0,924,0,ST-IK1,Normalstation Innere Medizin / Kardiologie,30,Innere Medizin und Kardiologie,10.0,22.0,06:00,14:00,450,,13:30,21:30,450,F,21:15,06:15,495,F|S,11,10,8,10,30,45,8,38.5,30,0.1,0,2.0.0,20261133
PK-011,2026-12-03,plan,3,Donnerstag,4,49,0,0,,Pflegefachkraft,Pflegefachkraft,EXAM|PRAXISANLEITUNG,0.5,19.25,4620,4620,4158,5082,5,2,2,8,1,1,Pflegefachkraft,0,0.0,-885,23,23,4,6,2,3698,0,URLAUB,,,,,0,,0,,3,3,2,1,1479,1,3,3,2,1,1294,1,2,2,2,0,924,0,ST-IK1,Normalstation Innere Medizin / Kardiologie,30,Innere Medizin und Kardiologie,10.0,22.0,06:00,14:00,450,,13:30,21:30,450,F,21:15,06:15,495,F|S,11,10,8,10,30,45,8,38.5,30,0.1,0,2.0.0,20261133
PK-012,2026-12-03,plan,3,Donnerstag,4,49,0,0,,Pflegefachkraft,Pflegefachkraft,EXAM|KARDIO_MONITORING,0.75,28.88,6931,6931,6238,7624,5,2,2,8,1,1,Pflegefachkraft,0,0.0,-1845,23,23,4,6,2,3698,1,,,,,,0,,0,,3,3,2,1,1479,1,3,3,2,1,1294,1,2,2,2,0,924,0,ST-IK1,Normalstation Innere Medizin / Kardiologie,30,Innere Medizin und Kardiologie,10.0,22.0,06:00,14:00,450,,13:30,21:30,450,F,21:15,06:15,495,F|S,11,10,8,10,30,45,8,38.5,30,0.1,0,2.0.0,20261133
PK-013,2026-12-03,plan,3,Donnerstag,4,49,0,0,,Pflegefachkraft,Pflegefachkraft,EXAM,1.0,38.5,9240,9240,8316,10164,5,2,2,8,1,1,Pflegefachkraft,0,0.0,-2445,23,23,4,6,2,3698,1,,,,,,0,,0,,3,3,2,1,1479,1,3,3,2,1,1294,1,2,2,2,0,924,0,ST-IK1,Normalstation Innere Medizin / Kardiologie,30,Innere Medizin und Kardiologie,10.0,22.0,06:00,14:00,450,,13:30,21:30,450,F,21:15,06:15,495,F|S,11,10,8,10,30,45,8,38.5,30,0.1,0,2.0.0,20261133
PK-014,2026-12-03,plan,3,Donnerstag,4,49,0,0,,Pflegefachkraft,Pflegefachkraft,EXAM|PRAXISANLEITUNG,0.75,28.88,6931,6931,6238,7624,5,2,2,8,1,1,Pflegefachkraft,0,0.0,-1440,23,23,4,6,2,3698,1,,,,,,0,,0,,3,3,2,1,1479,1,3,3,2,1,1294,1,2,2,2,0,924,0,ST-IK1,Normalstation Innere Medizin / Kardiologie,30,Innere Medizin und Kardiologie,10.0,22.0,06:00,14:00,450,,13:30,21:30,450,F,21:15,06:15,495,F|S,11,10,8,10,30,45,8,38.5,30,0.1,0,2.0.0,20261133
PK-015,2026-12-03,plan,3,Donnerstag,4,49,0,0,,Pflegefachkraft,Pflegefachkraft,EXAM|KARDIO_MONITORING,0.8,30.8,7392,7392,6653,8131,5,2,2,8,1,1,Pflegefachkraft,0,0.0,-1992,23,23,4,6,2,3698,1,,,,,,0,,0,,3,3,2,1,1479,1,3,3,2,1,1294,1,2,2,2,0,924,0,ST-IK1,Normalstation Innere Medizin / Kardiologie,30,Innere Medizin und Kardiologie,10.0,22.0,06:00,14:00,450,,13:30,21:30,450,F,21:15,06:15,495,F|S,11,10,8,10,30,45,8,38.5,30,0.1,0,2.0.0,20261133
PK-016,2026-12-03,plan,3,Donnerstag,4,49,0,0,,Pflegefachkraft,Pflegefachkraft,EXAM|KARDIO_MONITORING,0.7,26.95,6468,6468,5821,7115,5,2,2,8,1,1,Pflegefachkraft,0,0.0,566,23,23,4,6,2,3698,1,,,,,,0,,0,,3,3,2,1,1479,1,3,3,2,1,1294,1,2,2,2,0,924,0,ST-IK1,Normalstation Innere Medizin / Kardiologie,30,Innere Medizin und Kardiologie,10.0,22.0,06:00,14:00,450,,13:30,21:30,450,F,21:15,06:15,495,F|S,11,10,8,10,30,45,8,38.5,30,0.1,0,2.0.0,20261133
PK-017,2026-12-03,plan,3,Donnerstag,4,49,0,0,,Pflegefachkraft,Pflegefachkraft,EXAM|PRAXISANLEITUNG|KARDIO_MONITORING,1.0,38.5,9240,9240,8316,10164,5,2,2,8,1,1,Pflegefachkraft,0,0.0,-2265,23,23,4,6,2,3698,1,,,,,,0,,0,,3,3,2,1,1479,1,3,3,2,1,1294,1,2,2,2,0,924,0,ST-IK1,Normalstation Innere Medizin / Kardiologie,30,Innere Medizin und Kardiologie,10.0,22.0,06:00,14:00,450,,13:30,21:30,450,F,21:15,06:15,495,F|S,11,10,8,10,30,45,8,38.5,30,0.1,0,2.0.0,20261133
PK-018,2026-12-03,plan,3,Donnerstag,4,49,0,0,,Pflegefachkraft,Pflegefachkraft,EXAM,0.5,19.25,4620,4620,4158,5082,5,2,2,8,1,1,Pflegefachkraft,0,0.0,-885,23,23,4,6,2,3698,0,LANGZEITABWESENHEIT,,,,,0,,0,,3,3,2,1,1479,1,3,3,2,1,1294,1,2,2,2,0,924,0,ST-IK1,Normalstation Innere Medizin / Kardiologie,30,Innere Medizin und Kardiologie,10.0,22.0,06:00,14:00,450,,13:30,21:30,450,F,21:15,06:15,495,F|S,11,10,8,10,30,45,8,38.5,30,0.1,0,2.0.0,20261133
AZ-001,2026-12-04,plan,4,Freitag,5,49,0,0,,Auszubildende_r_3_Ausbildungsjahr,Auszubildende,AUSZUBILDEND,1.0,38.5,9240,9240,8316,10164,5,2,2,8,1,0,nicht anrechenbar,0,0.0,-9240,21,21,4,0,1,4144,1,,,,,,0,,0,,4,3,3,1,1658,1,3,3,2,1,1450,1,2,1,2,0,1036,0,ST-IK1,Normalstation Innere Medizin / Kardiologie,30,Innere Medizin und Kardiologie,10.0,22.0,06:00,14:00,450,,13:30,21:30,450,F,21:15,06:15,495,F|S,11,10,8,10,30,45,8,38.5,30,0.1,0,2.0.0,20261133
AZ-002,2026-12-04,plan,4,Freitag,5,49,0,0,,Auszubildende_r_2_Ausbildungsjahr,Auszubildende,AUSZUBILDEND,1.0,38.5,9240,9240,8316,10164,5,2,2,8,1,0,nicht anrechenbar,0,0.0,-9240,21,21,4,0,1,4144,1,,,,,,0,,0,,4,3,3,1,1658,1,3,3,2,1,1450,1,2,1,2,0,1036,0,ST-IK1,Normalstation Innere Medizin / Kardiologie,30,Innere Medizin und Kardiologie,10.0,22.0,06:00,14:00,450,,13:30,21:30,450,F,21:15,06:15,495,F|S,11,10,8,10,30,45,8,38.5,30,0.1,0,2.0.0,20261133
AZ-003,2026-12-04,plan,4,Freitag,5,49,0,0,,Auszubildende_r_1_Ausbildungsjahr,Auszubildende,AUSZUBILDEND,1.0,38.5,9240,9240,8316,10164,5,2,2,0,0,0,nicht anrechenbar,0,0.0,-6006,21,21,4,0,1,4144,0,URLAUB,,,,,0,,0,,4,3,3,1,1658,1,3,3,2,1,1450,1,2,1,2,0,1036,0,ST-IK1,Normalstation Innere Medizin / Kardiologie,30,Innere Medizin und Kardiologie,10.0,22.0,06:00,14:00,450,,13:30,21:30,450,F,21:15,06:15,495,F|S,11,10,8,10,30,45,8,38.5,30,0.1,0,2.0.0,20261133
PH-001,2026-12-04,plan,4,Freitag,5,49,0,0,,Pflegehilfskraft,Pflegehilfskraft,PFLEGEHILFE,0.75,28.88,6931,6931,6238,7624,5,2,2,0,0,1,Pflegehilfskraft,0,0.0,-1530,21,21,4,0,1,4144,1,,,,,,0,,0,,4,3,3,1,1658,1,3,3,2,1,1450,1,2,1,2,0,1036,0,ST-IK1,Normalstation Innere Medizin / Kardiologie,30,Innere Medizin und Kardiologie,10.0,22.0,06:00,14:00,450,,13:30,21:30,450,F,21:15,06:15,495,F|S,11,10,8,10,30,45,8,38.5,30,0.1,0,2.0.0,20261133
PH-002,2026-12-04,plan,4,Freitag,5,49,0,0,,Pflegehilfskraft,Pflegehilfskraft,PFLEGEHILFE,0.5,19.25,4620,4620,4158,5082,5,2,2,0,0,1,Pflegehilfskraft,0,0.0,-1020,21,21,4,0,1,4144,1,,,,,,0,,0,,4,3,3,1,1658,1,3,3,2,1,1450,1,2,1,2,0,1036,0,ST-IK1,Normalstation Innere Medizin / Kardiologie,30,Innere Medizin und Kardiologie,10.0,22.0,06:00,14:00,450,,13:30,21:30,450,F,21:15,06:15,495,F|S,11,10,8,10,30,45,8,38.5,30,0.1,0,2.0.0,20261133
PK-001,2026-12-04,plan,4,Freitag,5,49,0,0,,Stationsleitung,Pflegefachkraft,EXAM|LEITUNG|PRAXISANLEITUNG,1.0,38.5,9240,4620,4158,5082,5,2,2,0,0,1,Pflegefachkraft,1,0.5,2130,21,21,4,0,1,4144,1,,,,,,0,,0,,4,3,3,1,1658,1,3,3,2,1,1450,1,2,1,2,0,1036,0,ST-IK1,Normalstation Innere Medizin / Kardiologie,30,Innere Medizin und Kardiologie,10.0,22.0,06:00,14:00,450,,13:30,21:30,450,F,21:15,06:15,495,F|S,11,10,8,10,30,45,8,38.5,30,0.1,0,2.0.0,20261133
PK-002,2026-12-04,plan,4,Freitag,5,49,0,0,,Pflegefachkraft,Pflegefachkraft,EXAM|PRAXISANLEITUNG,0.8,30.8,7392,7392,6653,8131,5,2,2,8,1,1,Pflegefachkraft,0,0.0,-1857,21,21,4,0,1,4144,1,,,,,,0,,0,,4,3,3,1,1658,1,3,3,2,1,1450,1,2,1,2,0,1036,0,ST-IK1,Normalstation Innere Medizin / Kardiologie,30,Innere Medizin und Kardiologie,10.0,22.0,06:00,14:00,450,,13:30,21:30,450,F,21:15,06:15,495,F|S,11,10,8,10,30,45,8,38.5,30,0.1,0,2.0.0,20261133
PK-003,2026-12-04,plan,4,Freitag,5,49,0,0,,Pflegefachkraft,Pflegefachkraft,EXAM,0.8,30.8,7392,7392,6653,8131,5,2,2,8,1,1,Pflegefachkraft,0,0.0,-1902,21,21,4,0,1,4144,0,URLAUB,,,,,0,,0,,4,3,3,1,1658,1,3,3,2,1,1450,1,2,1,2,0,1036,0,ST-IK1,Normalstation Innere Medizin / Kardiologie,30,Innere Medizin und Kardiologie,10.0,22.0,06:00,14:00,450,,13:30,21:30,450,F,21:15,06:15,495,F|S,11,10,8,10,30,45,8,38.5,30,0.1,0,2.0.0,20261133
PK-004,2026-12-04,plan,4,Freitag,5,49,0,0,,Pflegefachkraft,Pflegefachkraft,EXAM,1.0,38.5,9240,9240,8316,10164,5,2,2,8,1,1,Pflegefachkraft,0,0.0,-2625,21,21,4,0,1,4144,1,,,,,,0,,0,,4,3,3,1,1658,1,3,3,2,1,1450,1,2,1,2,0,1036,0,ST-IK1,Normalstation Innere Medizin / Kardiologie,30,Innere Medizin und Kardiologie,10.0,22.0,06:00,14:00,450,,13:30,21:30,450,F,21:15,06:15,495,F|S,11,10,8,10,30,45,8,38.5,30,0.1,0,2.0.0,20261133
PK-005,2026-12-04,plan,4,Freitag,5,49,0,0,,Pflegefachkraft,Pflegefachkraft,EXAM,1.0,38.5,9240,9240,8316,10164,5,2,2,8,1,1,Pflegefachkraft,0,0.0,-2625,21,21,4,0,1,4144,1,,,,,,0,,0,,4,3,3,1,1658,1,3,3,2,1,1450,1,2,1,2,0,1036,0,ST-IK1,Normalstation Innere Medizin / Kardiologie,30,Innere Medizin und Kardiologie,10.0,22.0,06:00,14:00,450,,13:30,21:30,450,F,21:15,06:15,495,F|S,11,10,8,10,30,45,8,38.5,30,0.1,0,2.0.0,20261133
PK-006,2026-12-04,plan,4,Freitag,5,49,0,0,,Pflegefachkraft,Pflegefachkraft,EXAM|PRAXISANLEITUNG|KARDIO_MONITORING,1.0,38.5,9240,9240,8316,10164,5,2,2,8,1,1,Pflegefachkraft,0,0.0,1104,21,21,4,0,1,4144,1,,,,,,0,,0,,4,3,3,1,1658,1,3,3,2,1,1450,1,2,1,2,0,1036,0,ST-IK1,Normalstation Innere Medizin / Kardiologie,30,Innere Medizin und Kardiologie,10.0,22.0,06:00,14:00,450,,13:30,21:30,450,F,21:15,06:15,495,F|S,11,10,8,10,30,45,8,38.5,30,0.1,0,2.0.0,20261133
PK-007,2026-12-04,plan,4,Freitag,5,49,0,0,,Pflegefachkraft,Pflegefachkraft,EXAM,0.75,28.88,6931,6931,6238,7624,5,2,2,8,1,1,Pflegefachkraft,0,0.0,-1800,21,21,4,0,1,4144,1,,,N,2,,0,,1,24,4,3,3,1,1658,1,3,3,2,1,1450,1,2,1,2,0,1036,0,ST-IK1,Normalstation Innere Medizin / Kardiologie,30,Innere Medizin und Kardiologie,10.0,22.0,06:00,14:00,450,,13:30,21:30,450,F,21:15,06:15,495,F|S,11,10,8,10,30,45,8,38.5,30,0.1,0,2.0.0,20261133
PK-008,2026-12-04,plan,4,Freitag,5,49,0,0,,Pflegefachkraft,Pflegefachkraft,EXAM|PRAXISANLEITUNG,0.6,23.1,5544,5544,4990,6098,5,2,2,8,1,1,Pflegefachkraft,0,0.0,-1449,21,21,4,0,1,4144,1,,,,,,0,,0,,4,3,3,1,1658,1,3,3,2,1,1450,1,2,1,2,0,1036,0,ST-IK1,Normalstation Innere Medizin / Kardiologie,30,Innere Medizin und Kardiologie,10.0,22.0,06:00,14:00,450,,13:30,21:30,450,F,21:15,06:15,495,F|S,11,10,8,10,30,45,8,38.5,30,0.1,0,2.0.0,20261133
PK-009,2026-12-04,plan,4,Freitag,5,49,0,0,,Pflegefachkraft,Pflegefachkraft,EXAM|KARDIO_MONITORING,0.6,23.1,5544,5544,4990,6098,5,2,2,8,1,1,Pflegefachkraft,0,0.0,-1494,21,21,4,0,1,4144,1,,,,,,0,,0,,4,3,3,1,1658,1,3,3,2,1,1450,1,2,1,2,0,1036,0,ST-IK1,Normalstation Innere Medizin / Kardiologie,30,Innere Medizin und Kardiologie,10.0,22.0,06:00,14:00,450,,13:30,21:30,450,F,21:15,06:15,495,F|S,11,10,8,10,30,45,8,38.5,30,0.1,0,2.0.0,20261133
PK-010,2026-12-04,plan,4,Freitag,5,49,0,0,,Pflegefachkraft,Pflegefachkraft,EXAM|KARDIO_MONITORING,0.9,34.65,8316,8316,7484,9148,5,2,2,8,1,1,Pflegefachkraft,0,0.0,-1971,21,21,4,0,1,4144,1,,2,,,,0,,0,,4,3,3,1,1658,1,3,3,2,1,1450,1,2,1,2,0,1036,0,ST-IK1,Normalstation Innere Medizin / Kardiologie,30,Innere Medizin und Kardiologie,10.0,22.0,06:00,14:00,450,,13:30,21:30,450,F,21:15,06:15,495,F|S,11,10,8,10,30,45,8,38.5,30,0.1,0,2.0.0,20261133
PK-011,2026-12-04,plan,4,Freitag,5,49,0,0,,Pflegefachkraft,Pflegefachkraft,EXAM|PRAXISANLEITUNG,0.5,19.25,4620,4620,4158,5082,5,2,2,8,1,1,Pflegefachkraft,0,0.0,-885,21,21,4,0,1,4144,0,URLAUB,,,,,0,,0,,4,3,3,1,1658,1,3,3,2,1,1450,1,2,1,2,0,1036,0,ST-IK1,Normalstation Innere Medizin / Kardiologie,30,Innere Medizin und Kardiologie,10.0,22.0,06:00,14:00,450,,13:30,21:30,450,F,21:15,06:15,495,F|S,11,10,8,10,30,45,8,38.5,30,0.1,0,2.0.0,20261133
PK-012,2026-12-04,plan,4,Freitag,5,49,0,0,,Pflegefachkraft,Pflegefachkraft,EXAM|KARDIO_MONITORING,0.75,28.88,6931,6931,6238,7624,5,2,2,8,1,1,Pflegefachkraft,0,0.0,-1845,21,21,4,0,1,4144,1,,,,,,0,,0,,4,3,3,1,1658,1,3,3,2,1,1450,1,2,1,2,0,1036,0,ST-IK1,Normalstation Innere Medizin / Kardiologie,30,Innere Medizin und Kardiologie,10.0,22.0,06:00,14:00,450,,13:30,21:30,450,F,21:15,06:15,495,F|S,11,10,8,10,30,45,8,38.5,30,0.1,0,2.0.0,20261133
PK-013,2026-12-04,plan,4,Freitag,5,49,0,0,,Pflegefachkraft,Pflegefachkraft,EXAM,1.0,38.5,9240,9240,8316,10164,5,2,2,8,1,1,Pflegefachkraft,0,0.0,-2445,21,21,4,0,1,4144,1,,,,,,0,,0,,4,3,3,1,1658,1,3,3,2,1,1450,1,2,1,2,0,1036,0,ST-IK1,Normalstation Innere Medizin / Kardiologie,30,Innere Medizin und Kardiologie,10.0,22.0,06:00,14:00,450,,13:30,21:30,450,F,21:15,06:15,495,F|S,11,10,8,10,30,45,8,38.5,30,0.1,0,2.0.0,20261133
PK-014,2026-12-04,plan,4,Freitag,5,49,0,0,,Pflegefachkraft,Pflegefachkraft,EXAM|PRAXISANLEITUNG,0.75,28.88,6931,6931,6238,7624,5,2,2,8,1,1,Pflegefachkraft,0,0.0,-1440,21,21,4,0,1,4144,1,,,,,,0,,0,,4,3,3,1,1658,1,3,3,2,1,1450,1,2,1,2,0,1036,0,ST-IK1,Normalstation Innere Medizin / Kardiologie,30,Innere Medizin und Kardiologie,10.0,22.0,06:00,14:00,450,,13:30,21:30,450,F,21:15,06:15,495,F|S,11,10,8,10,30,45,8,38.5,30,0.1,0,2.0.0,20261133
PK-015,2026-12-04,plan,4,Freitag,5,49,0,0,,Pflegefachkraft,Pflegefachkraft,EXAM|KARDIO_MONITORING,0.8,30.8,7392,7392,6653,8131,5,2,2,8,1,1,Pflegefachkraft,0,0.0,-1992,21,21,4,0,1,4144,1,,,,,,0,,0,,4,3,3,1,1658,1,3,3,2,1,1450,1,2,1,2,0,1036,0,ST-IK1,Normalstation Innere Medizin / Kardiologie,30,Innere Medizin und Kardiologie,10.0,22.0,06:00,14:00,450,,13:30,21:30,450,F,21:15,06:15,495,F|S,11,10,8,10,30,45,8,38.5,30,0.1,0,2.0.0,20261133
PK-016,2026-12-04,plan,4,Freitag,5,49,0,0,,Pflegefachkraft,Pflegefachkraft,EXAM|KARDIO_MONITORING,0.7,26.95,6468,6468,5821,7115,5,2,2,8,1,1,Pflegefachkraft,0,0.0,566,21,21,4,0,1,4144,1,,,,,,0,,0,,4,3,3,1,1658,1,3,3,2,1,1450,1,2,1,2,0,1036,0,ST-IK1,Normalstation Innere Medizin / Kardiologie,30,Innere Medizin und Kardiologie,10.0,22.0,06:00,14:00,450,,13:30,21:30,450,F,21:15,06:15,495,F|S,11,10,8,10,30,45,8,38.5,30,0.1,0,2.0.0,20261133
PK-017,2026-12-04,plan,4,Freitag,5,49,0,0,,Pflegefachkraft,Pflegefachkraft,EXAM|PRAXISANLEITUNG|KARDIO_MONITORING,1.0,38.5,9240,9240,8316,10164,5,2,2,8,1,1,Pflegefachkraft,0,0.0,-2265,21,21,4,0,1,4144,1,,,,,,0,,0,,4,3,3,1,1658,1,3,3,2,1,1450,1,2,1,2,0,1036,0,ST-IK1,Normalstation Innere Medizin / Kardiologie,30,Innere Medizin und Kardiologie,10.0,22.0,06:00,14:00,450,,13:30,21:30,450,F,21:15,06:15,495,F|S,11,10,8,10,30,45,8,38.5,30,0.1,0,2.0.0,20261133
PK-018,2026-12-04,plan,4,Freitag,5,49,0,0,,Pflegefachkraft,Pflegefachkraft,EXAM,0.5,19.25,4620,4620,4158,5082,5,2,2,8,1,1,Pflegefachkraft,0,0.0,-885,21,21,4,0,1,4144,0,LANGZEITABWESENHEIT,,,,,0,,0,,4,3,3,1,1658,1,3,3,2,1,1450,1,2,1,2,0,1036,0,ST-IK1,Normalstation Innere Medizin / Kardiologie,30,Innere Medizin und Kardiologie,10.0,22.0,06:00,14:00,450,,13:30,21:30,450,F,21:15,06:15,495,F|S,11,10,8,10,30,45,8,38.5,30,0.1,0,2.0.0,20261133
AZ-001,2026-12-05,plan,5,Samstag,6,49,1,0,,Auszubildende_r_3_Ausbildungsjahr,Auszubildende,AUSZUBILDEND,1.0,38.5,9240,9240,8316,10164,5,2,2,8,1,0,nicht anrechenbar,0,0.0,-9240,19,17,0,3,0,2840,1,,,,,,0,,0,,3,2,2,1,1136,1,3,2,2,1,994,1,2,1,2,0,710,0,ST-IK1,Normalstation Innere Medizin / Kardiologie,30,Innere Medizin und Kardiologie,10.0,22.0,06:00,14:00,450,,13:30,21:30,450,F,21:15,06:15,495,F|S,11,10,8,10,30,45,8,38.5,30,0.1,0,2.0.0,20261133
AZ-002,2026-12-05,plan,5,Samstag,6,49,1,0,,Auszubildende_r_2_Ausbildungsjahr,Auszubildende,AUSZUBILDEND,1.0,38.5,9240,9240,8316,10164,5,2,2,8,1,0,nicht anrechenbar,0,0.0,-9240,19,17,0,3,0,2840,1,,,,,,0,,0,,3,2,2,1,1136,1,3,2,2,1,994,1,2,1,2,0,710,0,ST-IK1,Normalstation Innere Medizin / Kardiologie,30,Innere Medizin und Kardiologie,10.0,22.0,06:00,14:00,450,,13:30,21:30,450,F,21:15,06:15,495,F|S,11,10,8,10,30,45,8,38.5,30,0.1,0,2.0.0,20261133
AZ-003,2026-12-05,plan,5,Samstag,6,49,1,0,,Auszubildende_r_1_Ausbildungsjahr,Auszubildende,AUSZUBILDEND,1.0,38.5,9240,9240,8316,10164,5,2,2,0,0,0,nicht anrechenbar,0,0.0,-6006,19,17,0,3,0,2840,0,URLAUB,,,,,0,,0,,3,2,2,1,1136,1,3,2,2,1,994,1,2,1,2,0,710,0,ST-IK1,Normalstation Innere Medizin / Kardiologie,30,Innere Medizin und Kardiologie,10.0,22.0,06:00,14:00,450,,13:30,21:30,450,F,21:15,06:15,495,F|S,11,10,8,10,30,45,8,38.5,30,0.1,0,2.0.0,20261133
PH-001,2026-12-05,plan,5,Samstag,6,49,1,0,,Pflegehilfskraft,Pflegehilfskraft,PFLEGEHILFE,0.75,28.88,6931,6931,6238,7624,5,2,2,0,0,1,Pflegehilfskraft,0,0.0,-1530,19,17,0,3,0,2840,1,,,,,,0,,0,,3,2,2,1,1136,1,3,2,2,1,994,1,2,1,2,0,710,0,ST-IK1,Normalstation Innere Medizin / Kardiologie,30,Innere Medizin und Kardiologie,10.0,22.0,06:00,14:00,450,,13:30,21:30,450,F,21:15,06:15,495,F|S,11,10,8,10,30,45,8,38.5,30,0.1,0,2.0.0,20261133
PH-002,2026-12-05,plan,5,Samstag,6,49,1,0,,Pflegehilfskraft,Pflegehilfskraft,PFLEGEHILFE,0.5,19.25,4620,4620,4158,5082,5,2,2,0,0,1,Pflegehilfskraft,0,0.0,-1020,19,17,0,3,0,2840,1,,,,,,0,,0,,3,2,2,1,1136,1,3,2,2,1,994,1,2,1,2,0,710,0,ST-IK1,Normalstation Innere Medizin / Kardiologie,30,Innere Medizin und Kardiologie,10.0,22.0,06:00,14:00,450,,13:30,21:30,450,F,21:15,06:15,495,F|S,11,10,8,10,30,45,8,38.5,30,0.1,0,2.0.0,20261133
PK-001,2026-12-05,plan,5,Samstag,6,49,1,0,,Stationsleitung,Pflegefachkraft,EXAM|LEITUNG|PRAXISANLEITUNG,1.0,38.5,9240,4620,4158,5082,5,2,2,0,0,1,Pflegefachkraft,1,0.5,2130,19,17,0,3,0,2840,1,,,,,,1,8,0,,3,2,2,1,1136,1,3,2,2,1,994,1,2,1,2,0,710,0,ST-IK1,Normalstation Innere Medizin / Kardiologie,30,Innere Medizin und Kardiologie,10.0,22.0,06:00,14:00,450,,13:30,21:30,450,F,21:15,06:15,495,F|S,11,10,8,10,30,45,8,38.5,30,0.1,0,2.0.0,20261133
PK-002,2026-12-05,plan,5,Samstag,6,49,1,0,,Pflegefachkraft,Pflegefachkraft,EXAM|PRAXISANLEITUNG,0.8,30.8,7392,7392,6653,8131,5,2,2,8,1,1,Pflegefachkraft,0,0.0,-1857,19,17,0,3,0,2840,1,,,,,,0,,0,,3,2,2,1,1136,1,3,2,2,1,994,1,2,1,2,0,710,0,ST-IK1,Normalstation Innere Medizin / Kardiologie,30,Innere Medizin und Kardiologie,10.0,22.0,06:00,14:00,450,,13:30,21:30,450,F,21:15,06:15,495,F|S,11,10,8,10,30,45,8,38.5,30,0.1,0,2.0.0,20261133
PK-003,2026-12-05,plan,5,Samstag,6,49,1,0,,Pflegefachkraft,Pflegefachkraft,EXAM,0.8,30.8,7392,7392,6653,8131,5,2,2,8,1,1,Pflegefachkraft,0,0.0,-1902,19,17,0,3,0,2840,0,URLAUB,,,,,0,,0,,3,2,2,1,1136,1,3,2,2,1,994,1,2,1,2,0,710,0,ST-IK1,Normalstation Innere Medizin / Kardiologie,30,Innere Medizin und Kardiologie,10.0,22.0,06:00,14:00,450,,13:30,21:30,450,F,21:15,06:15,495,F|S,11,10,8,10,30,45,8,38.5,30,0.1,0,2.0.0,20261133
PK-004,2026-12-05,plan,5,Samstag,6,49,1,0,,Pflegefachkraft,Pflegefachkraft,EXAM,1.0,38.5,9240,9240,8316,10164,5,2,2,8,1,1,Pflegefachkraft,0,0.0,-2625,19,17,0,3,0,2840,1,,,,,,0,,0,,3,2,2,1,1136,1,3,2,2,1,994,1,2,1,2,0,710,0,ST-IK1,Normalstation Innere Medizin / Kardiologie,30,Innere Medizin und Kardiologie,10.0,22.0,06:00,14:00,450,,13:30,21:30,450,F,21:15,06:15,495,F|S,11,10,8,10,30,45,8,38.5,30,0.1,0,2.0.0,20261133
PK-005,2026-12-05,plan,5,Samstag,6,49,1,0,,Pflegefachkraft,Pflegefachkraft,EXAM,1.0,38.5,9240,9240,8316,10164,5,2,2,8,1,1,Pflegefachkraft,0,0.0,-2625,19,17,0,3,0,2840,1,,,,,,0,,0,,3,2,2,1,1136,1,3,2,2,1,994,1,2,1,2,0,710,0,ST-IK1,Normalstation Innere Medizin / Kardiologie,30,Innere Medizin und Kardiologie,10.0,22.0,06:00,14:00,450,,13:30,21:30,450,F,21:15,06:15,495,F|S,11,10,8,10,30,45,8,38.5,30,0.1,0,2.0.0,20261133
PK-006,2026-12-05,plan,5,Samstag,6,49,1,0,,Pflegefachkraft,Pflegefachkraft,EXAM|PRAXISANLEITUNG|KARDIO_MONITORING,1.0,38.5,9240,9240,8316,10164,5,2,2,8,1,1,Pflegefachkraft,0,0.0,1104,19,17,0,3,0,2840,1,,,,,,0,,0,,3,2,2,1,1136,1,3,2,2,1,994,1,2,1,2,0,710,0,ST-IK1,Normalstation Innere Medizin / Kardiologie,30,Innere Medizin und Kardiologie,10.0,22.0,06:00,14:00,450,,13:30,21:30,450,F,21:15,06:15,495,F|S,11,10,8,10,30,45,8,38.5,30,0.1,0,2.0.0,20261133
PK-007,2026-12-05,plan,5,Samstag,6,49,1,0,,Pflegefachkraft,Pflegefachkraft,EXAM,0.75,28.88,6931,6931,6238,7624,5,2,2,8,1,1,Pflegefachkraft,0,0.0,-1800,19,17,0,3,0,2840,1,,,,,,0,,1,24,3,2,2,1,1136,1,3,2,2,1,994,1,2,1,2,0,710,0,ST-IK1,Normalstation Innere Medizin / Kardiologie,30,Innere Medizin und Kardiologie,10.0,22.0,06:00,14:00,450,,13:30,21:30,450,F,21:15,06:15,495,F|S,11,10,8,10,30,45,8,38.5,30,0.1,0,2.0.0,20261133
PK-008,2026-12-05,plan,5,Samstag,6,49,1,0,,Pflegefachkraft,Pflegefachkraft,EXAM|PRAXISANLEITUNG,0.6,23.1,5544,5544,4990,6098,5,2,2,8,1,1,Pflegefachkraft,0,0.0,-1449,19,17,0,3,0,2840,1,,,,,,0,,0,,3,2,2,1,1136,1,3,2,2,1,994,1,2,1,2,0,710,0,ST-IK1,Normalstation Innere Medizin / Kardiologie,30,Innere Medizin und Kardiologie,10.0,22.0,06:00,14:00,450,,13:30,21:30,450,F,21:15,06:15,495,F|S,11,10,8,10,30,45,8,38.5,30,0.1,0,2.0.0,20261133
PK-009,2026-12-05,plan,5,Samstag,6,49,1,0,,Pflegefachkraft,Pflegefachkraft,EXAM|KARDIO_MONITORING,0.6,23.1,5544,5544,4990,6098,5,2,2,8,1,1,Pflegefachkraft,0,0.0,-1494,19,17,0,3,0,2840,1,,,,,,0,,0,,3,2,2,1,1136,1,3,2,2,1,994,1,2,1,2,0,710,0,ST-IK1,Normalstation Innere Medizin / Kardiologie,30,Innere Medizin und Kardiologie,10.0,22.0,06:00,14:00,450,,13:30,21:30,450,F,21:15,06:15,495,F|S,11,10,8,10,30,45,8,38.5,30,0.1,0,2.0.0,20261133
PK-010,2026-12-05,plan,5,Samstag,6,49,1,0,,Pflegefachkraft,Pflegefachkraft,EXAM|KARDIO_MONITORING,0.9,34.65,8316,8316,7484,9148,5,2,2,8,1,1,Pflegefachkraft,0,0.0,-1971,19,17,0,3,0,2840,1,,,,,,0,,0,,3,2,2,1,1136,1,3,2,2,1,994,1,2,1,2,0,710,0,ST-IK1,Normalstation Innere Medizin / Kardiologie,30,Innere Medizin und Kardiologie,10.0,22.0,06:00,14:00,450,,13:30,21:30,450,F,21:15,06:15,495,F|S,11,10,8,10,30,45,8,38.5,30,0.1,0,2.0.0,20261133
PK-011,2026-12-05,plan,5,Samstag,6,49,1,0,,Pflegefachkraft,Pflegefachkraft,EXAM|PRAXISANLEITUNG,0.5,19.25,4620,4620,4158,5082,5,2,2,8,1,1,Pflegefachkraft,0,0.0,-885,19,17,0,3,0,2840,0,URLAUB,,,,,0,,0,,3,2,2,1,1136,1,3,2,2,1,994,1,2,1,2,0,710,0,ST-IK1,Normalstation Innere Medizin / Kardiologie,30,Innere Medizin und Kardiologie,10.0,22.0,06:00,14:00,450,,13:30,21:30,450,F,21:15,06:15,495,F|S,11,10,8,10,30,45,8,38.5,30,0.1,0,2.0.0,20261133
PK-012,2026-12-05,plan,5,Samstag,6,49,1,0,,Pflegefachkraft,Pflegefachkraft,EXAM|KARDIO_MONITORING,0.75,28.88,6931,6931,6238,7624,5,2,2,8,1,1,Pflegefachkraft,0,0.0,-1845,19,17,0,3,0,2840,1,,,,,,0,,0,,3,2,2,1,1136,1,3,2,2,1,994,1,2,1,2,0,710,0,ST-IK1,Normalstation Innere Medizin / Kardiologie,30,Innere Medizin und Kardiologie,10.0,22.0,06:00,14:00,450,,13:30,21:30,450,F,21:15,06:15,495,F|S,11,10,8,10,30,45,8,38.5,30,0.1,0,2.0.0,20261133
PK-013,2026-12-05,plan,5,Samstag,6,49,1,0,,Pflegefachkraft,Pflegefachkraft,EXAM,1.0,38.5,9240,9240,8316,10164,5,2,2,8,1,1,Pflegefachkraft,0,0.0,-2445,19,17,0,3,0,2840,1,,,,,,0,,0,,3,2,2,1,1136,1,3,2,2,1,994,1,2,1,2,0,710,0,ST-IK1,Normalstation Innere Medizin / Kardiologie,30,Innere Medizin und Kardiologie,10.0,22.0,06:00,14:00,450,,13:30,21:30,450,F,21:15,06:15,495,F|S,11,10,8,10,30,45,8,38.5,30,0.1,0,2.0.0,20261133
PK-014,2026-12-05,plan,5,Samstag,6,49,1,0,,Pflegefachkraft,Pflegefachkraft,EXAM|PRAXISANLEITUNG,0.75,28.88,6931,6931,6238,7624,5,2,2,8,1,1,Pflegefachkraft,0,0.0,-1440,19,17,0,3,0,2840,1,,,,,,0,,0,,3,2,2,1,1136,1,3,2,2,1,994,1,2,1,2,0,710,0,ST-IK1,Normalstation Innere Medizin / Kardiologie,30,Innere Medizin und Kardiologie,10.0,22.0,06:00,14:00,450,,13:30,21:30,450,F,21:15,06:15,495,F|S,11,10,8,10,30,45,8,38.5,30,0.1,0,2.0.0,20261133
PK-015,2026-12-05,plan,5,Samstag,6,49,1,0,,Pflegefachkraft,Pflegefachkraft,EXAM|KARDIO_MONITORING,0.8,30.8,7392,7392,6653,8131,5,2,2,8,1,1,Pflegefachkraft,0,0.0,-1992,19,17,0,3,0,2840,1,,,,,,0,,0,,3,2,2,1,1136,1,3,2,2,1,994,1,2,1,2,0,710,0,ST-IK1,Normalstation Innere Medizin / Kardiologie,30,Innere Medizin und Kardiologie,10.0,22.0,06:00,14:00,450,,13:30,21:30,450,F,21:15,06:15,495,F|S,11,10,8,10,30,45,8,38.5,30,0.1,0,2.0.0,20261133
PK-016,2026-12-05,plan,5,Samstag,6,49,1,0,,Pflegefachkraft,Pflegefachkraft,EXAM|KARDIO_MONITORING,0.7,26.95,6468,6468,5821,7115,5,2,2,8,1,1,Pflegefachkraft,0,0.0,566,19,17,0,3,0,2840,1,,,,,,0,,0,,3,2,2,1,1136,1,3,2,2,1,994,1,2,1,2,0,710,0,ST-IK1,Normalstation Innere Medizin / Kardiologie,30,Innere Medizin und Kardiologie,10.0,22.0,06:00,14:00,450,,13:30,21:30,450,F,21:15,06:15,495,F|S,11,10,8,10,30,45,8,38.5,30,0.1,0,2.0.0,20261133
PK-017,2026-12-05,plan,5,Samstag,6,49,1,0,,Pflegefachkraft,Pflegefachkraft,EXAM|PRAXISANLEITUNG|KARDIO_MONITORING,1.0,38.5,9240,9240,8316,10164,5,2,2,8,1,1,Pflegefachkraft,0,0.0,-2265,19,17,0,3,0,2840,1,,,,,,1,12,0,,3,2,2,1,1136,1,3,2,2,1,994,1,2,1,2,0,710,0,ST-IK1,Normalstation Innere Medizin / Kardiologie,30,Innere Medizin und Kardiologie,10.0,22.0,06:00,14:00,450,,13:30,21:30,450,F,21:15,06:15,495,F|S,11,10,8,10,30,45,8,38.5,30,0.1,0,2.0.0,20261133
PK-018,2026-12-05,plan,5,Samstag,6,49,1,0,,Pflegefachkraft,Pflegefachkraft,EXAM,0.5,19.25,4620,4620,4158,5082,5,2,2,8,1,1,Pflegefachkraft,0,0.0,-885,19,17,0,3,0,2840,0,LANGZEITABWESENHEIT,,,,,0,,0,,3,2,2,1,1136,1,3,2,2,1,994,1,2,1,2,0,710,0,ST-IK1,Normalstation Innere Medizin / Kardiologie,30,Innere Medizin und Kardiologie,10.0,22.0,06:00,14:00,450,,13:30,21:30,450,F,21:15,06:15,495,F|S,11,10,8,10,30,45,8,38.5,30,0.1,0,2.0.0,20261133
AZ-001,2026-12-06,plan,6,Sonntag,7,49,1,0,,Auszubildende_r_3_Ausbildungsjahr,Auszubildende,AUSZUBILDEND,1.0,38.5,9240,9240,8316,10164,5,2,2,8,1,0,nicht anrechenbar,0,0.0,-9240,20,19,0,3,1,3366,1,,,,,,0,,0,,3,2,2,1,1346,1,3,2,2,1,1178,1,2,1,2,0,842,0,ST-IK1,Normalstation Innere Medizin / Kardiologie,30,Innere Medizin und Kardiologie,10.0,22.0,06:00,14:00,450,,13:30,21:30,450,F,21:15,06:15,495,F|S,11,10,8,10,30,45,8,38.5,30,0.1,0,2.0.0,20261133
AZ-002,2026-12-06,plan,6,Sonntag,7,49,1,0,,Auszubildende_r_2_Ausbildungsjahr,Auszubildende,AUSZUBILDEND,1.0,38.5,9240,9240,8316,10164,5,2,2,8,1,0,nicht anrechenbar,0,0.0,-9240,20,19,0,3,1,3366,1,,,,,,0,,0,,3,2,2,1,1346,1,3,2,2,1,1178,1,2,1,2,0,842,0,ST-IK1,Normalstation Innere Medizin / Kardiologie,30,Innere Medizin und Kardiologie,10.0,22.0,06:00,14:00,450,,13:30,21:30,450,F,21:15,06:15,495,F|S,11,10,8,10,30,45,8,38.5,30,0.1,0,2.0.0,20261133
AZ-003,2026-12-06,plan,6,Sonntag,7,49,1,0,,Auszubildende_r_1_Ausbildungsjahr,Auszubildende,AUSZUBILDEND,1.0,38.5,9240,9240,8316,10164,5,2,2,0,0,0,nicht anrechenbar,0,0.0,-6006,20,19,0,3,1,3366,0,URLAUB,,,,,0,,0,,3,2,2,1,1346,1,3,2,2,1,1178,1,2,1,2,0,842,0,ST-IK1,Normalstation Innere Medizin / Kardiologie,30,Innere Medizin und Kardiologie,10.0,22.0,06:00,14:00,450,,13:30,21:30,450,F,21:15,06:15,495,F|S,11,10,8,10,30,45,8,38.5,30,0.1,0,2.0.0,20261133
PH-001,2026-12-06,plan,6,Sonntag,7,49,1,0,,Pflegehilfskraft,Pflegehilfskraft,PFLEGEHILFE,0.75,28.88,6931,6931,6238,7624,5,2,2,0,0,1,Pflegehilfskraft,0,0.0,-1530,20,19,0,3,1,3366,1,,,,,,0,,0,,3,2,2,1,1346,1,3,2,2,1,1178,1,2,1,2,0,842,0,ST-IK1,Normalstation Innere Medizin / Kardiologie,30,Innere Medizin und Kardiologie,10.0,22.0,06:00,14:00,450,,13:30,21:30,450,F,21:15,06:15,495,F|S,11,10,8,10,30,45,8,38.5,30,0.1,0,2.0.0,20261133
PH-002,2026-12-06,plan,6,Sonntag,7,49,1,0,,Pflegehilfskraft,Pflegehilfskraft,PFLEGEHILFE,0.5,19.25,4620,4620,4158,5082,5,2,2,0,0,1,Pflegehilfskraft,0,0.0,-1020,20,19,0,3,1,3366,1,,,,,,0,,0,,3,2,2,1,1346,1,3,2,2,1,1178,1,2,1,2,0,842,0,ST-IK1,Normalstation Innere Medizin / Kardiologie,30,Innere Medizin und Kardiologie,10.0,22.0,06:00,14:00,450,,13:30,21:30,450,F,21:15,06:15,495,F|S,11,10,8,10,30,45,8,38.5,30,0.1,0,2.0.0,20261133
PK-001,2026-12-06,plan,6,Sonntag,7,49,1,0,,Stationsleitung,Pflegefachkraft,EXAM|LEITUNG|PRAXISANLEITUNG,1.0,38.5,9240,4620,4158,5082,5,2,2,0,0,1,Pflegefachkraft,1,0.5,2130,20,19,0,3,1,3366,1,,,,,,0,,0,,3,2,2,1,1346,1,3,2,2,1,1178,1,2,1,2,0,842,0,ST-IK1,Normalstation Innere Medizin / Kardiologie,30,Innere Medizin und Kardiologie,10.0,22.0,06:00,14:00,450,,13:30,21:30,450,F,21:15,06:15,495,F|S,11,10,8,10,30,45,8,38.5,30,0.1,0,2.0.0,20261133
PK-002,2026-12-06,plan,6,Sonntag,7,49,1,0,,Pflegefachkraft,Pflegefachkraft,EXAM|PRAXISANLEITUNG,0.8,30.8,7392,7392,6653,8131,5,2,2,8,1,1,Pflegefachkraft,0,0.0,-1857,20,19,0,3,1,3366,1,,,,,,0,,0,,3,2,2,1,1346,1,3,2,2,1,1178,1,2,1,2,0,842,0,ST-IK1,Normalstation Innere Medizin / Kardiologie,30,Innere Medizin und Kardiologie,10.0,22.0,06:00,14:00,450,,13:30,21:30,450,F,21:15,06:15,495,F|S,11,10,8,10,30,45,8,38.5,30,0.1,0,2.0.0,20261133
PK-003,2026-12-06,plan,6,Sonntag,7,49,1,0,,Pflegefachkraft,Pflegefachkraft,EXAM,0.8,30.8,7392,7392,6653,8131,5,2,2,8,1,1,Pflegefachkraft,0,0.0,-1902,20,19,0,3,1,3366,0,URLAUB,,,,,0,,0,,3,2,2,1,1346,1,3,2,2,1,1178,1,2,1,2,0,842,0,ST-IK1,Normalstation Innere Medizin / Kardiologie,30,Innere Medizin und Kardiologie,10.0,22.0,06:00,14:00,450,,13:30,21:30,450,F,21:15,06:15,495,F|S,11,10,8,10,30,45,8,38.5,30,0.1,0,2.0.0,20261133
PK-004,2026-12-06,plan,6,Sonntag,7,49,1,0,,Pflegefachkraft,Pflegefachkraft,EXAM,1.0,38.5,9240,9240,8316,10164,5,2,2,8,1,1,Pflegefachkraft,0,0.0,-2625,20,19,0,3,1,3366,1,,,,,,0,,0,,3,2,2,1,1346,1,3,2,2,1,1178,1,2,1,2,0,842,0,ST-IK1,Normalstation Innere Medizin / Kardiologie,30,Innere Medizin und Kardiologie,10.0,22.0,06:00,14:00,450,,13:30,21:30,450,F,21:15,06:15,495,F|S,11,10,8,10,30,45,8,38.5,30,0.1,0,2.0.0,20261133
PK-005,2026-12-06,plan,6,Sonntag,7,49,1,0,,Pflegefachkraft,Pflegefachkraft,EXAM,1.0,38.5,9240,9240,8316,10164,5,2,2,8,1,1,Pflegefachkraft,0,0.0,-2625,20,19,0,3,1,3366,1,,,,,,0,,0,,3,2,2,1,1346,1,3,2,2,1,1178,1,2,1,2,0,842,0,ST-IK1,Normalstation Innere Medizin / Kardiologie,30,Innere Medizin und Kardiologie,10.0,22.0,06:00,14:00,450,,13:30,21:30,450,F,21:15,06:15,495,F|S,11,10,8,10,30,45,8,38.5,30,0.1,0,2.0.0,20261133
PK-006,2026-12-06,plan,6,Sonntag,7,49,1,0,,Pflegefachkraft,Pflegefachkraft,EXAM|PRAXISANLEITUNG|KARDIO_MONITORING,1.0,38.5,9240,9240,8316,10164,5,2,2,8,1,1,Pflegefachkraft,0,0.0,1104,20,19,0,3,1,3366,1,,,,,,0,,0,,3,2,2,1,1346,1,3,2,2,1,1178,1,2,1,2,0,842,0,ST-IK1,Normalstation Innere Medizin / Kardiologie,30,Innere Medizin und Kardiologie,10.0,22.0,06:00,14:00,450,,13:30,21:30,450,F,21:15,06:15,495,F|S,11,10,8,10,30,45,8,38.5,30,0.1,0,2.0.0,20261133
PK-007,2026-12-06,plan,6,Sonntag,7,49,1,0,,Pflegefachkraft,Pflegefachkraft,EXAM,0.75,28.88,6931,6931,6238,7624,5,2,2,8,1,1,Pflegefachkraft,0,0.0,-1800,20,19,0,3,1,3366,1,,,,,,0,,0,,3,2,2,1,1346,1,3,2,2,1,1178,1,2,1,2,0,842,0,ST-IK1,Normalstation Innere Medizin / Kardiologie,30,Innere Medizin und Kardiologie,10.0,22.0,06:00,14:00,450,,13:30,21:30,450,F,21:15,06:15,495,F|S,11,10,8,10,30,45,8,38.5,30,0.1,0,2.0.0,20261133
PK-008,2026-12-06,plan,6,Sonntag,7,49,1,0,,Pflegefachkraft,Pflegefachkraft,EXAM|PRAXISANLEITUNG,0.6,23.1,5544,5544,4990,6098,5,2,2,8,1,1,Pflegefachkraft,0,0.0,-1449,20,19,0,3,1,3366,1,,,,,,0,,0,,3,2,2,1,1346,1,3,2,2,1,1178,1,2,1,2,0,842,0,ST-IK1,Normalstation Innere Medizin / Kardiologie,30,Innere Medizin und Kardiologie,10.0,22.0,06:00,14:00,450,,13:30,21:30,450,F,21:15,06:15,495,F|S,11,10,8,10,30,45,8,38.5,30,0.1,0,2.0.0,20261133
PK-009,2026-12-06,plan,6,Sonntag,7,49,1,0,,Pflegefachkraft,Pflegefachkraft,EXAM|KARDIO_MONITORING,0.6,23.1,5544,5544,4990,6098,5,2,2,8,1,1,Pflegefachkraft,0,0.0,-1494,20,19,0,3,1,3366,1,,,,,,0,,0,,3,2,2,1,1346,1,3,2,2,1,1178,1,2,1,2,0,842,0,ST-IK1,Normalstation Innere Medizin / Kardiologie,30,Innere Medizin und Kardiologie,10.0,22.0,06:00,14:00,450,,13:30,21:30,450,F,21:15,06:15,495,F|S,11,10,8,10,30,45,8,38.5,30,0.1,0,2.0.0,20261133
PK-010,2026-12-06,plan,6,Sonntag,7,49,1,0,,Pflegefachkraft,Pflegefachkraft,EXAM|KARDIO_MONITORING,0.9,34.65,8316,8316,7484,9148,5,2,2,8,1,1,Pflegefachkraft,0,0.0,-1971,20,19,0,3,1,3366,1,,,,,,1,24,0,,3,2,2,1,1346,1,3,2,2,1,1178,1,2,1,2,0,842,0,ST-IK1,Normalstation Innere Medizin / Kardiologie,30,Innere Medizin und Kardiologie,10.0,22.0,06:00,14:00,450,,13:30,21:30,450,F,21:15,06:15,495,F|S,11,10,8,10,30,45,8,38.5,30,0.1,0,2.0.0,20261133
PK-011,2026-12-06,plan,6,Sonntag,7,49,1,0,,Pflegefachkraft,Pflegefachkraft,EXAM|PRAXISANLEITUNG,0.5,19.25,4620,4620,4158,5082,5,2,2,8,1,1,Pflegefachkraft,0,0.0,-885,20,19,0,3,1,3366,0,URLAUB,,,,,0,,0,,3,2,2,1,1346,1,3,2,2,1,1178,1,2,1,2,0,842,0,ST-IK1,Normalstation Innere Medizin / Kardiologie,30,Innere Medizin und Kardiologie,10.0,22.0,06:00,14:00,450,,13:30,21:30,450,F,21:15,06:15,495,F|S,11,10,8,10,30,45,8,38.5,30,0.1,0,2.0.0,20261133
PK-012,2026-12-06,plan,6,Sonntag,7,49,1,0,,Pflegefachkraft,Pflegefachkraft,EXAM|KARDIO_MONITORING,0.75,28.88,6931,6931,6238,7624,5,2,2,8,1,1,Pflegefachkraft,0,0.0,-1845,20,19,0,3,1,3366,1,,,,,,0,,0,,3,2,2,1,1346,1,3,2,2,1,1178,1,2,1,2,0,842,0,ST-IK1,Normalstation Innere Medizin / Kardiologie,30,Innere Medizin und Kardiologie,10.0,22.0,06:00,14:00,450,,13:30,21:30,450,F,21:15,06:15,495,F|S,11,10,8,10,30,45,8,38.5,30,0.1,0,2.0.0,20261133
PK-013,2026-12-06,plan,6,Sonntag,7,49,1,0,,Pflegefachkraft,Pflegefachkraft,EXAM,1.0,38.5,9240,9240,8316,10164,5,2,2,8,1,1,Pflegefachkraft,0,0.0,-2445,20,19,0,3,1,3366,1,,,,,,0,,0,,3,2,2,1,1346,1,3,2,2,1,1178,1,2,1,2,0,842,0,ST-IK1,Normalstation Innere Medizin / Kardiologie,30,Innere Medizin und Kardiologie,10.0,22.0,06:00,14:00,450,,13:30,21:30,450,F,21:15,06:15,495,F|S,11,10,8,10,30,45,8,38.5,30,0.1,0,2.0.0,20261133
PK-014,2026-12-06,plan,6,Sonntag,7,49,1,0,,Pflegefachkraft,Pflegefachkraft,EXAM|PRAXISANLEITUNG,0.75,28.88,6931,6931,6238,7624,5,2,2,8,1,1,Pflegefachkraft,0,0.0,-1440,20,19,0,3,1,3366,1,,,,,,0,,0,,3,2,2,1,1346,1,3,2,2,1,1178,1,2,1,2,0,842,0,ST-IK1,Normalstation Innere Medizin / Kardiologie,30,Innere Medizin und Kardiologie,10.0,22.0,06:00,14:00,450,,13:30,21:30,450,F,21:15,06:15,495,F|S,11,10,8,10,30,45,8,38.5,30,0.1,0,2.0.0,20261133
PK-015,2026-12-06,plan,6,Sonntag,7,49,1,0,,Pflegefachkraft,Pflegefachkraft,EXAM|KARDIO_MONITORING,0.8,30.8,7392,7392,6653,8131,5,2,2,8,1,1,Pflegefachkraft,0,0.0,-1992,20,19,0,3,1,3366,1,,,,,,0,,0,,3,2,2,1,1346,1,3,2,2,1,1178,1,2,1,2,0,842,0,ST-IK1,Normalstation Innere Medizin / Kardiologie,30,Innere Medizin und Kardiologie,10.0,22.0,06:00,14:00,450,,13:30,21:30,450,F,21:15,06:15,495,F|S,11,10,8,10,30,45,8,38.5,30,0.1,0,2.0.0,20261133
PK-016,2026-12-06,plan,6,Sonntag,7,49,1,0,,Pflegefachkraft,Pflegefachkraft,EXAM|KARDIO_MONITORING,0.7,26.95,6468,6468,5821,7115,5,2,2,8,1,1,Pflegefachkraft,0,0.0,566,20,19,0,3,1,3366,1,,,,,,0,,0,,3,2,2,1,1346,1,3,2,2,1,1178,1,2,1,2,0,842,0,ST-IK1,Normalstation Innere Medizin / Kardiologie,30,Innere Medizin und Kardiologie,10.0,22.0,06:00,14:00,450,,13:30,21:30,450,F,21:15,06:15,495,F|S,11,10,8,10,30,45,8,38.5,30,0.1,0,2.0.0,20261133
PK-017,2026-12-06,plan,6,Sonntag,7,49,1,0,,Pflegefachkraft,Pflegefachkraft,EXAM|PRAXISANLEITUNG|KARDIO_MONITORING,1.0,38.5,9240,9240,8316,10164,5,2,2,8,1,1,Pflegefachkraft,0,0.0,-2265,20,19,0,3,1,3366,1,,,,,,0,,0,,3,2,2,1,1346,1,3,2,2,1,1178,1,2,1,2,0,842,0,ST-IK1,Normalstation Innere Medizin / Kardiologie,30,Innere Medizin und Kardiologie,10.0,22.0,06:00,14:00,450,,13:30,21:30,450,F,21:15,06:15,495,F|S,11,10,8,10,30,45,8,38.5,30,0.1,0,2.0.0,20261133
PK-018,2026-12-06,plan,6,Sonntag,7,49,1,0,,Pflegefachkraft,Pflegefachkraft,EXAM,0.5,19.25,4620,4620,4158,5082,5,2,2,8,1,1,Pflegefachkraft,0,0.0,-885,20,19,0,3,1,3366,0,LANGZEITABWESENHEIT,,,,,0,,0,,3,2,2,1,1346,1,3,2,2,1,1178,1,2,1,2,0,842,0,ST-IK1,Normalstation Innere Medizin / Kardiologie,30,Innere Medizin und Kardiologie,10.0,22.0,06:00,14:00,450,,13:30,21:30,450,F,21:15,06:15,495,F|S,11,10,8,10,30,45,8,38.5,30,0.1,0,2.0.0,20261133
AZ-001,2026-12-07,plan,7,Montag,1,50,0,0,,Auszubildende_r_3_Ausbildungsjahr,Auszubildende,AUSZUBILDEND,1.0,38.5,9240,9240,8316,10164,5,2,2,8,1,0,nicht anrechenbar,0,0.0,-9240,22,22,4,4,1,4061,1,,,,,,0,,0,,4,3,3,1,1624,1,3,3,2,1,1421,1,2,1,2,0,1015,0,ST-IK1,Normalstation Innere Medizin / Kardiologie,30,Innere Medizin und Kardiologie,10.0,22.0,06:00,14:00,450,,13:30,21:30,450,F,21:15,06:15,495,F|S,11,10,8,10,30,45,8,38.5,30,0.1,0,2.0.0,20261133
AZ-002,2026-12-07,plan,7,Montag,1,50,0,0,,Auszubildende_r_2_Ausbildungsjahr,Auszubildende,AUSZUBILDEND,1.0,38.5,9240,9240,8316,10164,5,2,2,8,1,0,nicht anrechenbar,0,0.0,-9240,22,22,4,4,1,4061,1,,,,,,0,,0,,4,3,3,1,1624,1,3,3,2,1,1421,1,2,1,2,0,1015,0,ST-IK1,Normalstation Innere Medizin / Kardiologie,30,Innere Medizin und Kardiologie,10.0,22.0,06:00,14:00,450,,13:30,21:30,450,F,21:15,06:15,495,F|S,11,10,8,10,30,45,8,38.5,30,0.1,0,2.0.0,20261133
AZ-003,2026-12-07,plan,7,Montag,1,50,0,0,,Auszubildende_r_1_Ausbildungsjahr,Auszubildende,AUSZUBILDEND,1.0,38.5,9240,9240,8316,10164,5,2,2,0,0,0,nicht anrechenbar,0,0.0,-6006,22,22,4,4,1,4061,0,URLAUB,,,,,0,,0,,4,3,3,1,1624,1,3,3,2,1,1421,1,2,1,2,0,1015,0,ST-IK1,Normalstation Innere Medizin / Kardiologie,30,Innere Medizin und Kardiologie,10.0,22.0,06:00,14:00,450,,13:30,21:30,450,F,21:15,06:15,495,F|S,11,10,8,10,30,45,8,38.5,30,0.1,0,2.0.0,20261133
PH-001,2026-12-07,plan,7,Montag,1,50,0,0,,Pflegehilfskraft,Pflegehilfskraft,PFLEGEHILFE,0.75,28.88,6931,6931,6238,7624,5,2,2,0,0,1,Pflegehilfskraft,0,0.0,-1530,22,22,4,4,1,4061,1,,,,,,0,,0,,4,3,3,1,1624,1,3,3,2,1,1421,1,2,1,2,0,1015,0,ST-IK1,Normalstation Innere Medizin / Kardiologie,30,Innere Medizin und Kardiologie,10.0,22.0,06:00,14:00,450,,13:30,21:30,450,F,21:15,06:15,495,F|S,11,10,8,10,30,45,8,38.5,30,0.1,0,2.0.0,20261133
PH-002,2026-12-07,plan,7,Montag,1,50,0,0,,Pflegehilfskraft,Pflegehilfskraft,PFLEGEHILFE,0.5,19.25,4620,4620,4158,5082,5,2,2,0,0,1,Pflegehilfskraft,0,0.0,-1020,22,22,4,4,1,4061,1,,,,,,1,8,0,,4,3,3,1,1624,1,3,3,2,1,1421,1,2,1,2,0,1015,0,ST-IK1,Normalstation Innere Medizin / Kardiologie,30,Innere Medizin und Kardiologie,10.0,22.0,06:00,14:00,450,,13:30,21:30,450,F,21:15,06:15,495,F|S,11,10,8,10,30,45,8,38.5,30,0.1,0,2.0.0,20261133
PK-001,2026-12-07,plan,7,Montag,1,50,0,0,,Stationsleitung,Pflegefachkraft,EXAM|LEITUNG|PRAXISANLEITUNG,1.0,38.5,9240,4620,4158,5082,5,2,2,0,0,1,Pflegefachkraft,1,0.5,2130,22,22,4,4,1,4061,1,,,,,,0,,0,,4,3,3,1,1624,1,3,3,2,1,1421,1,2,1,2,0,1015,0,ST-IK1,Normalstation Innere Medizin / Kardiologie,30,Innere Medizin und Kardiologie,10.0,22.0,06:00,14:00,450,,13:30,21:30,450,F,21:15,06:15,495,F|S,11,10,8,10,30,45,8,38.5,30,0.1,0,2.0.0,20261133
PK-002,2026-12-07,plan,7,Montag,1,50,0,0,,Pflegefachkraft,Pflegefachkraft,EXAM|PRAXISANLEITUNG,0.8,30.8,7392,7392,6653,8131,5,2,2,8,1,1,Pflegefachkraft,0,0.0,-1857,22,22,4,4,1,4061,1,,,,,,0,,0,,4,3,3,1,1624,1,3,3,2,1,1421,1,2,1,2,0,1015,0,ST-IK1,Normalstation Innere Medizin / Kardiologie,30,Innere Medizin und Kardiologie,10.0,22.0,06:00,14:00,450,,13:30,21:30,450,F,21:15,06:15,495,F|S,11,10,8,10,30,45,8,38.5,30,0.1,0,2.0.0,20261133
PK-003,2026-12-07,plan,7,Montag,1,50,0,0,,Pflegefachkraft,Pflegefachkraft,EXAM,0.8,30.8,7392,7392,6653,8131,5,2,2,8,1,1,Pflegefachkraft,0,0.0,-1902,22,22,4,4,1,4061,0,URLAUB,,,,,0,,0,,4,3,3,1,1624,1,3,3,2,1,1421,1,2,1,2,0,1015,0,ST-IK1,Normalstation Innere Medizin / Kardiologie,30,Innere Medizin und Kardiologie,10.0,22.0,06:00,14:00,450,,13:30,21:30,450,F,21:15,06:15,495,F|S,11,10,8,10,30,45,8,38.5,30,0.1,0,2.0.0,20261133
PK-004,2026-12-07,plan,7,Montag,1,50,0,0,,Pflegefachkraft,Pflegefachkraft,EXAM,1.0,38.5,9240,9240,8316,10164,5,2,2,8,1,1,Pflegefachkraft,0,0.0,-2625,22,22,4,4,1,4061,1,,,F,2,,0,,0,,4,3,3,1,1624,1,3,3,2,1,1421,1,2,1,2,0,1015,0,ST-IK1,Normalstation Innere Medizin / Kardiologie,30,Innere Medizin und Kardiologie,10.0,22.0,06:00,14:00,450,,13:30,21:30,450,F,21:15,06:15,495,F|S,11,10,8,10,30,45,8,38.5,30,0.1,0,2.0.0,20261133
PK-005,2026-12-07,plan,7,Montag,1,50,0,0,,Pflegefachkraft,Pflegefachkraft,EXAM,1.0,38.5,9240,9240,8316,10164,5,2,2,8,1,1,Pflegefachkraft,0,0.0,-2625,22,22,4,4,1,4061,1,,,,,,0,,0,,4,3,3,1,1624,1,3,3,2,1,1421,1,2,1,2,0,1015,0,ST-IK1,Normalstation Innere Medizin / Kardiologie,30,Innere Medizin und Kardiologie,10.0,22.0,06:00,14:00,450,,13:30,21:30,450,F,21:15,06:15,495,F|S,11,10,8,10,30,45,8,38.5,30,0.1,0,2.0.0,20261133
PK-006,2026-12-07,plan,7,Montag,1,50,0,0,,Pflegefachkraft,Pflegefachkraft,EXAM|PRAXISANLEITUNG|KARDIO_MONITORING,1.0,38.5,9240,9240,8316,10164,5,2,2,8,1,1,Pflegefachkraft,0,0.0,1104,22,22,4,4,1,4061,1,,,,,,0,,0,,4,3,3,1,1624,1,3,3,2,1,1421,1,2,1,2,0,1015,0,ST-IK1,Normalstation Innere Medizin / Kardiologie,30,Innere Medizin und Kardiologie,10.0,22.0,06:00,14:00,450,,13:30,21:30,450,F,21:15,06:15,495,F|S,11,10,8,10,30,45,8,38.5,30,0.1,0,2.0.0,20261133
PK-007,2026-12-07,plan,7,Montag,1,50,0,0,,Pflegefachkraft,Pflegefachkraft,EXAM,0.75,28.88,6931,6931,6238,7624,5,2,2,8,1,1,Pflegefachkraft,0,0.0,-1800,22,22,4,4,1,4061,1,,,,,,0,,0,,4,3,3,1,1624,1,3,3,2,1,1421,1,2,1,2,0,1015,0,ST-IK1,Normalstation Innere Medizin / Kardiologie,30,Innere Medizin und Kardiologie,10.0,22.0,06:00,14:00,450,,13:30,21:30,450,F,21:15,06:15,495,F|S,11,10,8,10,30,45,8,38.5,30,0.1,0,2.0.0,20261133
PK-008,2026-12-07,plan,7,Montag,1,50,0,0,,Pflegefachkraft,Pflegefachkraft,EXAM|PRAXISANLEITUNG,0.6,23.1,5544,5544,4990,6098,5,2,2,8,1,1,Pflegefachkraft,0,0.0,-1449,22,22,4,4,1,4061,0,FORTBILDUNG,,,,,0,,0,,4,3,3,1,1624,1,3,3,2,1,1421,1,2,1,2,0,1015,0,ST-IK1,Normalstation Innere Medizin / Kardiologie,30,Innere Medizin und Kardiologie,10.0,22.0,06:00,14:00,450,,13:30,21:30,450,F,21:15,06:15,495,F|S,11,10,8,10,30,45,8,38.5,30,0.1,0,2.0.0,20261133
PK-009,2026-12-07,plan,7,Montag,1,50,0,0,,Pflegefachkraft,Pflegefachkraft,EXAM|KARDIO_MONITORING,0.6,23.1,5544,5544,4990,6098,5,2,2,8,1,1,Pflegefachkraft,0,0.0,-1494,22,22,4,4,1,4061,1,,,,,,0,,0,,4,3,3,1,1624,1,3,3,2,1,1421,1,2,1,2,0,1015,0,ST-IK1,Normalstation Innere Medizin / Kardiologie,30,Innere Medizin und Kardiologie,10.0,22.0,06:00,14:00,450,,13:30,21:30,450,F,21:15,06:15,495,F|S,11,10,8,10,30,45,8,38.5,30,0.1,0,2.0.0,20261133
PK-010,2026-12-07,plan,7,Montag,1,50,0,0,,Pflegefachkraft,Pflegefachkraft,EXAM|KARDIO_MONITORING,0.9,34.65,8316,8316,7484,9148,5,2,2,8,1,1,Pflegefachkraft,0,0.0,-1971,22,22,4,4,1,4061,1,,,,,,0,,0,,4,3,3,1,1624,1,3,3,2,1,1421,1,2,1,2,0,1015,0,ST-IK1,Normalstation Innere Medizin / Kardiologie,30,Innere Medizin und Kardiologie,10.0,22.0,06:00,14:00,450,,13:30,21:30,450,F,21:15,06:15,495,F|S,11,10,8,10,30,45,8,38.5,30,0.1,0,2.0.0,20261133
PK-011,2026-12-07,plan,7,Montag,1,50,0,0,,Pflegefachkraft,Pflegefachkraft,EXAM|PRAXISANLEITUNG,0.5,19.25,4620,4620,4158,5082,5,2,2,8,1,1,Pflegefachkraft,0,0.0,-885,22,22,4,4,1,4061,1,,,,,,0,,0,,4,3,3,1,1624,1,3,3,2,1,1421,1,2,1,2,0,1015,0,ST-IK1,Normalstation Innere Medizin / Kardiologie,30,Innere Medizin und Kardiologie,10.0,22.0,06:00,14:00,450,,13:30,21:30,450,F,21:15,06:15,495,F|S,11,10,8,10,30,45,8,38.5,30,0.1,0,2.0.0,20261133
PK-012,2026-12-07,plan,7,Montag,1,50,0,0,,Pflegefachkraft,Pflegefachkraft,EXAM|KARDIO_MONITORING,0.75,28.88,6931,6931,6238,7624,5,2,2,8,1,1,Pflegefachkraft,0,0.0,-1845,22,22,4,4,1,4061,1,,,,,,0,,0,,4,3,3,1,1624,1,3,3,2,1,1421,1,2,1,2,0,1015,0,ST-IK1,Normalstation Innere Medizin / Kardiologie,30,Innere Medizin und Kardiologie,10.0,22.0,06:00,14:00,450,,13:30,21:30,450,F,21:15,06:15,495,F|S,11,10,8,10,30,45,8,38.5,30,0.1,0,2.0.0,20261133
PK-013,2026-12-07,plan,7,Montag,1,50,0,0,,Pflegefachkraft,Pflegefachkraft,EXAM,1.0,38.5,9240,9240,8316,10164,5,2,2,8,1,1,Pflegefachkraft,0,0.0,-2445,22,22,4,4,1,4061,1,,,,,,0,,0,,4,3,3,1,1624,1,3,3,2,1,1421,1,2,1,2,0,1015,0,ST-IK1,Normalstation Innere Medizin / Kardiologie,30,Innere Medizin und Kardiologie,10.0,22.0,06:00,14:00,450,,13:30,21:30,450,F,21:15,06:15,495,F|S,11,10,8,10,30,45,8,38.5,30,0.1,0,2.0.0,20261133
PK-014,2026-12-07,plan,7,Montag,1,50,0,0,,Pflegefachkraft,Pflegefachkraft,EXAM|PRAXISANLEITUNG,0.75,28.88,6931,6931,6238,7624,5,2,2,8,1,1,Pflegefachkraft,0,0.0,-1440,22,22,4,4,1,4061,1,,,,,,0,,0,,4,3,3,1,1624,1,3,3,2,1,1421,1,2,1,2,0,1015,0,ST-IK1,Normalstation Innere Medizin / Kardiologie,30,Innere Medizin und Kardiologie,10.0,22.0,06:00,14:00,450,,13:30,21:30,450,F,21:15,06:15,495,F|S,11,10,8,10,30,45,8,38.5,30,0.1,0,2.0.0,20261133
PK-015,2026-12-07,plan,7,Montag,1,50,0,0,,Pflegefachkraft,Pflegefachkraft,EXAM|KARDIO_MONITORING,0.8,30.8,7392,7392,6653,8131,5,2,2,8,1,1,Pflegefachkraft,0,0.0,-1992,22,22,4,4,1,4061,1,,,,,,0,,0,,4,3,3,1,1624,1,3,3,2,1,1421,1,2,1,2,0,1015,0,ST-IK1,Normalstation Innere Medizin / Kardiologie,30,Innere Medizin und Kardiologie,10.0,22.0,06:00,14:00,450,,13:30,21:30,450,F,21:15,06:15,495,F|S,11,10,8,10,30,45,8,38.5,30,0.1,0,2.0.0,20261133
PK-016,2026-12-07,plan,7,Montag,1,50,0,0,,Pflegefachkraft,Pflegefachkraft,EXAM|KARDIO_MONITORING,0.7,26.95,6468,6468,5821,7115,5,2,2,8,1,1,Pflegefachkraft,0,0.0,566,22,22,4,4,1,4061,1,,,,,,0,,0,,4,3,3,1,1624,1,3,3,2,1,1421,1,2,1,2,0,1015,0,ST-IK1,Normalstation Innere Medizin / Kardiologie,30,Innere Medizin und Kardiologie,10.0,22.0,06:00,14:00,450,,13:30,21:30,450,F,21:15,06:15,495,F|S,11,10,8,10,30,45,8,38.5,30,0.1,0,2.0.0,20261133
PK-017,2026-12-07,plan,7,Montag,1,50,0,0,,Pflegefachkraft,Pflegefachkraft,EXAM|PRAXISANLEITUNG|KARDIO_MONITORING,1.0,38.5,9240,9240,8316,10164,5,2,2,8,1,1,Pflegefachkraft,0,0.0,-2265,22,22,4,4,1,4061,1,,,,,,0,,0,,4,3,3,1,1624,1,3,3,2,1,1421,1,2,1,2,0,1015,0,ST-IK1,Normalstation Innere Medizin / Kardiologie,30,Innere Medizin und Kardiologie,10.0,22.0,06:00,14:00,450,,13:30,21:30,450,F,21:15,06:15,495,F|S,11,10,8,10,30,45,8,38.5,30,0.1,0,2.0.0,20261133
PK-018,2026-12-07,plan,7,Montag,1,50,0,0,,Pflegefachkraft,Pflegefachkraft,EXAM,0.5,19.25,4620,4620,4158,5082,5,2,2,8,1,1,Pflegefachkraft,0,0.0,-885,22,22,4,4,1,4061,0,LANGZEITABWESENHEIT,,,,,0,,0,,4,3,3,1,1624,1,3,3,2,1,1421,1,2,1,2,0,1015,0,ST-IK1,Normalstation Innere Medizin / Kardiologie,30,Innere Medizin und Kardiologie,10.0,22.0,06:00,14:00,450,,13:30,21:30,450,F,21:15,06:15,495,F|S,11,10,8,10,30,45,8,38.5,30,0.1,0,2.0.0,20261133
AZ-001,2026-12-08,plan,8,Dienstag,2,50,0,0,,Auszubildende_r_3_Ausbildungsjahr,Auszubildende,AUSZUBILDEND,1.0,38.5,9240,9240,8316,10164,5,2,2,8,1,0,nicht anrechenbar,0,0.0,-9240,23,23,4,3,0,3690,1,,,,,,0,,0,,3,3,2,1,1476,1,3,3,2,1,1292,1,2,2,2,0,922,0,ST-IK1,Normalstation Innere Medizin / Kardiologie,30,Innere Medizin und Kardiologie,10.0,22.0,06:00,14:00,450,,13:30,21:30,450,F,21:15,06:15,495,F|S,11,10,8,10,30,45,8,38.5,30,0.1,0,2.0.0,20261133
AZ-002,2026-12-08,plan,8,Dienstag,2,50,0,0,,Auszubildende_r_2_Ausbildungsjahr,Auszubildende,AUSZUBILDEND,1.0,38.5,9240,9240,8316,10164,5,2,2,8,1,0,nicht anrechenbar,0,0.0,-9240,23,23,4,3,0,3690,1,,,,,,0,,0,,3,3,2,1,1476,1,3,3,2,1,1292,1,2,2,2,0,922,0,ST-IK1,Normalstation Innere Medizin / Kardiologie,30,Innere Medizin und Kardiologie,10.0,22.0,06:00,14:00,450,,13:30,21:30,450,F,21:15,06:15,495,F|S,11,10,8,10,30,45,8,38.5,30,0.1,0,2.0.0,20261133
AZ-003,2026-12-08,plan,8,Dienstag,2,50,0,0,,Auszubildende_r_1_Ausbildungsjahr,Auszubildende,AUSZUBILDEND,1.0,38.5,9240,9240,8316,10164,5,2,2,0,0,0,nicht anrechenbar,0,0.0,-6006,23,23,4,3,0,3690,0,URLAUB,,,,,0,,0,,3,3,2,1,1476,1,3,3,2,1,1292,1,2,2,2,0,922,0,ST-IK1,Normalstation Innere Medizin / Kardiologie,30,Innere Medizin und Kardiologie,10.0,22.0,06:00,14:00,450,,13:30,21:30,450,F,21:15,06:15,495,F|S,11,10,8,10,30,45,8,38.5,30,0.1,0,2.0.0,20261133
PH-001,2026-12-08,plan,8,Dienstag,2,50,0,0,,Pflegehilfskraft,Pflegehilfskraft,PFLEGEHILFE,0.75,28.88,6931,6931,6238,7624,5,2,2,0,0,1,Pflegehilfskraft,0,0.0,-1530,23,23,4,3,0,3690,1,,,,,,0,,0,,3,3,2,1,1476,1,3,3,2,1,1292,1,2,2,2,0,922,0,ST-IK1,Normalstation Innere Medizin / Kardiologie,30,Innere Medizin und Kardiologie,10.0,22.0,06:00,14:00,450,,13:30,21:30,450,F,21:15,06:15,495,F|S,11,10,8,10,30,45,8,38.5,30,0.1,0,2.0.0,20261133
PH-002,2026-12-08,plan,8,Dienstag,2,50,0,0,,Pflegehilfskraft,Pflegehilfskraft,PFLEGEHILFE,0.5,19.25,4620,4620,4158,5082,5,2,2,0,0,1,Pflegehilfskraft,0,0.0,-1020,23,23,4,3,0,3690,1,,,,,,0,,0,,3,3,2,1,1476,1,3,3,2,1,1292,1,2,2,2,0,922,0,ST-IK1,Normalstation Innere Medizin / Kardiologie,30,Innere Medizin und Kardiologie,10.0,22.0,06:00,14:00,450,,13:30,21:30,450,F,21:15,06:15,495,F|S,11,10,8,10,30,45,8,38.5,30,0.1,0,2.0.0,20261133
PK-001,2026-12-08,plan,8,Dienstag,2,50,0,0,,Stationsleitung,Pflegefachkraft,EXAM|LEITUNG|PRAXISANLEITUNG,1.0,38.5,9240,4620,4158,5082,5,2,2,0,0,1,Pflegefachkraft,1,0.5,2130,23,23,4,3,0,3690,1,,,,,,0,,0,,3,3,2,1,1476,1,3,3,2,1,1292,1,2,2,2,0,922,0,ST-IK1,Normalstation Innere Medizin / Kardiologie,30,Innere Medizin und Kardiologie,10.0,22.0,06:00,14:00,450,,13:30,21:30,450,F,21:15,06:15,495,F|S,11,10,8,10,30,45,8,38.5,30,0.1,0,2.0.0,20261133
PK-002,2026-12-08,plan,8,Dienstag,2,50,0,0,,Pflegefachkraft,Pflegefachkraft,EXAM|PRAXISANLEITUNG,0.8,30.8,7392,7392,6653,8131,5,2,2,8,1,1,Pflegefachkraft,0,0.0,-1857,23,23,4,3,0,3690,1,,3,,,,0,,0,,3,3,2,1,1476,1,3,3,2,1,1292,1,2,2,2,0,922,0,ST-IK1,Normalstation Innere Medizin / Kardiologie,30,Innere Medizin und Kardiologie,10.0,22.0,06:00,14:00,450,,13:30,21:30,450,F,21:15,06:15,495,F|S,11,10,8,10,30,45,8,38.5,30,0.1,0,2.0.0,20261133
PK-003,2026-12-08,plan,8,Dienstag,2,50,0,0,,Pflegefachkraft,Pflegefachkraft,EXAM,0.8,30.8,7392,7392,6653,8131,5,2,2,8,1,1,Pflegefachkraft,0,0.0,-1902,23,23,4,3,0,3690,0,URLAUB,,,,,0,,0,,3,3,2,1,1476,1,3,3,2,1,1292,1,2,2,2,0,922,0,ST-IK1,Normalstation Innere Medizin / Kardiologie,30,Innere Medizin und Kardiologie,10.0,22.0,06:00,14:00,450,,13:30,21:30,450,F,21:15,06:15,495,F|S,11,10,8,10,30,45,8,38.5,30,0.1,0,2.0.0,20261133
PK-004,2026-12-08,plan,8,Dienstag,2,50,0,0,,Pflegefachkraft,Pflegefachkraft,EXAM,1.0,38.5,9240,9240,8316,10164,5,2,2,8,1,1,Pflegefachkraft,0,0.0,-2625,23,23,4,3,0,3690,1,,,,,,0,,0,,3,3,2,1,1476,1,3,3,2,1,1292,1,2,2,2,0,922,0,ST-IK1,Normalstation Innere Medizin / Kardiologie,30,Innere Medizin und Kardiologie,10.0,22.0,06:00,14:00,450,,13:30,21:30,450,F,21:15,06:15,495,F|S,11,10,8,10,30,45,8,38.5,30,0.1,0,2.0.0,20261133
PK-005,2026-12-08,plan,8,Dienstag,2,50,0,0,,Pflegefachkraft,Pflegefachkraft,EXAM,1.0,38.5,9240,9240,8316,10164,5,2,2,8,1,1,Pflegefachkraft,0,0.0,-2625,23,23,4,3,0,3690,1,,,,,,0,,0,,3,3,2,1,1476,1,3,3,2,1,1292,1,2,2,2,0,922,0,ST-IK1,Normalstation Innere Medizin / Kardiologie,30,Innere Medizin und Kardiologie,10.0,22.0,06:00,14:00,450,,13:30,21:30,450,F,21:15,06:15,495,F|S,11,10,8,10,30,45,8,38.5,30,0.1,0,2.0.0,20261133
PK-006,2026-12-08,plan,8,Dienstag,2,50,0,0,,Pflegefachkraft,Pflegefachkraft,EXAM|PRAXISANLEITUNG|KARDIO_MONITORING,1.0,38.5,9240,9240,8316,10164,5,2,2,8,1,1,Pflegefachkraft,0,0.0,1104,23,23,4,3,0,3690,1,,,,,,0,,0,,3,3,2,1,1476,1,3,3,2,1,1292,1,2,2,2,0,922,0,ST-IK1,Normalstation Innere Medizin / Kardiologie,30,Innere Medizin und Kardiologie,10.0,22.0,06:00,14:00,450,,13:30,21:30,450,F,21:15,06:15,495,F|S,11,10,8,10,30,45,8,38.5,30,0.1,0,2.0.0,20261133
PK-007,2026-12-08,plan,8,Dienstag,2,50,0,0,,Pflegefachkraft,Pflegefachkraft,EXAM,0.75,28.88,6931,6931,6238,7624,5,2,2,8,1,1,Pflegefachkraft,0,0.0,-1800,23,23,4,3,0,3690,1,,,,,,0,,0,,3,3,2,1,1476,1,3,3,2,1,1292,1,2,2,2,0,922,0,ST-IK1,Normalstation Innere Medizin / Kardiologie,30,Innere Medizin und Kardiologie,10.0,22.0,06:00,14:00,450,,13:30,21:30,450,F,21:15,06:15,495,F|S,11,10,8,10,30,45,8,38.5,30,0.1,0,2.0.0,20261133
PK-008,2026-12-08,plan,8,Dienstag,2,50,0,0,,Pflegefachkraft,Pflegefachkraft,EXAM|PRAXISANLEITUNG,0.6,23.1,5544,5544,4990,6098,5,2,2,8,1,1,Pflegefachkraft,0,0.0,-1449,23,23,4,3,0,3690,1,,,,,,0,,0,,3,3,2,1,1476,1,3,3,2,1,1292,1,2,2,2,0,922,0,ST-IK1,Normalstation Innere Medizin / Kardiologie,30,Innere Medizin und Kardiologie,10.0,22.0,06:00,14:00,450,,13:30,21:30,450,F,21:15,06:15,495,F|S,11,10,8,10,30,45,8,38.5,30,0.1,0,2.0.0,20261133
PK-009,2026-12-08,plan,8,Dienstag,2,50,0,0,,Pflegefachkraft,Pflegefachkraft,EXAM|KARDIO_MONITORING,0.6,23.1,5544,5544,4990,6098,5,2,2,8,1,1,Pflegefachkraft,0,0.0,-1494,23,23,4,3,0,3690,1,,,,,,0,,0,,3,3,2,1,1476,1,3,3,2,1,1292,1,2,2,2,0,922,0,ST-IK1,Normalstation Innere Medizin / Kardiologie,30,Innere Medizin und Kardiologie,10.0,22.0,06:00,14:00,450,,13:30,21:30,450,F,21:15,06:15,495,F|S,11,10,8,10,30,45,8,38.5,30,0.1,0,2.0.0,20261133
PK-010,2026-12-08,plan,8,Dienstag,2,50,0,0,,Pflegefachkraft,Pflegefachkraft,EXAM|KARDIO_MONITORING,0.9,34.65,8316,8316,7484,9148,5,2,2,8,1,1,Pflegefachkraft,0,0.0,-1971,23,23,4,3,0,3690,1,,,,,,0,,0,,3,3,2,1,1476,1,3,3,2,1,1292,1,2,2,2,0,922,0,ST-IK1,Normalstation Innere Medizin / Kardiologie,30,Innere Medizin und Kardiologie,10.0,22.0,06:00,14:00,450,,13:30,21:30,450,F,21:15,06:15,495,F|S,11,10,8,10,30,45,8,38.5,30,0.1,0,2.0.0,20261133
PK-011,2026-12-08,plan,8,Dienstag,2,50,0,0,,Pflegefachkraft,Pflegefachkraft,EXAM|PRAXISANLEITUNG,0.5,19.25,4620,4620,4158,5082,5,2,2,8,1,1,Pflegefachkraft,0,0.0,-885,23,23,4,3,0,3690,1,,,,,,0,,0,,3,3,2,1,1476,1,3,3,2,1,1292,1,2,2,2,0,922,0,ST-IK1,Normalstation Innere Medizin / Kardiologie,30,Innere Medizin und Kardiologie,10.0,22.0,06:00,14:00,450,,13:30,21:30,450,F,21:15,06:15,495,F|S,11,10,8,10,30,45,8,38.5,30,0.1,0,2.0.0,20261133
PK-012,2026-12-08,plan,8,Dienstag,2,50,0,0,,Pflegefachkraft,Pflegefachkraft,EXAM|KARDIO_MONITORING,0.75,28.88,6931,6931,6238,7624,5,2,2,8,1,1,Pflegefachkraft,0,0.0,-1845,23,23,4,3,0,3690,1,,,,,,0,,0,,3,3,2,1,1476,1,3,3,2,1,1292,1,2,2,2,0,922,0,ST-IK1,Normalstation Innere Medizin / Kardiologie,30,Innere Medizin und Kardiologie,10.0,22.0,06:00,14:00,450,,13:30,21:30,450,F,21:15,06:15,495,F|S,11,10,8,10,30,45,8,38.5,30,0.1,0,2.0.0,20261133
PK-013,2026-12-08,plan,8,Dienstag,2,50,0,0,,Pflegefachkraft,Pflegefachkraft,EXAM,1.0,38.5,9240,9240,8316,10164,5,2,2,8,1,1,Pflegefachkraft,0,0.0,-2445,23,23,4,3,0,3690,1,,,,,,0,,0,,3,3,2,1,1476,1,3,3,2,1,1292,1,2,2,2,0,922,0,ST-IK1,Normalstation Innere Medizin / Kardiologie,30,Innere Medizin und Kardiologie,10.0,22.0,06:00,14:00,450,,13:30,21:30,450,F,21:15,06:15,495,F|S,11,10,8,10,30,45,8,38.5,30,0.1,0,2.0.0,20261133
PK-014,2026-12-08,plan,8,Dienstag,2,50,0,0,,Pflegefachkraft,Pflegefachkraft,EXAM|PRAXISANLEITUNG,0.75,28.88,6931,6931,6238,7624,5,2,2,8,1,1,Pflegefachkraft,0,0.0,-1440,23,23,4,3,0,3690,1,,,,,,0,,0,,3,3,2,1,1476,1,3,3,2,1,1292,1,2,2,2,0,922,0,ST-IK1,Normalstation Innere Medizin / Kardiologie,30,Innere Medizin und Kardiologie,10.0,22.0,06:00,14:00,450,,13:30,21:30,450,F,21:15,06:15,495,F|S,11,10,8,10,30,45,8,38.5,30,0.1,0,2.0.0,20261133
PK-015,2026-12-08,plan,8,Dienstag,2,50,0,0,,Pflegefachkraft,Pflegefachkraft,EXAM|KARDIO_MONITORING,0.8,30.8,7392,7392,6653,8131,5,2,2,8,1,1,Pflegefachkraft,0,0.0,-1992,23,23,4,3,0,3690,1,,,,,,0,,0,,3,3,2,1,1476,1,3,3,2,1,1292,1,2,2,2,0,922,0,ST-IK1,Normalstation Innere Medizin / Kardiologie,30,Innere Medizin und Kardiologie,10.0,22.0,06:00,14:00,450,,13:30,21:30,450,F,21:15,06:15,495,F|S,11,10,8,10,30,45,8,38.5,30,0.1,0,2.0.0,20261133
PK-016,2026-12-08,plan,8,Dienstag,2,50,0,0,,Pflegefachkraft,Pflegefachkraft,EXAM|KARDIO_MONITORING,0.7,26.95,6468,6468,5821,7115,5,2,2,8,1,1,Pflegefachkraft,0,0.0,566,23,23,4,3,0,3690,1,,3,,,,0,,0,,3,3,2,1,1476,1,3,3,2,1,1292,1,2,2,2,0,922,0,ST-IK1,Normalstation Innere Medizin / Kardiologie,30,Innere Medizin und Kardiologie,10.0,22.0,06:00,14:00,450,,13:30,21:30,450,F,21:15,06:15,495,F|S,11,10,8,10,30,45,8,38.5,30,0.1,0,2.0.0,20261133
PK-017,2026-12-08,plan,8,Dienstag,2,50,0,0,,Pflegefachkraft,Pflegefachkraft,EXAM|PRAXISANLEITUNG|KARDIO_MONITORING,1.0,38.5,9240,9240,8316,10164,5,2,2,8,1,1,Pflegefachkraft,0,0.0,-2265,23,23,4,3,0,3690,1,,,,,,0,,0,,3,3,2,1,1476,1,3,3,2,1,1292,1,2,2,2,0,922,0,ST-IK1,Normalstation Innere Medizin / Kardiologie,30,Innere Medizin und Kardiologie,10.0,22.0,06:00,14:00,450,,13:30,21:30,450,F,21:15,06:15,495,F|S,11,10,8,10,30,45,8,38.5,30,0.1,0,2.0.0,20261133
PK-018,2026-12-08,plan,8,Dienstag,2,50,0,0,,Pflegefachkraft,Pflegefachkraft,EXAM,0.5,19.25,4620,4620,4158,5082,5,2,2,8,1,1,Pflegefachkraft,0,0.0,-885,23,23,4,3,0,3690,0,LANGZEITABWESENHEIT,,,,,0,,0,,3,3,2,1,1476,1,3,3,2,1,1292,1,2,2,2,0,922,0,ST-IK1,Normalstation Innere Medizin / Kardiologie,30,Innere Medizin und Kardiologie,10.0,22.0,06:00,14:00,450,,13:30,21:30,450,F,21:15,06:15,495,F|S,11,10,8,10,30,45,8,38.5,30,0.1,0,2.0.0,20261133
AZ-001,2026-12-09,plan,9,Mittwoch,3,50,0,0,,Auszubildende_r_3_Ausbildungsjahr,Auszubildende,AUSZUBILDEND,1.0,38.5,9240,9240,8316,10164,5,2,2,8,1,0,nicht anrechenbar,0,0.0,-9240,23,22,6,1,2,4625,1,,,,,,0,,0,,4,3,3,1,1850,1,4,3,3,1,1619,1,2,1,2,0,1156,0,ST-IK1,Normalstation Innere Medizin / Kardiologie,30,Innere Medizin und Kardiologie,10.0,22.0,06:00,14:00,450,,13:30,21:30,450,F,21:15,06:15,495,F|S,11,10,8,10,30,45,8,38.5,30,0.1,0,2.0.0,20261133
AZ-002,2026-12-09,plan,9,Mittwoch,3,50,0,0,,Auszubildende_r_2_Ausbildungsjahr,Auszubildende,AUSZUBILDEND,1.0,38.5,9240,9240,8316,10164,5,2,2,8,1,0,nicht anrechenbar,0,0.0,-9240,23,22,6,1,2,4625,1,,,,,,0,,0,,4,3,3,1,1850,1,4,3,3,1,1619,1,2,1,2,0,1156,0,ST-IK1,Normalstation Innere Medizin / Kardiologie,30,Innere Medizin und Kardiologie,10.0,22.0,06:00,14:00,450,,13:30,21:30,450,F,21:15,06:15,495,F|S,11,10,8,10,30,45,8,38.5,30,0.1,0,2.0.0,20261133
AZ-003,2026-12-09,plan,9,Mittwoch,3,50,0,0,,Auszubildende_r_1_Ausbildungsjahr,Auszubildende,AUSZUBILDEND,1.0,38.5,9240,9240,8316,10164,5,2,2,0,0,0,nicht anrechenbar,0,0.0,-6006,23,22,6,1,2,4625,0,URLAUB,,,,,0,,0,,4,3,3,1,1850,1,4,3,3,1,1619,1,2,1,2,0,1156,0,ST-IK1,Normalstation Innere Medizin / Kardiologie,30,Innere Medizin und Kardiologie,10.0,22.0,06:00,14:00,450,,13:30,21:30,450,F,21:15,06:15,495,F|S,11,10,8,10,30,45,8,38.5,30,0.1,0,2.0.0,20261133
PH-001,2026-12-09,plan,9,Mittwoch,3,50,0,0,,Pflegehilfskraft,Pflegehilfskraft,PFLEGEHILFE,0.75,28.88,6931,6931,6238,7624,5,2,2,0,0,1,Pflegehilfskraft,0,0.0,-1530,23,22,6,1,2,4625,1,,,,,,0,,0,,4,3,3,1,1850,1,4,3,3,1,1619,1,2,1,2,0,1156,0,ST-IK1,Normalstation Innere Medizin / Kardiologie,30,Innere Medizin und Kardiologie,10.0,22.0,06:00,14:00,450,,13:30,21:30,450,F,21:15,06:15,495,F|S,11,10,8,10,30,45,8,38.5,30,0.1,0,2.0.0,20261133
PH-002,2026-12-09,plan,9,Mittwoch,3,50,0,0,,Pflegehilfskraft,Pflegehilfskraft,PFLEGEHILFE,0.5,19.25,4620,4620,4158,5082,5,2,2,0,0,1,Pflegehilfskraft,0,0.0,-1020,23,22,6,1,2,4625,1,,,,,,0,,0,,4,3,3,1,1850,1,4,3,3,1,1619,1,2,1,2,0,1156,0,ST-IK1,Normalstation Innere Medizin / Kardiologie,30,Innere Medizin und Kardiologie,10.0,22.0,06:00,14:00,450,,13:30,21:30,450,F,21:15,06:15,495,F|S,11,10,8,10,30,45,8,38.5,30,0.1,0,2.0.0,20261133
PK-001,2026-12-09,plan,9,Mittwoch,3,50,0,0,,Stationsleitung,Pflegefachkraft,EXAM|LEITUNG|PRAXISANLEITUNG,1.0,38.5,9240,4620,4158,5082,5,2,2,0,0,1,Pflegefachkraft,1,0.5,2130,23,22,6,1,2,4625,1,,,,,,0,,0,,4,3,3,1,1850,1,4,3,3,1,1619,1,2,1,2,0,1156,0,ST-IK1,Normalstation Innere Medizin / Kardiologie,30,Innere Medizin und Kardiologie,10.0,22.0,06:00,14:00,450,,13:30,21:30,450,F,21:15,06:15,495,F|S,11,10,8,10,30,45,8,38.5,30,0.1,0,2.0.0,20261133
PK-002,2026-12-09,plan,9,Mittwoch,3,50,0,0,,Pflegefachkraft,Pflegefachkraft,EXAM|PRAXISANLEITUNG,0.8,30.8,7392,7392,6653,8131,5,2,2,8,1,1,Pflegefachkraft,0,0.0,-1857,23,22,6,1,2,4625,1,,,,,,0,,0,,4,3,3,1,1850,1,4,3,3,1,1619,1,2,1,2,0,1156,0,ST-IK1,Normalstation Innere Medizin / Kardiologie,30,Innere Medizin und Kardiologie,10.0,22.0,06:00,14:00,450,,13:30,21:30,450,F,21:15,06:15,495,F|S,11,10,8,10,30,45,8,38.5,30,0.1,0,2.0.0,20261133
PK-003,2026-12-09,plan,9,Mittwoch,3,50,0,0,,Pflegefachkraft,Pflegefachkraft,EXAM,0.8,30.8,7392,7392,6653,8131,5,2,2,8,1,1,Pflegefachkraft,0,0.0,-1902,23,22,6,1,2,4625,0,URLAUB,,,,,0,,0,,4,3,3,1,1850,1,4,3,3,1,1619,1,2,1,2,0,1156,0,ST-IK1,Normalstation Innere Medizin / Kardiologie,30,Innere Medizin und Kardiologie,10.0,22.0,06:00,14:00,450,,13:30,21:30,450,F,21:15,06:15,495,F|S,11,10,8,10,30,45,8,38.5,30,0.1,0,2.0.0,20261133
PK-004,2026-12-09,plan,9,Mittwoch,3,50,0,0,,Pflegefachkraft,Pflegefachkraft,EXAM,1.0,38.5,9240,9240,8316,10164,5,2,2,8,1,1,Pflegefachkraft,0,0.0,-2625,23,22,6,1,2,4625,1,,,,,,0,,0,,4,3,3,1,1850,1,4,3,3,1,1619,1,2,1,2,0,1156,0,ST-IK1,Normalstation Innere Medizin / Kardiologie,30,Innere Medizin und Kardiologie,10.0,22.0,06:00,14:00,450,,13:30,21:30,450,F,21:15,06:15,495,F|S,11,10,8,10,30,45,8,38.5,30,0.1,0,2.0.0,20261133
PK-005,2026-12-09,plan,9,Mittwoch,3,50,0,0,,Pflegefachkraft,Pflegefachkraft,EXAM,1.0,38.5,9240,9240,8316,10164,5,2,2,8,1,1,Pflegefachkraft,0,0.0,-2625,23,22,6,1,2,4625,1,,,,,,0,,0,,4,3,3,1,1850,1,4,3,3,1,1619,1,2,1,2,0,1156,0,ST-IK1,Normalstation Innere Medizin / Kardiologie,30,Innere Medizin und Kardiologie,10.0,22.0,06:00,14:00,450,,13:30,21:30,450,F,21:15,06:15,495,F|S,11,10,8,10,30,45,8,38.5,30,0.1,0,2.0.0,20261133
PK-006,2026-12-09,plan,9,Mittwoch,3,50,0,0,,Pflegefachkraft,Pflegefachkraft,EXAM|PRAXISANLEITUNG|KARDIO_MONITORING,1.0,38.5,9240,9240,8316,10164,5,2,2,8,1,1,Pflegefachkraft,0,0.0,1104,23,22,6,1,2,4625,1,,,,,,0,,0,,4,3,3,1,1850,1,4,3,3,1,1619,1,2,1,2,0,1156,0,ST-IK1,Normalstation Innere Medizin / Kardiologie,30,Innere Medizin und Kardiologie,10.0,22.0,06:00,14:00,450,,13:30,21:30,450,F,21:15,06:15,495,F|S,11,10,8,10,30,45,8,38.5,30,0.1,0,2.0.0,20261133
PK-007,2026-12-09,plan,9,Mittwoch,3,50,0,0,,Pflegefachkraft,Pflegefachkraft,EXAM,0.75,28.88,6931,6931,6238,7624,5,2,2,8,1,1,Pflegefachkraft,0,0.0,-1800,23,22,6,1,2,4625,1,,,,,,0,,0,,4,3,3,1,1850,1,4,3,3,1,1619,1,2,1,2,0,1156,0,ST-IK1,Normalstation Innere Medizin / Kardiologie,30,Innere Medizin und Kardiologie,10.0,22.0,06:00,14:00,450,,13:30,21:30,450,F,21:15,06:15,495,F|S,11,10,8,10,30,45,8,38.5,30,0.1,0,2.0.0,20261133
PK-008,2026-12-09,plan,9,Mittwoch,3,50,0,0,,Pflegefachkraft,Pflegefachkraft,EXAM|PRAXISANLEITUNG,0.6,23.1,5544,5544,4990,6098,5,2,2,8,1,1,Pflegefachkraft,0,0.0,-1449,23,22,6,1,2,4625,1,,,,,,0,,0,,4,3,3,1,1850,1,4,3,3,1,1619,1,2,1,2,0,1156,0,ST-IK1,Normalstation Innere Medizin / Kardiologie,30,Innere Medizin und Kardiologie,10.0,22.0,06:00,14:00,450,,13:30,21:30,450,F,21:15,06:15,495,F|S,11,10,8,10,30,45,8,38.5,30,0.1,0,2.0.0,20261133
PK-009,2026-12-09,plan,9,Mittwoch,3,50,0,0,,Pflegefachkraft,Pflegefachkraft,EXAM|KARDIO_MONITORING,0.6,23.1,5544,5544,4990,6098,5,2,2,8,1,1,Pflegefachkraft,0,0.0,-1494,23,22,6,1,2,4625,1,,,,,,0,,0,,4,3,3,1,1850,1,4,3,3,1,1619,1,2,1,2,0,1156,0,ST-IK1,Normalstation Innere Medizin / Kardiologie,30,Innere Medizin und Kardiologie,10.0,22.0,06:00,14:00,450,,13:30,21:30,450,F,21:15,06:15,495,F|S,11,10,8,10,30,45,8,38.5,30,0.1,0,2.0.0,20261133
PK-010,2026-12-09,plan,9,Mittwoch,3,50,0,0,,Pflegefachkraft,Pflegefachkraft,EXAM|KARDIO_MONITORING,0.9,34.65,8316,8316,7484,9148,5,2,2,8,1,1,Pflegefachkraft,0,0.0,-1971,23,22,6,1,2,4625,1,,,,,,1,4,0,,4,3,3,1,1850,1,4,3,3,1,1619,1,2,1,2,0,1156,0,ST-IK1,Normalstation Innere Medizin / Kardiologie,30,Innere Medizin und Kardiologie,10.0,22.0,06:00,14:00,450,,13:30,21:30,450,F,21:15,06:15,495,F|S,11,10,8,10,30,45,8,38.5,30,0.1,0,2.0.0,20261133
PK-011,2026-12-09,plan,9,Mittwoch,3,50,0,0,,Pflegefachkraft,Pflegefachkraft,EXAM|PRAXISANLEITUNG,0.5,19.25,4620,4620,4158,5082,5,2,2,8,1,1,Pflegefachkraft,0,0.0,-885,23,22,6,1,2,4625,1,,,,,,0,,0,,4,3,3,1,1850,1,4,3,3,1,1619,1,2,1,2,0,1156,0,ST-IK1,Normalstation Innere Medizin / Kardiologie,30,Innere Medizin und Kardiologie,10.0,22.0,06:00,14:00,450,,13:30,21:30,450,F,21:15,06:15,495,F|S,11,10,8,10,30,45,8,38.5,30,0.1,0,2.0.0,20261133
PK-012,2026-12-09,plan,9,Mittwoch,3,50,0,0,,Pflegefachkraft,Pflegefachkraft,EXAM|KARDIO_MONITORING,0.75,28.88,6931,6931,6238,7624,5,2,2,8,1,1,Pflegefachkraft,0,0.0,-1845,23,22,6,1,2,4625,1,,,,,,1,8,0,,4,3,3,1,1850,1,4,3,3,1,1619,1,2,1,2,0,1156,0,ST-IK1,Normalstation Innere Medizin / Kardiologie,30,Innere Medizin und Kardiologie,10.0,22.0,06:00,14:00,450,,13:30,21:30,450,F,21:15,06:15,495,F|S,11,10,8,10,30,45,8,38.5,30,0.1,0,2.0.0,20261133
PK-013,2026-12-09,plan,9,Mittwoch,3,50,0,0,,Pflegefachkraft,Pflegefachkraft,EXAM,1.0,38.5,9240,9240,8316,10164,5,2,2,8,1,1,Pflegefachkraft,0,0.0,-2445,23,22,6,1,2,4625,1,,,,,,1,4,0,,4,3,3,1,1850,1,4,3,3,1,1619,1,2,1,2,0,1156,0,ST-IK1,Normalstation Innere Medizin / Kardiologie,30,Innere Medizin und Kardiologie,10.0,22.0,06:00,14:00,450,,13:30,21:30,450,F,21:15,06:15,495,F|S,11,10,8,10,30,45,8,38.5,30,0.1,0,2.0.0,20261133
PK-014,2026-12-09,plan,9,Mittwoch,3,50,0,0,,Pflegefachkraft,Pflegefachkraft,EXAM|PRAXISANLEITUNG,0.75,28.88,6931,6931,6238,7624,5,2,2,8,1,1,Pflegefachkraft,0,0.0,-1440,23,22,6,1,2,4625,1,,,,,,0,,0,,4,3,3,1,1850,1,4,3,3,1,1619,1,2,1,2,0,1156,0,ST-IK1,Normalstation Innere Medizin / Kardiologie,30,Innere Medizin und Kardiologie,10.0,22.0,06:00,14:00,450,,13:30,21:30,450,F,21:15,06:15,495,F|S,11,10,8,10,30,45,8,38.5,30,0.1,0,2.0.0,20261133
PK-015,2026-12-09,plan,9,Mittwoch,3,50,0,0,,Pflegefachkraft,Pflegefachkraft,EXAM|KARDIO_MONITORING,0.8,30.8,7392,7392,6653,8131,5,2,2,8,1,1,Pflegefachkraft,0,0.0,-1992,23,22,6,1,2,4625,1,,,,,,0,,0,,4,3,3,1,1850,1,4,3,3,1,1619,1,2,1,2,0,1156,0,ST-IK1,Normalstation Innere Medizin / Kardiologie,30,Innere Medizin und Kardiologie,10.0,22.0,06:00,14:00,450,,13:30,21:30,450,F,21:15,06:15,495,F|S,11,10,8,10,30,45,8,38.5,30,0.1,0,2.0.0,20261133
PK-016,2026-12-09,plan,9,Mittwoch,3,50,0,0,,Pflegefachkraft,Pflegefachkraft,EXAM|KARDIO_MONITORING,0.7,26.95,6468,6468,5821,7115,5,2,2,8,1,1,Pflegefachkraft,0,0.0,566,23,22,6,1,2,4625,1,,,,,,0,,0,,4,3,3,1,1850,1,4,3,3,1,1619,1,2,1,2,0,1156,0,ST-IK1,Normalstation Innere Medizin / Kardiologie,30,Innere Medizin und Kardiologie,10.0,22.0,06:00,14:00,450,,13:30,21:30,450,F,21:15,06:15,495,F|S,11,10,8,10,30,45,8,38.5,30,0.1,0,2.0.0,20261133
PK-017,2026-12-09,plan,9,Mittwoch,3,50,0,0,,Pflegefachkraft,Pflegefachkraft,EXAM|PRAXISANLEITUNG|KARDIO_MONITORING,1.0,38.5,9240,9240,8316,10164,5,2,2,8,1,1,Pflegefachkraft,0,0.0,-2265,23,22,6,1,2,4625,1,,,,,,0,,0,,4,3,3,1,1850,1,4,3,3,1,1619,1,2,1,2,0,1156,0,ST-IK1,Normalstation Innere Medizin / Kardiologie,30,Innere Medizin und Kardiologie,10.0,22.0,06:00,14:00,450,,13:30,21:30,450,F,21:15,06:15,495,F|S,11,10,8,10,30,45,8,38.5,30,0.1,0,2.0.0,20261133
PK-018,2026-12-09,plan,9,Mittwoch,3,50,0,0,,Pflegefachkraft,Pflegefachkraft,EXAM,0.5,19.25,4620,4620,4158,5082,5,2,2,8,1,1,Pflegefachkraft,0,0.0,-885,23,22,6,1,2,4625,0,LANGZEITABWESENHEIT,,,,,0,,0,,4,3,3,1,1850,1,4,3,3,1,1619,1,2,1,2,0,1156,0,ST-IK1,Normalstation Innere Medizin / Kardiologie,30,Innere Medizin und Kardiologie,10.0,22.0,06:00,14:00,450,,13:30,21:30,450,F,21:15,06:15,495,F|S,11,10,8,10,30,45,8,38.5,30,0.1,0,2.0.0,20261133
AZ-001,2026-12-10,plan,10,Donnerstag,4,50,0,0,,Auszubildende_r_3_Ausbildungsjahr,Auszubildende,AUSZUBILDEND,1.0,38.5,9240,9240,8316,10164,5,2,2,8,1,0,nicht anrechenbar,0,0.0,-9240,21,20,5,3,3,4483,1,,,,,,0,,0,,4,3,3,1,1793,1,3,3,2,1,1569,1,2,1,2,0,1121,0,ST-IK1,Normalstation Innere Medizin / Kardiologie,30,Innere Medizin und Kardiologie,10.0,22.0,06:00,14:00,450,,13:30,21:30,450,F,21:15,06:15,495,F|S,11,10,8,10,30,45,8,38.5,30,0.1,0,2.0.0,20261133
AZ-002,2026-12-10,plan,10,Donnerstag,4,50,0,0,,Auszubildende_r_2_Ausbildungsjahr,Auszubildende,AUSZUBILDEND,1.0,38.5,9240,9240,8316,10164,5,2,2,8,1,0,nicht anrechenbar,0,0.0,-9240,21,20,5,3,3,4483,1,,,,,,0,,0,,4,3,3,1,1793,1,3,3,2,1,1569,1,2,1,2,0,1121,0,ST-IK1,Normalstation Innere Medizin / Kardiologie,30,Innere Medizin und Kardiologie,10.0,22.0,06:00,14:00,450,,13:30,21:30,450,F,21:15,06:15,495,F|S,11,10,8,10,30,45,8,38.5,30,0.1,0,2.0.0,20261133
AZ-003,2026-12-10,plan,10,Donnerstag,4,50,0,0,,Auszubildende_r_1_Ausbildungsjahr,Auszubildende,AUSZUBILDEND,1.0,38.5,9240,9240,8316,10164,5,2,2,0,0,0,nicht anrechenbar,0,0.0,-6006,21,20,5,3,3,4483,0,URLAUB,,,,,0,,0,,4,3,3,1,1793,1,3,3,2,1,1569,1,2,1,2,0,1121,0,ST-IK1,Normalstation Innere Medizin / Kardiologie,30,Innere Medizin und Kardiologie,10.0,22.0,06:00,14:00,450,,13:30,21:30,450,F,21:15,06:15,495,F|S,11,10,8,10,30,45,8,38.5,30,0.1,0,2.0.0,20261133
PH-001,2026-12-10,plan,10,Donnerstag,4,50,0,0,,Pflegehilfskraft,Pflegehilfskraft,PFLEGEHILFE,0.75,28.88,6931,6931,6238,7624,5,2,2,0,0,1,Pflegehilfskraft,0,0.0,-1530,21,20,5,3,3,4483,1,,,,,,0,,0,,4,3,3,1,1793,1,3,3,2,1,1569,1,2,1,2,0,1121,0,ST-IK1,Normalstation Innere Medizin / Kardiologie,30,Innere Medizin und Kardiologie,10.0,22.0,06:00,14:00,450,,13:30,21:30,450,F,21:15,06:15,495,F|S,11,10,8,10,30,45,8,38.5,30,0.1,0,2.0.0,20261133
PH-002,2026-12-10,plan,10,Donnerstag,4,50,0,0,,Pflegehilfskraft,Pflegehilfskraft,PFLEGEHILFE,0.5,19.25,4620,4620,4158,5082,5,2,2,0,0,1,Pflegehilfskraft,0,0.0,-1020,21,20,5,3,3,4483,1,,,,,,0,,0,,4,3,3,1,1793,1,3,3,2,1,1569,1,2,1,2,0,1121,0,ST-IK1,Normalstation Innere Medizin / Kardiologie,30,Innere Medizin und Kardiologie,10.0,22.0,06:00,14:00,450,,13:30,21:30,450,F,21:15,06:15,495,F|S,11,10,8,10,30,45,8,38.5,30,0.1,0,2.0.0,20261133
PK-001,2026-12-10,plan,10,Donnerstag,4,50,0,0,,Stationsleitung,Pflegefachkraft,EXAM|LEITUNG|PRAXISANLEITUNG,1.0,38.5,9240,4620,4158,5082,5,2,2,0,0,1,Pflegefachkraft,1,0.5,2130,21,20,5,3,3,4483,1,,,,,,0,,0,,4,3,3,1,1793,1,3,3,2,1,1569,1,2,1,2,0,1121,0,ST-IK1,Normalstation Innere Medizin / Kardiologie,30,Innere Medizin und Kardiologie,10.0,22.0,06:00,14:00,450,,13:30,21:30,450,F,21:15,06:15,495,F|S,11,10,8,10,30,45,8,38.5,30,0.1,0,2.0.0,20261133
PK-002,2026-12-10,plan,10,Donnerstag,4,50,0,0,,Pflegefachkraft,Pflegefachkraft,EXAM|PRAXISANLEITUNG,0.8,30.8,7392,7392,6653,8131,5,2,2,8,1,1,Pflegefachkraft,0,0.0,-1857,21,20,5,3,3,4483,1,,,,,,0,,0,,4,3,3,1,1793,1,3,3,2,1,1569,1,2,1,2,0,1121,0,ST-IK1,Normalstation Innere Medizin / Kardiologie,30,Innere Medizin und Kardiologie,10.0,22.0,06:00,14:00,450,,13:30,21:30,450,F,21:15,06:15,495,F|S,11,10,8,10,30,45,8,38.5,30,0.1,0,2.0.0,20261133
PK-003,2026-12-10,plan,10,Donnerstag,4,50,0,0,,Pflegefachkraft,Pflegefachkraft,EXAM,0.8,30.8,7392,7392,6653,8131,5,2,2,8,1,1,Pflegefachkraft,0,0.0,-1902,21,20,5,3,3,4483,1,,,,,,0,,0,,4,3,3,1,1793,1,3,3,2,1,1569,1,2,1,2,0,1121,0,ST-IK1,Normalstation Innere Medizin / Kardiologie,30,Innere Medizin und Kardiologie,10.0,22.0,06:00,14:00,450,,13:30,21:30,450,F,21:15,06:15,495,F|S,11,10,8,10,30,45,8,38.5,30,0.1,0,2.0.0,20261133
PK-004,2026-12-10,plan,10,Donnerstag,4,50,0,0,,Pflegefachkraft,Pflegefachkraft,EXAM,1.0,38.5,9240,9240,8316,10164,5,2,2,8,1,1,Pflegefachkraft,0,0.0,-2625,21,20,5,3,3,4483,1,,,,,,0,,0,,4,3,3,1,1793,1,3,3,2,1,1569,1,2,1,2,0,1121,0,ST-IK1,Normalstation Innere Medizin / Kardiologie,30,Innere Medizin und Kardiologie,10.0,22.0,06:00,14:00,450,,13:30,21:30,450,F,21:15,06:15,495,F|S,11,10,8,10,30,45,8,38.5,30,0.1,0,2.0.0,20261133
PK-005,2026-12-10,plan,10,Donnerstag,4,50,0,0,,Pflegefachkraft,Pflegefachkraft,EXAM,1.0,38.5,9240,9240,8316,10164,5,2,2,8,1,1,Pflegefachkraft,0,0.0,-2625,21,20,5,3,3,4483,1,,,,,,0,,0,,4,3,3,1,1793,1,3,3,2,1,1569,1,2,1,2,0,1121,0,ST-IK1,Normalstation Innere Medizin / Kardiologie,30,Innere Medizin und Kardiologie,10.0,22.0,06:00,14:00,450,,13:30,21:30,450,F,21:15,06:15,495,F|S,11,10,8,10,30,45,8,38.5,30,0.1,0,2.0.0,20261133
PK-006,2026-12-10,plan,10,Donnerstag,4,50,0,0,,Pflegefachkraft,Pflegefachkraft,EXAM|PRAXISANLEITUNG|KARDIO_MONITORING,1.0,38.5,9240,9240,8316,10164,5,2,2,8,1,1,Pflegefachkraft,0,0.0,1104,21,20,5,3,3,4483,1,,,,,,0,,0,,4,3,3,1,1793,1,3,3,2,1,1569,1,2,1,2,0,1121,0,ST-IK1,Normalstation Innere Medizin / Kardiologie,30,Innere Medizin und Kardiologie,10.0,22.0,06:00,14:00,450,,13:30,21:30,450,F,21:15,06:15,495,F|S,11,10,8,10,30,45,8,38.5,30,0.1,0,2.0.0,20261133
PK-007,2026-12-10,plan,10,Donnerstag,4,50,0,0,,Pflegefachkraft,Pflegefachkraft,EXAM,0.75,28.88,6931,6931,6238,7624,5,2,2,8,1,1,Pflegefachkraft,0,0.0,-1800,21,20,5,3,3,4483,1,,,,,,0,,0,,4,3,3,1,1793,1,3,3,2,1,1569,1,2,1,2,0,1121,0,ST-IK1,Normalstation Innere Medizin / Kardiologie,30,Innere Medizin und Kardiologie,10.0,22.0,06:00,14:00,450,,13:30,21:30,450,F,21:15,06:15,495,F|S,11,10,8,10,30,45,8,38.5,30,0.1,0,2.0.0,20261133
PK-008,2026-12-10,plan,10,Donnerstag,4,50,0,0,,Pflegefachkraft,Pflegefachkraft,EXAM|PRAXISANLEITUNG,0.6,23.1,5544,5544,4990,6098,5,2,2,8,1,1,Pflegefachkraft,0,0.0,-1449,21,20,5,3,3,4483,1,,,,,,0,,0,,4,3,3,1,1793,1,3,3,2,1,1569,1,2,1,2,0,1121,0,ST-IK1,Normalstation Innere Medizin / Kardiologie,30,Innere Medizin und Kardiologie,10.0,22.0,06:00,14:00,450,,13:30,21:30,450,F,21:15,06:15,495,F|S,11,10,8,10,30,45,8,38.5,30,0.1,0,2.0.0,20261133
PK-009,2026-12-10,plan,10,Donnerstag,4,50,0,0,,Pflegefachkraft,Pflegefachkraft,EXAM|KARDIO_MONITORING,0.6,23.1,5544,5544,4990,6098,5,2,2,8,1,1,Pflegefachkraft,0,0.0,-1494,21,20,5,3,3,4483,1,,,,,,0,,0,,4,3,3,1,1793,1,3,3,2,1,1569,1,2,1,2,0,1121,0,ST-IK1,Normalstation Innere Medizin / Kardiologie,30,Innere Medizin und Kardiologie,10.0,22.0,06:00,14:00,450,,13:30,21:30,450,F,21:15,06:15,495,F|S,11,10,8,10,30,45,8,38.5,30,0.1,0,2.0.0,20261133
PK-010,2026-12-10,plan,10,Donnerstag,4,50,0,0,,Pflegefachkraft,Pflegefachkraft,EXAM|KARDIO_MONITORING,0.9,34.65,8316,8316,7484,9148,5,2,2,8,1,1,Pflegefachkraft,0,0.0,-1971,21,20,5,3,3,4483,1,,,,,,0,,0,,4,3,3,1,1793,1,3,3,2,1,1569,1,2,1,2,0,1121,0,ST-IK1,Normalstation Innere Medizin / Kardiologie,30,Innere Medizin und Kardiologie,10.0,22.0,06:00,14:00,450,,13:30,21:30,450,F,21:15,06:15,495,F|S,11,10,8,10,30,45,8,38.5,30,0.1,0,2.0.0,20261133
PK-011,2026-12-10,plan,10,Donnerstag,4,50,0,0,,Pflegefachkraft,Pflegefachkraft,EXAM|PRAXISANLEITUNG,0.5,19.25,4620,4620,4158,5082,5,2,2,8,1,1,Pflegefachkraft,0,0.0,-885,21,20,5,3,3,4483,1,,,,,,0,,0,,4,3,3,1,1793,1,3,3,2,1,1569,1,2,1,2,0,1121,0,ST-IK1,Normalstation Innere Medizin / Kardiologie,30,Innere Medizin und Kardiologie,10.0,22.0,06:00,14:00,450,,13:30,21:30,450,F,21:15,06:15,495,F|S,11,10,8,10,30,45,8,38.5,30,0.1,0,2.0.0,20261133
PK-012,2026-12-10,plan,10,Donnerstag,4,50,0,0,,Pflegefachkraft,Pflegefachkraft,EXAM|KARDIO_MONITORING,0.75,28.88,6931,6931,6238,7624,5,2,2,8,1,1,Pflegefachkraft,0,0.0,-1845,21,20,5,3,3,4483,1,,,,,,0,,0,,4,3,3,1,1793,1,3,3,2,1,1569,1,2,1,2,0,1121,0,ST-IK1,Normalstation Innere Medizin / Kardiologie,30,Innere Medizin und Kardiologie,10.0,22.0,06:00,14:00,450,,13:30,21:30,450,F,21:15,06:15,495,F|S,11,10,8,10,30,45,8,38.5,30,0.1,0,2.0.0,20261133
PK-013,2026-12-10,plan,10,Donnerstag,4,50,0,0,,Pflegefachkraft,Pflegefachkraft,EXAM,1.0,38.5,9240,9240,8316,10164,5,2,2,8,1,1,Pflegefachkraft,0,0.0,-2445,21,20,5,3,3,4483,1,,,,,,0,,0,,4,3,3,1,1793,1,3,3,2,1,1569,1,2,1,2,0,1121,0,ST-IK1,Normalstation Innere Medizin / Kardiologie,30,Innere Medizin und Kardiologie,10.0,22.0,06:00,14:00,450,,13:30,21:30,450,F,21:15,06:15,495,F|S,11,10,8,10,30,45,8,38.5,30,0.1,0,2.0.0,20261133
PK-014,2026-12-10,plan,10,Donnerstag,4,50,0,0,,Pflegefachkraft,Pflegefachkraft,EXAM|PRAXISANLEITUNG,0.75,28.88,6931,6931,6238,7624,5,2,2,8,1,1,Pflegefachkraft,0,0.0,-1440,21,20,5,3,3,4483,1,,,,,,0,,0,,4,3,3,1,1793,1,3,3,2,1,1569,1,2,1,2,0,1121,0,ST-IK1,Normalstation Innere Medizin / Kardiologie,30,Innere Medizin und Kardiologie,10.0,22.0,06:00,14:00,450,,13:30,21:30,450,F,21:15,06:15,495,F|S,11,10,8,10,30,45,8,38.5,30,0.1,0,2.0.0,20261133
PK-015,2026-12-10,plan,10,Donnerstag,4,50,0,0,,Pflegefachkraft,Pflegefachkraft,EXAM|KARDIO_MONITORING,0.8,30.8,7392,7392,6653,8131,5,2,2,8,1,1,Pflegefachkraft,0,0.0,-1992,21,20,5,3,3,4483,1,,,,,,0,,0,,4,3,3,1,1793,1,3,3,2,1,1569,1,2,1,2,0,1121,0,ST-IK1,Normalstation Innere Medizin / Kardiologie,30,Innere Medizin und Kardiologie,10.0,22.0,06:00,14:00,450,,13:30,21:30,450,F,21:15,06:15,495,F|S,11,10,8,10,30,45,8,38.5,30,0.1,0,2.0.0,20261133
PK-016,2026-12-10,plan,10,Donnerstag,4,50,0,0,,Pflegefachkraft,Pflegefachkraft,EXAM|KARDIO_MONITORING,0.7,26.95,6468,6468,5821,7115,5,2,2,8,1,1,Pflegefachkraft,0,0.0,566,21,20,5,3,3,4483,1,,,,,,0,,0,,4,3,3,1,1793,1,3,3,2,1,1569,1,2,1,2,0,1121,0,ST-IK1,Normalstation Innere Medizin / Kardiologie,30,Innere Medizin und Kardiologie,10.0,22.0,06:00,14:00,450,,13:30,21:30,450,F,21:15,06:15,495,F|S,11,10,8,10,30,45,8,38.5,30,0.1,0,2.0.0,20261133
PK-017,2026-12-10,plan,10,Donnerstag,4,50,0,0,,Pflegefachkraft,Pflegefachkraft,EXAM|PRAXISANLEITUNG|KARDIO_MONITORING,1.0,38.5,9240,9240,8316,10164,5,2,2,8,1,1,Pflegefachkraft,0,0.0,-2265,21,20,5,3,3,4483,1,,1,,,,0,,0,,4,3,3,1,1793,1,3,3,2,1,1569,1,2,1,2,0,1121,0,ST-IK1,Normalstation Innere Medizin / Kardiologie,30,Innere Medizin und Kardiologie,10.0,22.0,06:00,14:00,450,,13:30,21:30,450,F,21:15,06:15,495,F|S,11,10,8,10,30,45,8,38.5,30,0.1,0,2.0.0,20261133
PK-018,2026-12-10,plan,10,Donnerstag,4,50,0,0,,Pflegefachkraft,Pflegefachkraft,EXAM,0.5,19.25,4620,4620,4158,5082,5,2,2,8,1,1,Pflegefachkraft,0,0.0,-885,21,20,5,3,3,4483,0,LANGZEITABWESENHEIT,,,,,0,,0,,4,3,3,1,1793,1,3,3,2,1,1569,1,2,1,2,0,1121,0,ST-IK1,Normalstation Innere Medizin / Kardiologie,30,Innere Medizin und Kardiologie,10.0,22.0,06:00,14:00,450,,13:30,21:30,450,F,21:15,06:15,495,F|S,11,10,8,10,30,45,8,38.5,30,0.1,0,2.0.0,20261133
AZ-001,2026-12-11,plan,11,Freitag,5,50,0,0,,Auszubildende_r_3_Ausbildungsjahr,Auszubildende,AUSZUBILDEND,1.0,38.5,9240,9240,8316,10164,5,2,2,8,1,0,nicht anrechenbar,0,0.0,-9240,21,19,2,1,1,3584,1,,,,,,0,,0,,3,3,2,1,1434,1,3,3,2,1,1254,1,2,1,2,0,896,0,ST-IK1,Normalstation Innere Medizin / Kardiologie,30,Innere Medizin und Kardiologie,10.0,22.0,06:00,14:00,450,,13:30,21:30,450,F,21:15,06:15,495,F|S,11,10,8,10,30,45,8,38.5,30,0.1,0,2.0.0,20261133
AZ-002,2026-12-11,plan,11,Freitag,5,50,0,0,,Auszubildende_r_2_Ausbildungsjahr,Auszubildende,AUSZUBILDEND,1.0,38.5,9240,9240,8316,10164,5,2,2,8,1,0,nicht anrechenbar,0,0.0,-9240,21,19,2,1,1,3584,1,,,,,,0,,0,,3,3,2,1,1434,1,3,3,2,1,1254,1,2,1,2,0,896,0,ST-IK1,Normalstation Innere Medizin / Kardiologie,30,Innere Medizin und Kardiologie,10.0,22.0,06:00,14:00,450,,13:30,21:30,450,F,21:15,06:15,495,F|S,11,10,8,10,30,45,8,38.5,30,0.1,0,2.0.0,20261133
AZ-003,2026-12-11,plan,11,Freitag,5,50,0,0,,Auszubildende_r_1_Ausbildungsjahr,Auszubildende,AUSZUBILDEND,1.0,38.5,9240,9240,8316,10164,5,2,2,0,0,0,nicht anrechenbar,0,0.0,-6006,21,19,2,1,1,3584,0,URLAUB,,,,,0,,0,,3,3,2,1,1434,1,3,3,2,1,1254,1,2,1,2,0,896,0,ST-IK1,Normalstation Innere Medizin / Kardiologie,30,Innere Medizin und Kardiologie,10.0,22.0,06:00,14:00,450,,13:30,21:30,450,F,21:15,06:15,495,F|S,11,10,8,10,30,45,8,38.5,30,0.1,0,2.0.0,20261133
PH-001,2026-12-11,plan,11,Freitag,5,50,0,0,,Pflegehilfskraft,Pflegehilfskraft,PFLEGEHILFE,0.75,28.88,6931,6931,6238,7624,5,2,2,0,0,1,Pflegehilfskraft,0,0.0,-1530,21,19,2,1,1,3584,1,,,,,,0,,0,,3,3,2,1,1434,1,3,3,2,1,1254,1,2,1,2,0,896,0,ST-IK1,Normalstation Innere Medizin / Kardiologie,30,Innere Medizin und Kardiologie,10.0,22.0,06:00,14:00,450,,13:30,21:30,450,F,21:15,06:15,495,F|S,11,10,8,10,30,45,8,38.5,30,0.1,0,2.0.0,20261133
PH-002,2026-12-11,plan,11,Freitag,5,50,0,0,,Pflegehilfskraft,Pflegehilfskraft,PFLEGEHILFE,0.5,19.25,4620,4620,4158,5082,5,2,2,0,0,1,Pflegehilfskraft,0,0.0,-1020,21,19,2,1,1,3584,1,,,,,,0,,0,,3,3,2,1,1434,1,3,3,2,1,1254,1,2,1,2,0,896,0,ST-IK1,Normalstation Innere Medizin / Kardiologie,30,Innere Medizin und Kardiologie,10.0,22.0,06:00,14:00,450,,13:30,21:30,450,F,21:15,06:15,495,F|S,11,10,8,10,30,45,8,38.5,30,0.1,0,2.0.0,20261133
PK-001,2026-12-11,plan,11,Freitag,5,50,0,0,,Stationsleitung,Pflegefachkraft,EXAM|LEITUNG|PRAXISANLEITUNG,1.0,38.5,9240,4620,4158,5082,5,2,2,0,0,1,Pflegefachkraft,1,0.5,2130,21,19,2,1,1,3584,1,,,,,,0,,0,,3,3,2,1,1434,1,3,3,2,1,1254,1,2,1,2,0,896,0,ST-IK1,Normalstation Innere Medizin / Kardiologie,30,Innere Medizin und Kardiologie,10.0,22.0,06:00,14:00,450,,13:30,21:30,450,F,21:15,06:15,495,F|S,11,10,8,10,30,45,8,38.5,30,0.1,0,2.0.0,20261133
PK-002,2026-12-11,plan,11,Freitag,5,50,0,0,,Pflegefachkraft,Pflegefachkraft,EXAM|PRAXISANLEITUNG,0.8,30.8,7392,7392,6653,8131,5,2,2,8,1,1,Pflegefachkraft,0,0.0,-1857,21,19,2,1,1,3584,1,,,,,,0,,0,,3,3,2,1,1434,1,3,3,2,1,1254,1,2,1,2,0,896,0,ST-IK1,Normalstation Innere Medizin / Kardiologie,30,Innere Medizin und Kardiologie,10.0,22.0,06:00,14:00,450,,13:30,21:30,450,F,21:15,06:15,495,F|S,11,10,8,10,30,45,8,38.5,30,0.1,0,2.0.0,20261133
PK-003,2026-12-11,plan,11,Freitag,5,50,0,0,,Pflegefachkraft,Pflegefachkraft,EXAM,0.8,30.8,7392,7392,6653,8131,5,2,2,8,1,1,Pflegefachkraft,0,0.0,-1902,21,19,2,1,1,3584,0,FORTBILDUNG,,,,,0,,0,,3,3,2,1,1434,1,3,3,2,1,1254,1,2,1,2,0,896,0,ST-IK1,Normalstation Innere Medizin / Kardiologie,30,Innere Medizin und Kardiologie,10.0,22.0,06:00,14:00,450,,13:30,21:30,450,F,21:15,06:15,495,F|S,11,10,8,10,30,45,8,38.5,30,0.1,0,2.0.0,20261133
PK-004,2026-12-11,plan,11,Freitag,5,50,0,0,,Pflegefachkraft,Pflegefachkraft,EXAM,1.0,38.5,9240,9240,8316,10164,5,2,2,8,1,1,Pflegefachkraft,0,0.0,-2625,21,19,2,1,1,3584,1,,,,,,0,,0,,3,3,2,1,1434,1,3,3,2,1,1254,1,2,1,2,0,896,0,ST-IK1,Normalstation Innere Medizin / Kardiologie,30,Innere Medizin und Kardiologie,10.0,22.0,06:00,14:00,450,,13:30,21:30,450,F,21:15,06:15,495,F|S,11,10,8,10,30,45,8,38.5,30,0.1,0,2.0.0,20261133
PK-005,2026-12-11,plan,11,Freitag,5,50,0,0,,Pflegefachkraft,Pflegefachkraft,EXAM,1.0,38.5,9240,9240,8316,10164,5,2,2,8,1,1,Pflegefachkraft,0,0.0,-2625,21,19,2,1,1,3584,1,,,,,,0,,0,,3,3,2,1,1434,1,3,3,2,1,1254,1,2,1,2,0,896,0,ST-IK1,Normalstation Innere Medizin / Kardiologie,30,Innere Medizin und Kardiologie,10.0,22.0,06:00,14:00,450,,13:30,21:30,450,F,21:15,06:15,495,F|S,11,10,8,10,30,45,8,38.5,30,0.1,0,2.0.0,20261133
PK-006,2026-12-11,plan,11,Freitag,5,50,0,0,,Pflegefachkraft,Pflegefachkraft,EXAM|PRAXISANLEITUNG|KARDIO_MONITORING,1.0,38.5,9240,9240,8316,10164,5,2,2,8,1,1,Pflegefachkraft,0,0.0,1104,21,19,2,1,1,3584,1,,,,,,0,,0,,3,3,2,1,1434,1,3,3,2,1,1254,1,2,1,2,0,896,0,ST-IK1,Normalstation Innere Medizin / Kardiologie,30,Innere Medizin und Kardiologie,10.0,22.0,06:00,14:00,450,,13:30,21:30,450,F,21:15,06:15,495,F|S,11,10,8,10,30,45,8,38.5,30,0.1,0,2.0.0,20261133
PK-007,2026-12-11,plan,11,Freitag,5,50,0,0,,Pflegefachkraft,Pflegefachkraft,EXAM,0.75,28.88,6931,6931,6238,7624,5,2,2,8,1,1,Pflegefachkraft,0,0.0,-1800,21,19,2,1,1,3584,1,,,,,,0,,0,,3,3,2,1,1434,1,3,3,2,1,1254,1,2,1,2,0,896,0,ST-IK1,Normalstation Innere Medizin / Kardiologie,30,Innere Medizin und Kardiologie,10.0,22.0,06:00,14:00,450,,13:30,21:30,450,F,21:15,06:15,495,F|S,11,10,8,10,30,45,8,38.5,30,0.1,0,2.0.0,20261133
PK-008,2026-12-11,plan,11,Freitag,5,50,0,0,,Pflegefachkraft,Pflegefachkraft,EXAM|PRAXISANLEITUNG,0.6,23.1,5544,5544,4990,6098,5,2,2,8,1,1,Pflegefachkraft,0,0.0,-1449,21,19,2,1,1,3584,1,,,,,,0,,0,,3,3,2,1,1434,1,3,3,2,1,1254,1,2,1,2,0,896,0,ST-IK1,Normalstation Innere Medizin / Kardiologie,30,Innere Medizin und Kardiologie,10.0,22.0,06:00,14:00,450,,13:30,21:30,450,F,21:15,06:15,495,F|S,11,10,8,10,30,45,8,38.5,30,0.1,0,2.0.0,20261133
PK-009,2026-12-11,plan,11,Freitag,5,50,0,0,,Pflegefachkraft,Pflegefachkraft,EXAM|KARDIO_MONITORING,0.6,23.1,5544,5544,4990,6098,5,2,2,8,1,1,Pflegefachkraft,0,0.0,-1494,21,19,2,1,1,3584,1,,,N,2,,0,,0,,3,3,2,1,1434,1,3,3,2,1,1254,1,2,1,2,0,896,0,ST-IK1,Normalstation Innere Medizin / Kardiologie,30,Innere Medizin und Kardiologie,10.0,22.0,06:00,14:00,450,,13:30,21:30,450,F,21:15,06:15,495,F|S,11,10,8,10,30,45,8,38.5,30,0.1,0,2.0.0,20261133
PK-010,2026-12-11,plan,11,Freitag,5,50,0,0,,Pflegefachkraft,Pflegefachkraft,EXAM|KARDIO_MONITORING,0.9,34.65,8316,8316,7484,9148,5,2,2,8,1,1,Pflegefachkraft,0,0.0,-1971,21,19,2,1,1,3584,1,,,,,,0,,0,,3,3,2,1,1434,1,3,3,2,1,1254,1,2,1,2,0,896,0,ST-IK1,Normalstation Innere Medizin / Kardiologie,30,Innere Medizin und Kardiologie,10.0,22.0,06:00,14:00,450,,13:30,21:30,450,F,21:15,06:15,495,F|S,11,10,8,10,30,45,8,38.5,30,0.1,0,2.0.0,20261133
PK-011,2026-12-11,plan,11,Freitag,5,50,0,0,,Pflegefachkraft,Pflegefachkraft,EXAM|PRAXISANLEITUNG,0.5,19.25,4620,4620,4158,5082,5,2,2,8,1,1,Pflegefachkraft,0,0.0,-885,21,19,2,1,1,3584,1,,,,,,0,,0,,3,3,2,1,1434,1,3,3,2,1,1254,1,2,1,2,0,896,0,ST-IK1,Normalstation Innere Medizin / Kardiologie,30,Innere Medizin und Kardiologie,10.0,22.0,06:00,14:00,450,,13:30,21:30,450,F,21:15,06:15,495,F|S,11,10,8,10,30,45,8,38.5,30,0.1,0,2.0.0,20261133
PK-012,2026-12-11,plan,11,Freitag,5,50,0,0,,Pflegefachkraft,Pflegefachkraft,EXAM|KARDIO_MONITORING,0.75,28.88,6931,6931,6238,7624,5,2,2,8,1,1,Pflegefachkraft,0,0.0,-1845,21,19,2,1,1,3584,1,,,,,,0,,0,,3,3,2,1,1434,1,3,3,2,1,1254,1,2,1,2,0,896,0,ST-IK1,Normalstation Innere Medizin / Kardiologie,30,Innere Medizin und Kardiologie,10.0,22.0,06:00,14:00,450,,13:30,21:30,450,F,21:15,06:15,495,F|S,11,10,8,10,30,45,8,38.5,30,0.1,0,2.0.0,20261133
PK-013,2026-12-11,plan,11,Freitag,5,50,0,0,,Pflegefachkraft,Pflegefachkraft,EXAM,1.0,38.5,9240,9240,8316,10164,5,2,2,8,1,1,Pflegefachkraft,0,0.0,-2445,21,19,2,1,1,3584,1,,,,,,0,,0,,3,3,2,1,1434,1,3,3,2,1,1254,1,2,1,2,0,896,0,ST-IK1,Normalstation Innere Medizin / Kardiologie,30,Innere Medizin und Kardiologie,10.0,22.0,06:00,14:00,450,,13:30,21:30,450,F,21:15,06:15,495,F|S,11,10,8,10,30,45,8,38.5,30,0.1,0,2.0.0,20261133
PK-014,2026-12-11,plan,11,Freitag,5,50,0,0,,Pflegefachkraft,Pflegefachkraft,EXAM|PRAXISANLEITUNG,0.75,28.88,6931,6931,6238,7624,5,2,2,8,1,1,Pflegefachkraft,0,0.0,-1440,21,19,2,1,1,3584,1,,,,,,0,,0,,3,3,2,1,1434,1,3,3,2,1,1254,1,2,1,2,0,896,0,ST-IK1,Normalstation Innere Medizin / Kardiologie,30,Innere Medizin und Kardiologie,10.0,22.0,06:00,14:00,450,,13:30,21:30,450,F,21:15,06:15,495,F|S,11,10,8,10,30,45,8,38.5,30,0.1,0,2.0.0,20261133
PK-015,2026-12-11,plan,11,Freitag,5,50,0,0,,Pflegefachkraft,Pflegefachkraft,EXAM|KARDIO_MONITORING,0.8,30.8,7392,7392,6653,8131,5,2,2,8,1,1,Pflegefachkraft,0,0.0,-1992,21,19,2,1,1,3584,1,,2,,,,0,,0,,3,3,2,1,1434,1,3,3,2,1,1254,1,2,1,2,0,896,0,ST-IK1,Normalstation Innere Medizin / Kardiologie,30,Innere Medizin und Kardiologie,10.0,22.0,06:00,14:00,450,,13:30,21:30,450,F,21:15,06:15,495,F|S,11,10,8,10,30,45,8,38.5,30,0.1,0,2.0.0,20261133
PK-016,2026-12-11,plan,11,Freitag,5,50,0,0,,Pflegefachkraft,Pflegefachkraft,EXAM|KARDIO_MONITORING,0.7,26.95,6468,6468,5821,7115,5,2,2,8,1,1,Pflegefachkraft,0,0.0,566,21,19,2,1,1,3584,1,,,,,,0,,0,,3,3,2,1,1434,1,3,3,2,1,1254,1,2,1,2,0,896,0,ST-IK1,Normalstation Innere Medizin / Kardiologie,30,Innere Medizin und Kardiologie,10.0,22.0,06:00,14:00,450,,13:30,21:30,450,F,21:15,06:15,495,F|S,11,10,8,10,30,45,8,38.5,30,0.1,0,2.0.0,20261133
PK-017,2026-12-11,plan,11,Freitag,5,50,0,0,,Pflegefachkraft,Pflegefachkraft,EXAM|PRAXISANLEITUNG|KARDIO_MONITORING,1.0,38.5,9240,9240,8316,10164,5,2,2,8,1,1,Pflegefachkraft,0,0.0,-2265,21,19,2,1,1,3584,1,,,,,,0,,0,,3,3,2,1,1434,1,3,3,2,1,1254,1,2,1,2,0,896,0,ST-IK1,Normalstation Innere Medizin / Kardiologie,30,Innere Medizin und Kardiologie,10.0,22.0,06:00,14:00,450,,13:30,21:30,450,F,21:15,06:15,495,F|S,11,10,8,10,30,45,8,38.5,30,0.1,0,2.0.0,20261133
PK-018,2026-12-11,plan,11,Freitag,5,50,0,0,,Pflegefachkraft,Pflegefachkraft,EXAM,0.5,19.25,4620,4620,4158,5082,5,2,2,8,1,1,Pflegefachkraft,0,0.0,-885,21,19,2,1,1,3584,0,LANGZEITABWESENHEIT,,,,,0,,0,,3,3,2,1,1434,1,3,3,2,1,1254,1,2,1,2,0,896,0,ST-IK1,Normalstation Innere Medizin / Kardiologie,30,Innere Medizin und Kardiologie,10.0,22.0,06:00,14:00,450,,13:30,21:30,450,F,21:15,06:15,495,F|S,11,10,8,10,30,45,8,38.5,30,0.1,0,2.0.0,20261133
AZ-001,2026-12-12,plan,12,Samstag,6,50,1,0,,Auszubildende_r_3_Ausbildungsjahr,Auszubildende,AUSZUBILDEND,1.0,38.5,9240,9240,8316,10164,5,2,2,8,1,0,nicht anrechenbar,0,0.0,-9240,19,18,1,0,0,2652,1,,,,,,0,,0,,3,2,2,1,1061,1,3,2,2,1,928,1,2,1,2,0,663,0,ST-IK1,Normalstation Innere Medizin / Kardiologie,30,Innere Medizin und Kardiologie,10.0,22.0,06:00,14:00,450,,13:30,21:30,450,F,21:15,06:15,495,F|S,11,10,8,10,30,45,8,38.5,30,0.1,0,2.0.0,20261133
AZ-002,2026-12-12,plan,12,Samstag,6,50,1,0,,Auszubildende_r_2_Ausbildungsjahr,Auszubildende,AUSZUBILDEND,1.0,38.5,9240,9240,8316,10164,5,2,2,8,1,0,nicht anrechenbar,0,0.0,-9240,19,18,1,0,0,2652,1,,,,,,0,,0,,3,2,2,1,1061,1,3,2,2,1,928,1,2,1,2,0,663,0,ST-IK1,Normalstation Innere Medizin / Kardiologie,30,Innere Medizin und Kardiologie,10.0,22.0,06:00,14:00,450,,13:30,21:30,450,F,21:15,06:15,495,F|S,11,10,8,10,30,45,8,38.5,30,0.1,0,2.0.0,20261133
AZ-003,2026-12-12,plan,12,Samstag,6,50,1,0,,Auszubildende_r_1_Ausbildungsjahr,Auszubildende,AUSZUBILDEND,1.0,38.5,9240,9240,8316,10164,5,2,2,0,0,0,nicht anrechenbar,0,0.0,-6006,19,18,1,0,0,2652,0,URLAUB,,,,,0,,0,,3,2,2,1,1061,1,3,2,2,1,928,1,2,1,2,0,663,0,ST-IK1,Normalstation Innere Medizin / Kardiologie,30,Innere Medizin und Kardiologie,10.0,22.0,06:00,14:00,450,,13:30,21:30,450,F,21:15,06:15,495,F|S,11,10,8,10,30,45,8,38.5,30,0.1,0,2.0.0,20261133
PH-001,2026-12-12,plan,12,Samstag,6,50,1,0,,Pflegehilfskraft,Pflegehilfskraft,PFLEGEHILFE,0.75,28.88,6931,6931,6238,7624,5,2,2,0,0,1,Pflegehilfskraft,0,0.0,-1530,19,18,1,0,0,2652,1,,,,,,0,,0,,3,2,2,1,1061,1,3,2,2,1,928,1,2,1,2,0,663,0,ST-IK1,Normalstation Innere Medizin / Kardiologie,30,Innere Medizin und Kardiologie,10.0,22.0,06:00,14:00,450,,13:30,21:30,450,F,21:15,06:15,495,F|S,11,10,8,10,30,45,8,38.5,30,0.1,0,2.0.0,20261133
PH-002,2026-12-12,plan,12,Samstag,6,50,1,0,,Pflegehilfskraft,Pflegehilfskraft,PFLEGEHILFE,0.5,19.25,4620,4620,4158,5082,5,2,2,0,0,1,Pflegehilfskraft,0,0.0,-1020,19,18,1,0,0,2652,1,,3,,,,0,,0,,3,2,2,1,1061,1,3,2,2,1,928,1,2,1,2,0,663,0,ST-IK1,Normalstation Innere Medizin / Kardiologie,30,Innere Medizin und Kardiologie,10.0,22.0,06:00,14:00,450,,13:30,21:30,450,F,21:15,06:15,495,F|S,11,10,8,10,30,45,8,38.5,30,0.1,0,2.0.0,20261133
PK-001,2026-12-12,plan,12,Samstag,6,50,1,0,,Stationsleitung,Pflegefachkraft,EXAM|LEITUNG|PRAXISANLEITUNG,1.0,38.5,9240,4620,4158,5082,5,2,2,0,0,1,Pflegefachkraft,1,0.5,2130,19,18,1,0,0,2652,1,,,,,,1,12,0,,3,2,2,1,1061,1,3,2,2,1,928,1,2,1,2,0,663,0,ST-IK1,Normalstation Innere Medizin / Kardiologie,30,Innere Medizin und Kardiologie,10.0,22.0,06:00,14:00,450,,13:30,21:30,450,F,21:15,06:15,495,F|S,11,10,8,10,30,45,8,38.5,30,0.1,0,2.0.0,20261133
PK-002,2026-12-12,plan,12,Samstag,6,50,1,0,,Pflegefachkraft,Pflegefachkraft,EXAM|PRAXISANLEITUNG,0.8,30.8,7392,7392,6653,8131,5,2,2,8,1,1,Pflegefachkraft,0,0.0,-1857,19,18,1,0,0,2652,1,,,,,,0,,0,,3,2,2,1,1061,1,3,2,2,1,928,1,2,1,2,0,663,0,ST-IK1,Normalstation Innere Medizin / Kardiologie,30,Innere Medizin und Kardiologie,10.0,22.0,06:00,14:00,450,,13:30,21:30,450,F,21:15,06:15,495,F|S,11,10,8,10,30,45,8,38.5,30,0.1,0,2.0.0,20261133
PK-003,2026-12-12,plan,12,Samstag,6,50,1,0,,Pflegefachkraft,Pflegefachkraft,EXAM,0.8,30.8,7392,7392,6653,8131,5,2,2,8,1,1,Pflegefachkraft,0,0.0,-1902,19,18,1,0,0,2652,1,,,,,,0,,0,,3,2,2,1,1061,1,3,2,2,1,928,1,2,1,2,0,663,0,ST-IK1,Normalstation Innere Medizin / Kardiologie,30,Innere Medizin und Kardiologie,10.0,22.0,06:00,14:00,450,,13:30,21:30,450,F,21:15,06:15,495,F|S,11,10,8,10,30,45,8,38.5,30,0.1,0,2.0.0,20261133
PK-004,2026-12-12,plan,12,Samstag,6,50,1,0,,Pflegefachkraft,Pflegefachkraft,EXAM,1.0,38.5,9240,9240,8316,10164,5,2,2,8,1,1,Pflegefachkraft,0,0.0,-2625,19,18,1,0,0,2652,1,,,,,,0,,0,,3,2,2,1,1061,1,3,2,2,1,928,1,2,1,2,0,663,0,ST-IK1,Normalstation Innere Medizin / Kardiologie,30,Innere Medizin und Kardiologie,10.0,22.0,06:00,14:00,450,,13:30,21:30,450,F,21:15,06:15,495,F|S,11,10,8,10,30,45,8,38.5,30,0.1,0,2.0.0,20261133
PK-005,2026-12-12,plan,12,Samstag,6,50,1,0,,Pflegefachkraft,Pflegefachkraft,EXAM,1.0,38.5,9240,9240,8316,10164,5,2,2,8,1,1,Pflegefachkraft,0,0.0,-2625,19,18,1,0,0,2652,1,,,,,,0,,0,,3,2,2,1,1061,1,3,2,2,1,928,1,2,1,2,0,663,0,ST-IK1,Normalstation Innere Medizin / Kardiologie,30,Innere Medizin und Kardiologie,10.0,22.0,06:00,14:00,450,,13:30,21:30,450,F,21:15,06:15,495,F|S,11,10,8,10,30,45,8,38.5,30,0.1,0,2.0.0,20261133
PK-006,2026-12-12,plan,12,Samstag,6,50,1,0,,Pflegefachkraft,Pflegefachkraft,EXAM|PRAXISANLEITUNG|KARDIO_MONITORING,1.0,38.5,9240,9240,8316,10164,5,2,2,8,1,1,Pflegefachkraft,0,0.0,1104,19,18,1,0,0,2652,1,,,,,,0,,0,,3,2,2,1,1061,1,3,2,2,1,928,1,2,1,2,0,663,0,ST-IK1,Normalstation Innere Medizin / Kardiologie,30,Innere Medizin und Kardiologie,10.0,22.0,06:00,14:00,450,,13:30,21:30,450,F,21:15,06:15,495,F|S,11,10,8,10,30,45,8,38.5,30,0.1,0,2.0.0,20261133
PK-007,2026-12-12,plan,12,Samstag,6,50,1,0,,Pflegefachkraft,Pflegefachkraft,EXAM,0.75,28.88,6931,6931,6238,7624,5,2,2,8,1,1,Pflegefachkraft,0,0.0,-1800,19,18,1,0,0,2652,1,,,,,,0,,0,,3,2,2,1,1061,1,3,2,2,1,928,1,2,1,2,0,663,0,ST-IK1,Normalstation Innere Medizin / Kardiologie,30,Innere Medizin und Kardiologie,10.0,22.0,06:00,14:00,450,,13:30,21:30,450,F,21:15,06:15,495,F|S,11,10,8,10,30,45,8,38.5,30,0.1,0,2.0.0,20261133
PK-008,2026-12-12,plan,12,Samstag,6,50,1,0,,Pflegefachkraft,Pflegefachkraft,EXAM|PRAXISANLEITUNG,0.6,23.1,5544,5544,4990,6098,5,2,2,8,1,1,Pflegefachkraft,0,0.0,-1449,19,18,1,0,0,2652,1,,,,,,0,,0,,3,2,2,1,1061,1,3,2,2,1,928,1,2,1,2,0,663,0,ST-IK1,Normalstation Innere Medizin / Kardiologie,30,Innere Medizin und Kardiologie,10.0,22.0,06:00,14:00,450,,13:30,21:30,450,F,21:15,06:15,495,F|S,11,10,8,10,30,45,8,38.5,30,0.1,0,2.0.0,20261133
PK-009,2026-12-12,plan,12,Samstag,6,50,1,0,,Pflegefachkraft,Pflegefachkraft,EXAM|KARDIO_MONITORING,0.6,23.1,5544,5544,4990,6098,5,2,2,8,1,1,Pflegefachkraft,0,0.0,-1494,19,18,1,0,0,2652,1,,,,,,0,,0,,3,2,2,1,1061,1,3,2,2,1,928,1,2,1,2,0,663,0,ST-IK1,Normalstation Innere Medizin / Kardiologie,30,Innere Medizin und Kardiologie,10.0,22.0,06:00,14:00,450,,13:30,21:30,450,F,21:15,06:15,495,F|S,11,10,8,10,30,45,8,38.5,30,0.1,0,2.0.0,20261133
PK-010,2026-12-12,plan,12,Samstag,6,50,1,0,,Pflegefachkraft,Pflegefachkraft,EXAM|KARDIO_MONITORING,0.9,34.65,8316,8316,7484,9148,5,2,2,8,1,1,Pflegefachkraft,0,0.0,-1971,19,18,1,0,0,2652,1,,,,,,0,,0,,3,2,2,1,1061,1,3,2,2,1,928,1,2,1,2,0,663,0,ST-IK1,Normalstation Innere Medizin / Kardiologie,30,Innere Medizin und Kardiologie,10.0,22.0,06:00,14:00,450,,13:30,21:30,450,F,21:15,06:15,495,F|S,11,10,8,10,30,45,8,38.5,30,0.1,0,2.0.0,20261133
PK-011,2026-12-12,plan,12,Samstag,6,50,1,0,,Pflegefachkraft,Pflegefachkraft,EXAM|PRAXISANLEITUNG,0.5,19.25,4620,4620,4158,5082,5,2,2,8,1,1,Pflegefachkraft,0,0.0,-885,19,18,1,0,0,2652,1,,,,,,0,,0,,3,2,2,1,1061,1,3,2,2,1,928,1,2,1,2,0,663,0,ST-IK1,Normalstation Innere Medizin / Kardiologie,30,Innere Medizin und Kardiologie,10.0,22.0,06:00,14:00,450,,13:30,21:30,450,F,21:15,06:15,495,F|S,11,10,8,10,30,45,8,38.5,30,0.1,0,2.0.0,20261133
PK-012,2026-12-12,plan,12,Samstag,6,50,1,0,,Pflegefachkraft,Pflegefachkraft,EXAM|KARDIO_MONITORING,0.75,28.88,6931,6931,6238,7624,5,2,2,8,1,1,Pflegefachkraft,0,0.0,-1845,19,18,1,0,0,2652,1,,,,,,0,,0,,3,2,2,1,1061,1,3,2,2,1,928,1,2,1,2,0,663,0,ST-IK1,Normalstation Innere Medizin / Kardiologie,30,Innere Medizin und Kardiologie,10.0,22.0,06:00,14:00,450,,13:30,21:30,450,F,21:15,06:15,495,F|S,11,10,8,10,30,45,8,38.5,30,0.1,0,2.0.0,20261133
PK-013,2026-12-12,plan,12,Samstag,6,50,1,0,,Pflegefachkraft,Pflegefachkraft,EXAM,1.0,38.5,9240,9240,8316,10164,5,2,2,8,1,1,Pflegefachkraft,0,0.0,-2445,19,18,1,0,0,2652,1,,,,,,0,,0,,3,2,2,1,1061,1,3,2,2,1,928,1,2,1,2,0,663,0,ST-IK1,Normalstation Innere Medizin / Kardiologie,30,Innere Medizin und Kardiologie,10.0,22.0,06:00,14:00,450,,13:30,21:30,450,F,21:15,06:15,495,F|S,11,10,8,10,30,45,8,38.5,30,0.1,0,2.0.0,20261133
PK-014,2026-12-12,plan,12,Samstag,6,50,1,0,,Pflegefachkraft,Pflegefachkraft,EXAM|PRAXISANLEITUNG,0.75,28.88,6931,6931,6238,7624,5,2,2,8,1,1,Pflegefachkraft,0,0.0,-1440,19,18,1,0,0,2652,1,,,,,,0,,0,,3,2,2,1,1061,1,3,2,2,1,928,1,2,1,2,0,663,0,ST-IK1,Normalstation Innere Medizin / Kardiologie,30,Innere Medizin und Kardiologie,10.0,22.0,06:00,14:00,450,,13:30,21:30,450,F,21:15,06:15,495,F|S,11,10,8,10,30,45,8,38.5,30,0.1,0,2.0.0,20261133
PK-015,2026-12-12,plan,12,Samstag,6,50,1,0,,Pflegefachkraft,Pflegefachkraft,EXAM|KARDIO_MONITORING,0.8,30.8,7392,7392,6653,8131,5,2,2,8,1,1,Pflegefachkraft,0,0.0,-1992,19,18,1,0,0,2652,1,,3,,,,0,,0,,3,2,2,1,1061,1,3,2,2,1,928,1,2,1,2,0,663,0,ST-IK1,Normalstation Innere Medizin / Kardiologie,30,Innere Medizin und Kardiologie,10.0,22.0,06:00,14:00,450,,13:30,21:30,450,F,21:15,06:15,495,F|S,11,10,8,10,30,45,8,38.5,30,0.1,0,2.0.0,20261133
PK-016,2026-12-12,plan,12,Samstag,6,50,1,0,,Pflegefachkraft,Pflegefachkraft,EXAM|KARDIO_MONITORING,0.7,26.95,6468,6468,5821,7115,5,2,2,8,1,1,Pflegefachkraft,0,0.0,566,19,18,1,0,0,2652,1,,,,,,0,,0,,3,2,2,1,1061,1,3,2,2,1,928,1,2,1,2,0,663,0,ST-IK1,Normalstation Innere Medizin / Kardiologie,30,Innere Medizin und Kardiologie,10.0,22.0,06:00,14:00,450,,13:30,21:30,450,F,21:15,06:15,495,F|S,11,10,8,10,30,45,8,38.5,30,0.1,0,2.0.0,20261133
PK-017,2026-12-12,plan,12,Samstag,6,50,1,0,,Pflegefachkraft,Pflegefachkraft,EXAM|PRAXISANLEITUNG|KARDIO_MONITORING,1.0,38.5,9240,9240,8316,10164,5,2,2,8,1,1,Pflegefachkraft,0,0.0,-2265,19,18,1,0,0,2652,1,,,,,,0,,0,,3,2,2,1,1061,1,3,2,2,1,928,1,2,1,2,0,663,0,ST-IK1,Normalstation Innere Medizin / Kardiologie,30,Innere Medizin und Kardiologie,10.0,22.0,06:00,14:00,450,,13:30,21:30,450,F,21:15,06:15,495,F|S,11,10,8,10,30,45,8,38.5,30,0.1,0,2.0.0,20261133
PK-018,2026-12-12,plan,12,Samstag,6,50,1,0,,Pflegefachkraft,Pflegefachkraft,EXAM,0.5,19.25,4620,4620,4158,5082,5,2,2,8,1,1,Pflegefachkraft,0,0.0,-885,19,18,1,0,0,2652,0,LANGZEITABWESENHEIT,,,,,0,,0,,3,2,2,1,1061,1,3,2,2,1,928,1,2,1,2,0,663,0,ST-IK1,Normalstation Innere Medizin / Kardiologie,30,Innere Medizin und Kardiologie,10.0,22.0,06:00,14:00,450,,13:30,21:30,450,F,21:15,06:15,495,F|S,11,10,8,10,30,45,8,38.5,30,0.1,0,2.0.0,20261133
AZ-001,2026-12-13,plan,13,Sonntag,7,50,1,0,,Auszubildende_r_3_Ausbildungsjahr,Auszubildende,AUSZUBILDEND,1.0,38.5,9240,9240,8316,10164,5,2,2,8,1,0,nicht anrechenbar,0,0.0,-9240,20,19,0,2,0,3508,1,,,,,,0,,0,,3,2,2,1,1403,1,3,2,2,1,1228,1,2,1,2,0,877,0,ST-IK1,Normalstation Innere Medizin / Kardiologie,30,Innere Medizin und Kardiologie,10.0,22.0,06:00,14:00,450,,13:30,21:30,450,F,21:15,06:15,495,F|S,11,10,8,10,30,45,8,38.5,30,0.1,0,2.0.0,20261133
AZ-002,2026-12-13,plan,13,Sonntag,7,50,1,0,,Auszubildende_r_2_Ausbildungsjahr,Auszubildende,AUSZUBILDEND,1.0,38.5,9240,9240,8316,10164,5,2,2,8,1,0,nicht anrechenbar,0,0.0,-9240,20,19,0,2,0,3508,1,,,,,,0,,0,,3,2,2,1,1403,1,3,2,2,1,1228,1,2,1,2,0,877,0,ST-IK1,Normalstation Innere Medizin / Kardiologie,30,Innere Medizin und Kardiologie,10.0,22.0,06:00,14:00,450,,13:30,21:30,450,F,21:15,06:15,495,F|S,11,10,8,10,30,45,8,38.5,30,0.1,0,2.0.0,20261133
AZ-003,2026-12-13,plan,13,Sonntag,7,50,1,0,,Auszubildende_r_1_Ausbildungsjahr,Auszubildende,AUSZUBILDEND,1.0,38.5,9240,9240,8316,10164,5,2,2,0,0,0,nicht anrechenbar,0,0.0,-6006,20,19,0,2,0,3508,0,URLAUB,,,,,0,,0,,3,2,2,1,1403,1,3,2,2,1,1228,1,2,1,2,0,877,0,ST-IK1,Normalstation Innere Medizin / Kardiologie,30,Innere Medizin und Kardiologie,10.0,22.0,06:00,14:00,450,,13:30,21:30,450,F,21:15,06:15,495,F|S,11,10,8,10,30,45,8,38.5,30,0.1,0,2.0.0,20261133
PH-001,2026-12-13,plan,13,Sonntag,7,50,1,0,,Pflegehilfskraft,Pflegehilfskraft,PFLEGEHILFE,0.75,28.88,6931,6931,6238,7624,5,2,2,0,0,1,Pflegehilfskraft,0,0.0,-1530,20,19,0,2,0,3508,1,,,,,,0,,0,,3,2,2,1,1403,1,3,2,2,1,1228,1,2,1,2,0,877,0,ST-IK1,Normalstation Innere Medizin / Kardiologie,30,Innere Medizin und Kardiologie,10.0,22.0,06:00,14:00,450,,13:30,21:30,450,F,21:15,06:15,495,F|S,11,10,8,10,30,45,8,38.5,30,0.1,0,2.0.0,20261133
PH-002,2026-12-13,plan,13,Sonntag,7,50,1,0,,Pflegehilfskraft,Pflegehilfskraft,PFLEGEHILFE,0.5,19.25,4620,4620,4158,5082,5,2,2,0,0,1,Pflegehilfskraft,0,0.0,-1020,20,19,0,2,0,3508,1,,,,,,0,,0,,3,2,2,1,1403,1,3,2,2,1,1228,1,2,1,2,0,877,0,ST-IK1,Normalstation Innere Medizin / Kardiologie,30,Innere Medizin und Kardiologie,10.0,22.0,06:00,14:00,450,,13:30,21:30,450,F,21:15,06:15,495,F|S,11,10,8,10,30,45,8,38.5,30,0.1,0,2.0.0,20261133
PK-001,2026-12-13,plan,13,Sonntag,7,50,1,0,,Stationsleitung,Pflegefachkraft,EXAM|LEITUNG|PRAXISANLEITUNG,1.0,38.5,9240,4620,4158,5082,5,2,2,0,0,1,Pflegefachkraft,1,0.5,2130,20,19,0,2,0,3508,1,,,,,,0,,0,,3,2,2,1,1403,1,3,2,2,1,1228,1,2,1,2,0,877,0,ST-IK1,Normalstation Innere Medizin / Kardiologie,30,Innere Medizin und Kardiologie,10.0,22.0,06:00,14:00,450,,13:30,21:30,450,F,21:15,06:15,495,F|S,11,10,8,10,30,45,8,38.5,30,0.1,0,2.0.0,20261133
PK-002,2026-12-13,plan,13,Sonntag,7,50,1,0,,Pflegefachkraft,Pflegefachkraft,EXAM|PRAXISANLEITUNG,0.8,30.8,7392,7392,6653,8131,5,2,2,8,1,1,Pflegefachkraft,0,0.0,-1857,20,19,0,2,0,3508,1,,,,,,0,,0,,3,2,2,1,1403,1,3,2,2,1,1228,1,2,1,2,0,877,0,ST-IK1,Normalstation Innere Medizin / Kardiologie,30,Innere Medizin und Kardiologie,10.0,22.0,06:00,14:00,450,,13:30,21:30,450,F,21:15,06:15,495,F|S,11,10,8,10,30,45,8,38.5,30,0.1,0,2.0.0,20261133
PK-003,2026-12-13,plan,13,Sonntag,7,50,1,0,,Pflegefachkraft,Pflegefachkraft,EXAM,0.8,30.8,7392,7392,6653,8131,5,2,2,8,1,1,Pflegefachkraft,0,0.0,-1902,20,19,0,2,0,3508,1,,,,,,0,,0,,3,2,2,1,1403,1,3,2,2,1,1228,1,2,1,2,0,877,0,ST-IK1,Normalstation Innere Medizin / Kardiologie,30,Innere Medizin und Kardiologie,10.0,22.0,06:00,14:00,450,,13:30,21:30,450,F,21:15,06:15,495,F|S,11,10,8,10,30,45,8,38.5,30,0.1,0,2.0.0,20261133
PK-004,2026-12-13,plan,13,Sonntag,7,50,1,0,,Pflegefachkraft,Pflegefachkraft,EXAM,1.0,38.5,9240,9240,8316,10164,5,2,2,8,1,1,Pflegefachkraft,0,0.0,-2625,20,19,0,2,0,3508,1,,,,,,0,,0,,3,2,2,1,1403,1,3,2,2,1,1228,1,2,1,2,0,877,0,ST-IK1,Normalstation Innere Medizin / Kardiologie,30,Innere Medizin und Kardiologie,10.0,22.0,06:00,14:00,450,,13:30,21:30,450,F,21:15,06:15,495,F|S,11,10,8,10,30,45,8,38.5,30,0.1,0,2.0.0,20261133
PK-005,2026-12-13,plan,13,Sonntag,7,50,1,0,,Pflegefachkraft,Pflegefachkraft,EXAM,1.0,38.5,9240,9240,8316,10164,5,2,2,8,1,1,Pflegefachkraft,0,0.0,-2625,20,19,0,2,0,3508,1,,,,,,0,,0,,3,2,2,1,1403,1,3,2,2,1,1228,1,2,1,2,0,877,0,ST-IK1,Normalstation Innere Medizin / Kardiologie,30,Innere Medizin und Kardiologie,10.0,22.0,06:00,14:00,450,,13:30,21:30,450,F,21:15,06:15,495,F|S,11,10,8,10,30,45,8,38.5,30,0.1,0,2.0.0,20261133
PK-006,2026-12-13,plan,13,Sonntag,7,50,1,0,,Pflegefachkraft,Pflegefachkraft,EXAM|PRAXISANLEITUNG|KARDIO_MONITORING,1.0,38.5,9240,9240,8316,10164,5,2,2,8,1,1,Pflegefachkraft,0,0.0,1104,20,19,0,2,0,3508,1,,,,,,0,,0,,3,2,2,1,1403,1,3,2,2,1,1228,1,2,1,2,0,877,0,ST-IK1,Normalstation Innere Medizin / Kardiologie,30,Innere Medizin und Kardiologie,10.0,22.0,06:00,14:00,450,,13:30,21:30,450,F,21:15,06:15,495,F|S,11,10,8,10,30,45,8,38.5,30,0.1,0,2.0.0,20261133
PK-007,2026-12-13,plan,13,Sonntag,7,50,1,0,,Pflegefachkraft,Pflegefachkraft,EXAM,0.75,28.88,6931,6931,6238,7624,5,2,2,8,1,1,Pflegefachkraft,0,0.0,-1800,20,19,0,2,0,3508,1,,,,,,0,,0,,3,2,2,1,1403,1,3,2,2,1,1228,1,2,1,2,0,877,0,ST-IK1,Normalstation Innere Medizin / Kardiologie,30,Innere Medizin und Kardiologie,10.0,22.0,06:00,14:00,450,,13:30,21:30,450,F,21:15,06:15,495,F|S,11,10,8,10,30,45,8,38.5,30,0.1,0,2.0.0,20261133
PK-008,2026-12-13,plan,13,Sonntag,7,50,1,0,,Pflegefachkraft,Pflegefachkraft,EXAM|PRAXISANLEITUNG,0.6,23.1,5544,5544,4990,6098,5,2,2,8,1,1,Pflegefachkraft,0,0.0,-1449,20,19,0,2,0,3508,1,,,,,,1,4,0,,3,2,2,1,1403,1,3,2,2,1,1228,1,2,1,2,0,877,0,ST-IK1,Normalstation Innere Medizin / Kardiologie,30,Innere Medizin und Kardiologie,10.0,22.0,06:00,14:00,450,,13:30,21:30,450,F,21:15,06:15,495,F|S,11,10,8,10,30,45,8,38.5,30,0.1,0,2.0.0,20261133
PK-009,2026-12-13,plan,13,Sonntag,7,50,1,0,,Pflegefachkraft,Pflegefachkraft,EXAM|KARDIO_MONITORING,0.6,23.1,5544,5544,4990,6098,5,2,2,8,1,1,Pflegefachkraft,0,0.0,-1494,20,19,0,2,0,3508,1,,,,,,0,,0,,3,2,2,1,1403,1,3,2,2,1,1228,1,2,1,2,0,877,0,ST-IK1,Normalstation Innere Medizin / Kardiologie,30,Innere Medizin und Kardiologie,10.0,22.0,06:00,14:00,450,,13:30,21:30,450,F,21:15,06:15,495,F|S,11,10,8,10,30,45,8,38.5,30,0.1,0,2.0.0,20261133
PK-010,2026-12-13,plan,13,Sonntag,7,50,1,0,,Pflegefachkraft,Pflegefachkraft,EXAM|KARDIO_MONITORING,0.9,34.65,8316,8316,7484,9148,5,2,2,8,1,1,Pflegefachkraft,0,0.0,-1971,20,19,0,2,0,3508,1,,,,,,0,,0,,3,2,2,1,1403,1,3,2,2,1,1228,1,2,1,2,0,877,0,ST-IK1,Normalstation Innere Medizin / Kardiologie,30,Innere Medizin und Kardiologie,10.0,22.0,06:00,14:00,450,,13:30,21:30,450,F,21:15,06:15,495,F|S,11,10,8,10,30,45,8,38.5,30,0.1,0,2.0.0,20261133
PK-011,2026-12-13,plan,13,Sonntag,7,50,1,0,,Pflegefachkraft,Pflegefachkraft,EXAM|PRAXISANLEITUNG,0.5,19.25,4620,4620,4158,5082,5,2,2,8,1,1,Pflegefachkraft,0,0.0,-885,20,19,0,2,0,3508,1,,,,,,0,,0,,3,2,2,1,1403,1,3,2,2,1,1228,1,2,1,2,0,877,0,ST-IK1,Normalstation Innere Medizin / Kardiologie,30,Innere Medizin und Kardiologie,10.0,22.0,06:00,14:00,450,,13:30,21:30,450,F,21:15,06:15,495,F|S,11,10,8,10,30,45,8,38.5,30,0.1,0,2.0.0,20261133
PK-012,2026-12-13,plan,13,Sonntag,7,50,1,0,,Pflegefachkraft,Pflegefachkraft,EXAM|KARDIO_MONITORING,0.75,28.88,6931,6931,6238,7624,5,2,2,8,1,1,Pflegefachkraft,0,0.0,-1845,20,19,0,2,0,3508,1,,,,,,1,12,0,,3,2,2,1,1403,1,3,2,2,1,1228,1,2,1,2,0,877,0,ST-IK1,Normalstation Innere Medizin / Kardiologie,30,Innere Medizin und Kardiologie,10.0,22.0,06:00,14:00,450,,13:30,21:30,450,F,21:15,06:15,495,F|S,11,10,8,10,30,45,8,38.5,30,0.1,0,2.0.0,20261133
PK-013,2026-12-13,plan,13,Sonntag,7,50,1,0,,Pflegefachkraft,Pflegefachkraft,EXAM,1.0,38.5,9240,9240,8316,10164,5,2,2,8,1,1,Pflegefachkraft,0,0.0,-2445,20,19,0,2,0,3508,1,,,,,,0,,0,,3,2,2,1,1403,1,3,2,2,1,1228,1,2,1,2,0,877,0,ST-IK1,Normalstation Innere Medizin / Kardiologie,30,Innere Medizin und Kardiologie,10.0,22.0,06:00,14:00,450,,13:30,21:30,450,F,21:15,06:15,495,F|S,11,10,8,10,30,45,8,38.5,30,0.1,0,2.0.0,20261133
PK-014,2026-12-13,plan,13,Sonntag,7,50,1,0,,Pflegefachkraft,Pflegefachkraft,EXAM|PRAXISANLEITUNG,0.75,28.88,6931,6931,6238,7624,5,2,2,8,1,1,Pflegefachkraft,0,0.0,-1440,20,19,0,2,0,3508,1,,,,,,0,,0,,3,2,2,1,1403,1,3,2,2,1,1228,1,2,1,2,0,877,0,ST-IK1,Normalstation Innere Medizin / Kardiologie,30,Innere Medizin und Kardiologie,10.0,22.0,06:00,14:00,450,,13:30,21:30,450,F,21:15,06:15,495,F|S,11,10,8,10,30,45,8,38.5,30,0.1,0,2.0.0,20261133
PK-015,2026-12-13,plan,13,Sonntag,7,50,1,0,,Pflegefachkraft,Pflegefachkraft,EXAM|KARDIO_MONITORING,0.8,30.8,7392,7392,6653,8131,5,2,2,8,1,1,Pflegefachkraft,0,0.0,-1992,20,19,0,2,0,3508,1,,,,,,0,,0,,3,2,2,1,1403,1,3,2,2,1,1228,1,2,1,2,0,877,0,ST-IK1,Normalstation Innere Medizin / Kardiologie,30,Innere Medizin und Kardiologie,10.0,22.0,06:00,14:00,450,,13:30,21:30,450,F,21:15,06:15,495,F|S,11,10,8,10,30,45,8,38.5,30,0.1,0,2.0.0,20261133
PK-016,2026-12-13,plan,13,Sonntag,7,50,1,0,,Pflegefachkraft,Pflegefachkraft,EXAM|KARDIO_MONITORING,0.7,26.95,6468,6468,5821,7115,5,2,2,8,1,1,Pflegefachkraft,0,0.0,566,20,19,0,2,0,3508,1,,,,,,0,,0,,3,2,2,1,1403,1,3,2,2,1,1228,1,2,1,2,0,877,0,ST-IK1,Normalstation Innere Medizin / Kardiologie,30,Innere Medizin und Kardiologie,10.0,22.0,06:00,14:00,450,,13:30,21:30,450,F,21:15,06:15,495,F|S,11,10,8,10,30,45,8,38.5,30,0.1,0,2.0.0,20261133
PK-017,2026-12-13,plan,13,Sonntag,7,50,1,0,,Pflegefachkraft,Pflegefachkraft,EXAM|PRAXISANLEITUNG|KARDIO_MONITORING,1.0,38.5,9240,9240,8316,10164,5,2,2,8,1,1,Pflegefachkraft,0,0.0,-2265,20,19,0,2,0,3508,1,,,,,,0,,0,,3,2,2,1,1403,1,3,2,2,1,1228,1,2,1,2,0,877,0,ST-IK1,Normalstation Innere Medizin / Kardiologie,30,Innere Medizin und Kardiologie,10.0,22.0,06:00,14:00,450,,13:30,21:30,450,F,21:15,06:15,495,F|S,11,10,8,10,30,45,8,38.5,30,0.1,0,2.0.0,20261133
PK-018,2026-12-13,plan,13,Sonntag,7,50,1,0,,Pflegefachkraft,Pflegefachkraft,EXAM,0.5,19.25,4620,4620,4158,5082,5,2,2,8,1,1,Pflegefachkraft,0,0.0,-885,20,19,0,2,0,3508,0,LANGZEITABWESENHEIT,,,,,0,,0,,3,2,2,1,1403,1,3,2,2,1,1228,1,2,1,2,0,877,0,ST-IK1,Normalstation Innere Medizin / Kardiologie,30,Innere Medizin und Kardiologie,10.0,22.0,06:00,14:00,450,,13:30,21:30,450,F,21:15,06:15,495,F|S,11,10,8,10,30,45,8,38.5,30,0.1,0,2.0.0,20261133
AZ-001,2026-12-14,plan,14,Montag,1,51,0,0,,Auszubildende_r_3_Ausbildungsjahr,Auszubildende,AUSZUBILDEND,1.0,38.5,9240,9240,8316,10164,5,2,2,8,1,0,nicht anrechenbar,0,0.0,-9240,22,21,4,5,2,3937,1,,,,,,0,,0,,3,3,2,1,1575,1,3,3,2,1,1378,1,2,1,2,0,984,0,ST-IK1,Normalstation Innere Medizin / Kardiologie,30,Innere Medizin und Kardiologie,10.0,22.0,06:00,14:00,450,,13:30,21:30,450,F,21:15,06:15,495,F|S,11,10,8,10,30,45,8,38.5,30,0.1,0,2.0.0,20261133
AZ-002,2026-12-14,plan,14,Montag,1,51,0,0,,Auszubildende_r_2_Ausbildungsjahr,Auszubildende,AUSZUBILDEND,1.0,38.5,9240,9240,8316,10164,5,2,2,8,1,0,nicht anrechenbar,0,0.0,-9240,22,21,4,5,2,3937,1,,,,,,0,,0,,3,3,2,1,1575,1,3,3,2,1,1378,1,2,1,2,0,984,0,ST-IK1,Normalstation Innere Medizin / Kardiologie,30,Innere Medizin und Kardiologie,10.0,22.0,06:00,14:00,450,,13:30,21:30,450,F,21:15,06:15,495,F|S,11,10,8,10,30,45,8,38.5,30,0.1,0,2.0.0,20261133
AZ-003,2026-12-14,plan,14,Montag,1,51,0,0,,Auszubildende_r_1_Ausbildungsjahr,Auszubildende,AUSZUBILDEND,1.0,38.5,9240,9240,8316,10164,5,2,2,0,0,0,nicht anrechenbar,0,0.0,-6006,22,21,4,5,2,3937,1,,,,,,0,,0,,3,3,2,1,1575,1,3,3,2,1,1378,1,2,1,2,0,984,0,ST-IK1,Normalstation Innere Medizin / Kardiologie,30,Innere Medizin und Kardiologie,10.0,22.0,06:00,14:00,450,,13:30,21:30,450,F,21:15,06:15,495,F|S,11,10,8,10,30,45,8,38.5,30,0.1,0,2.0.0,20261133
PH-001,2026-12-14,plan,14,Montag,1,51,0,0,,Pflegehilfskraft,Pflegehilfskraft,PFLEGEHILFE,0.75,28.88,6931,6931,6238,7624,5,2,2,0,0,1,Pflegehilfskraft,0,0.0,-1530,22,21,4,5,2,3937,1,,,,,,0,,0,,3,3,2,1,1575,1,3,3,2,1,1378,1,2,1,2,0,984,0,ST-IK1,Normalstation Innere Medizin / Kardiologie,30,Innere Medizin und Kardiologie,10.0,22.0,06:00,14:00,450,,13:30,21:30,450,F,21:15,06:15,495,F|S,11,10,8,10,30,45,8,38.5,30,0.1,0,2.0.0,20261133
PH-002,2026-12-14,plan,14,Montag,1,51,0,0,,Pflegehilfskraft,Pflegehilfskraft,PFLEGEHILFE,0.5,19.25,4620,4620,4158,5082,5,2,2,0,0,1,Pflegehilfskraft,0,0.0,-1020,22,21,4,5,2,3937,1,,,,,,0,,0,,3,3,2,1,1575,1,3,3,2,1,1378,1,2,1,2,0,984,0,ST-IK1,Normalstation Innere Medizin / Kardiologie,30,Innere Medizin und Kardiologie,10.0,22.0,06:00,14:00,450,,13:30,21:30,450,F,21:15,06:15,495,F|S,11,10,8,10,30,45,8,38.5,30,0.1,0,2.0.0,20261133
PK-001,2026-12-14,plan,14,Montag,1,51,0,0,,Stationsleitung,Pflegefachkraft,EXAM|LEITUNG|PRAXISANLEITUNG,1.0,38.5,9240,4620,4158,5082,5,2,2,0,0,1,Pflegefachkraft,1,0.5,2130,22,21,4,5,2,3937,1,,,,,,0,,0,,3,3,2,1,1575,1,3,3,2,1,1378,1,2,1,2,0,984,0,ST-IK1,Normalstation Innere Medizin / Kardiologie,30,Innere Medizin und Kardiologie,10.0,22.0,06:00,14:00,450,,13:30,21:30,450,F,21:15,06:15,495,F|S,11,10,8,10,30,45,8,38.5,30,0.1,0,2.0.0,20261133
PK-002,2026-12-14,plan,14,Montag,1,51,0,0,,Pflegefachkraft,Pflegefachkraft,EXAM|PRAXISANLEITUNG,0.8,30.8,7392,7392,6653,8131,5,2,2,8,1,1,Pflegefachkraft,0,0.0,-1857,22,21,4,5,2,3937,1,,,,,,0,,0,,3,3,2,1,1575,1,3,3,2,1,1378,1,2,1,2,0,984,0,ST-IK1,Normalstation Innere Medizin / Kardiologie,30,Innere Medizin und Kardiologie,10.0,22.0,06:00,14:00,450,,13:30,21:30,450,F,21:15,06:15,495,F|S,11,10,8,10,30,45,8,38.5,30,0.1,0,2.0.0,20261133
PK-003,2026-12-14,plan,14,Montag,1,51,0,0,,Pflegefachkraft,Pflegefachkraft,EXAM,0.8,30.8,7392,7392,6653,8131,5,2,2,8,1,1,Pflegefachkraft,0,0.0,-1902,22,21,4,5,2,3937,1,,2,,,,0,,0,,3,3,2,1,1575,1,3,3,2,1,1378,1,2,1,2,0,984,0,ST-IK1,Normalstation Innere Medizin / Kardiologie,30,Innere Medizin und Kardiologie,10.0,22.0,06:00,14:00,450,,13:30,21:30,450,F,21:15,06:15,495,F|S,11,10,8,10,30,45,8,38.5,30,0.1,0,2.0.0,20261133
PK-004,2026-12-14,plan,14,Montag,1,51,0,0,,Pflegefachkraft,Pflegefachkraft,EXAM,1.0,38.5,9240,9240,8316,10164,5,2,2,8,1,1,Pflegefachkraft,0,0.0,-2625,22,21,4,5,2,3937,1,,,,,,0,,0,,3,3,2,1,1575,1,3,3,2,1,1378,1,2,1,2,0,984,0,ST-IK1,Normalstation Innere Medizin / Kardiologie,30,Innere Medizin und Kardiologie,10.0,22.0,06:00,14:00,450,,13:30,21:30,450,F,21:15,06:15,495,F|S,11,10,8,10,30,45,8,38.5,30,0.1,0,2.0.0,20261133
PK-005,2026-12-14,plan,14,Montag,1,51,0,0,,Pflegefachkraft,Pflegefachkraft,EXAM,1.0,38.5,9240,9240,8316,10164,5,2,2,8,1,1,Pflegefachkraft,0,0.0,-2625,22,21,4,5,2,3937,1,,,,,,0,,0,,3,3,2,1,1575,1,3,3,2,1,1378,1,2,1,2,0,984,0,ST-IK1,Normalstation Innere Medizin / Kardiologie,30,Innere Medizin und Kardiologie,10.0,22.0,06:00,14:00,450,,13:30,21:30,450,F,21:15,06:15,495,F|S,11,10,8,10,30,45,8,38.5,30,0.1,0,2.0.0,20261133
PK-006,2026-12-14,plan,14,Montag,1,51,0,0,,Pflegefachkraft,Pflegefachkraft,EXAM|PRAXISANLEITUNG|KARDIO_MONITORING,1.0,38.5,9240,9240,8316,10164,5,2,2,8,1,1,Pflegefachkraft,0,0.0,1104,22,21,4,5,2,3937,1,,3,,,,0,,0,,3,3,2,1,1575,1,3,3,2,1,1378,1,2,1,2,0,984,0,ST-IK1,Normalstation Innere Medizin / Kardiologie,30,Innere Medizin und Kardiologie,10.0,22.0,06:00,14:00,450,,13:30,21:30,450,F,21:15,06:15,495,F|S,11,10,8,10,30,45,8,38.5,30,0.1,0,2.0.0,20261133
PK-007,2026-12-14,plan,14,Montag,1,51,0,0,,Pflegefachkraft,Pflegefachkraft,EXAM,0.75,28.88,6931,6931,6238,7624,5,2,2,8,1,1,Pflegefachkraft,0,0.0,-1800,22,21,4,5,2,3937,1,,,,,,0,,0,,3,3,2,1,1575,1,3,3,2,1,1378,1,2,1,2,0,984,0,ST-IK1,Normalstation Innere Medizin / Kardiologie,30,Innere Medizin und Kardiologie,10.0,22.0,06:00,14:00,450,,13:30,21:30,450,F,21:15,06:15,495,F|S,11,10,8,10,30,45,8,38.5,30,0.1,0,2.0.0,20261133
PK-008,2026-12-14,plan,14,Montag,1,51,0,0,,Pflegefachkraft,Pflegefachkraft,EXAM|PRAXISANLEITUNG,0.6,23.1,5544,5544,4990,6098,5,2,2,8,1,1,Pflegefachkraft,0,0.0,-1449,22,21,4,5,2,3937,1,,,,,,0,,0,,3,3,2,1,1575,1,3,3,2,1,1378,1,2,1,2,0,984,0,ST-IK1,Normalstation Innere Medizin / Kardiologie,30,Innere Medizin und Kardiologie,10.0,22.0,06:00,14:00,450,,13:30,21:30,450,F,21:15,06:15,495,F|S,11,10,8,10,30,45,8,38.5,30,0.1,0,2.0.0,20261133
PK-009,2026-12-14,plan,14,Montag,1,51,0,0,,Pflegefachkraft,Pflegefachkraft,EXAM|KARDIO_MONITORING,0.6,23.1,5544,5544,4990,6098,5,2,2,8,1,1,Pflegefachkraft,0,0.0,-1494,22,21,4,5,2,3937,1,,,,,,0,,0,,3,3,2,1,1575,1,3,3,2,1,1378,1,2,1,2,0,984,0,ST-IK1,Normalstation Innere Medizin / Kardiologie,30,Innere Medizin und Kardiologie,10.0,22.0,06:00,14:00,450,,13:30,21:30,450,F,21:15,06:15,495,F|S,11,10,8,10,30,45,8,38.5,30,0.1,0,2.0.0,20261133
PK-010,2026-12-14,plan,14,Montag,1,51,0,0,,Pflegefachkraft,Pflegefachkraft,EXAM|KARDIO_MONITORING,0.9,34.65,8316,8316,7484,9148,5,2,2,8,1,1,Pflegefachkraft,0,0.0,-1971,22,21,4,5,2,3937,1,,,,,,0,,0,,3,3,2,1,1575,1,3,3,2,1,1378,1,2,1,2,0,984,0,ST-IK1,Normalstation Innere Medizin / Kardiologie,30,Innere Medizin und Kardiologie,10.0,22.0,06:00,14:00,450,,13:30,21:30,450,F,21:15,06:15,495,F|S,11,10,8,10,30,45,8,38.5,30,0.1,0,2.0.0,20261133
PK-011,2026-12-14,plan,14,Montag,1,51,0,0,,Pflegefachkraft,Pflegefachkraft,EXAM|PRAXISANLEITUNG,0.5,19.25,4620,4620,4158,5082,5,2,2,8,1,1,Pflegefachkraft,0,0.0,-885,22,21,4,5,2,3937,1,,,,,,0,,0,,3,3,2,1,1575,1,3,3,2,1,1378,1,2,1,2,0,984,0,ST-IK1,Normalstation Innere Medizin / Kardiologie,30,Innere Medizin und Kardiologie,10.0,22.0,06:00,14:00,450,,13:30,21:30,450,F,21:15,06:15,495,F|S,11,10,8,10,30,45,8,38.5,30,0.1,0,2.0.0,20261133
PK-012,2026-12-14,plan,14,Montag,1,51,0,0,,Pflegefachkraft,Pflegefachkraft,EXAM|KARDIO_MONITORING,0.75,28.88,6931,6931,6238,7624,5,2,2,8,1,1,Pflegefachkraft,0,0.0,-1845,22,21,4,5,2,3937,1,,,,,,0,,0,,3,3,2,1,1575,1,3,3,2,1,1378,1,2,1,2,0,984,0,ST-IK1,Normalstation Innere Medizin / Kardiologie,30,Innere Medizin und Kardiologie,10.0,22.0,06:00,14:00,450,,13:30,21:30,450,F,21:15,06:15,495,F|S,11,10,8,10,30,45,8,38.5,30,0.1,0,2.0.0,20261133
PK-013,2026-12-14,plan,14,Montag,1,51,0,0,,Pflegefachkraft,Pflegefachkraft,EXAM,1.0,38.5,9240,9240,8316,10164,5,2,2,8,1,1,Pflegefachkraft,0,0.0,-2445,22,21,4,5,2,3937,1,,,,,,0,,1,8,3,3,2,1,1575,1,3,3,2,1,1378,1,2,1,2,0,984,0,ST-IK1,Normalstation Innere Medizin / Kardiologie,30,Innere Medizin und Kardiologie,10.0,22.0,06:00,14:00,450,,13:30,21:30,450,F,21:15,06:15,495,F|S,11,10,8,10,30,45,8,38.5,30,0.1,0,2.0.0,20261133
PK-014,2026-12-14,plan,14,Montag,1,51,0,0,,Pflegefachkraft,Pflegefachkraft,EXAM|PRAXISANLEITUNG,0.75,28.88,6931,6931,6238,7624,5,2,2,8,1,1,Pflegefachkraft,0,0.0,-1440,22,21,4,5,2,3937,1,,,,,,0,,0,,3,3,2,1,1575,1,3,3,2,1,1378,1,2,1,2,0,984,0,ST-IK1,Normalstation Innere Medizin / Kardiologie,30,Innere Medizin und Kardiologie,10.0,22.0,06:00,14:00,450,,13:30,21:30,450,F,21:15,06:15,495,F|S,11,10,8,10,30,45,8,38.5,30,0.1,0,2.0.0,20261133
PK-015,2026-12-14,plan,14,Montag,1,51,0,0,,Pflegefachkraft,Pflegefachkraft,EXAM|KARDIO_MONITORING,0.8,30.8,7392,7392,6653,8131,5,2,2,8,1,1,Pflegefachkraft,0,0.0,-1992,22,21,4,5,2,3937,1,,,,,,0,,0,,3,3,2,1,1575,1,3,3,2,1,1378,1,2,1,2,0,984,0,ST-IK1,Normalstation Innere Medizin / Kardiologie,30,Innere Medizin und Kardiologie,10.0,22.0,06:00,14:00,450,,13:30,21:30,450,F,21:15,06:15,495,F|S,11,10,8,10,30,45,8,38.5,30,0.1,0,2.0.0,20261133
PK-016,2026-12-14,plan,14,Montag,1,51,0,0,,Pflegefachkraft,Pflegefachkraft,EXAM|KARDIO_MONITORING,0.7,26.95,6468,6468,5821,7115,5,2,2,8,1,1,Pflegefachkraft,0,0.0,566,22,21,4,5,2,3937,1,,,,,,0,,1,8,3,3,2,1,1575,1,3,3,2,1,1378,1,2,1,2,0,984,0,ST-IK1,Normalstation Innere Medizin / Kardiologie,30,Innere Medizin und Kardiologie,10.0,22.0,06:00,14:00,450,,13:30,21:30,450,F,21:15,06:15,495,F|S,11,10,8,10,30,45,8,38.5,30,0.1,0,2.0.0,20261133
PK-017,2026-12-14,plan,14,Montag,1,51,0,0,,Pflegefachkraft,Pflegefachkraft,EXAM|PRAXISANLEITUNG|KARDIO_MONITORING,1.0,38.5,9240,9240,8316,10164,5,2,2,8,1,1,Pflegefachkraft,0,0.0,-2265,22,21,4,5,2,3937,1,,,,,,0,,0,,3,3,2,1,1575,1,3,3,2,1,1378,1,2,1,2,0,984,0,ST-IK1,Normalstation Innere Medizin / Kardiologie,30,Innere Medizin und Kardiologie,10.0,22.0,06:00,14:00,450,,13:30,21:30,450,F,21:15,06:15,495,F|S,11,10,8,10,30,45,8,38.5,30,0.1,0,2.0.0,20261133
PK-018,2026-12-14,plan,14,Montag,1,51,0,0,,Pflegefachkraft,Pflegefachkraft,EXAM,0.5,19.25,4620,4620,4158,5082,5,2,2,8,1,1,Pflegefachkraft,0,0.0,-885,22,21,4,5,2,3937,0,LANGZEITABWESENHEIT,,,,,0,,0,,3,3,2,1,1575,1,3,3,2,1,1378,1,2,1,2,0,984,0,ST-IK1,Normalstation Innere Medizin / Kardiologie,30,Innere Medizin und Kardiologie,10.0,22.0,06:00,14:00,450,,13:30,21:30,450,F,21:15,06:15,495,F|S,11,10,8,10,30,45,8,38.5,30,0.1,0,2.0.0,20261133
AZ-001,2026-12-15,plan,15,Dienstag,2,51,0,0,,Auszubildende_r_3_Ausbildungsjahr,Auszubildende,AUSZUBILDEND,1.0,38.5,9240,9240,8316,10164,5,2,2,8,1,0,nicht anrechenbar,0,0.0,-9240,26,26,5,6,0,4693,1,,,,,,0,,0,,4,3,3,1,1877,1,4,3,3,1,1643,1,2,2,2,0,1173,0,ST-IK1,Normalstation Innere Medizin / Kardiologie,30,Innere Medizin und Kardiologie,10.0,22.0,06:00,14:00,450,,13:30,21:30,450,F,21:15,06:15,495,F|S,11,10,8,10,30,45,8,38.5,30,0.1,0,2.0.0,20261133
AZ-002,2026-12-15,plan,15,Dienstag,2,51,0,0,,Auszubildende_r_2_Ausbildungsjahr,Auszubildende,AUSZUBILDEND,1.0,38.5,9240,9240,8316,10164,5,2,2,8,1,0,nicht anrechenbar,0,0.0,-9240,26,26,5,6,0,4693,1,,,,,,0,,0,,4,3,3,1,1877,1,4,3,3,1,1643,1,2,2,2,0,1173,0,ST-IK1,Normalstation Innere Medizin / Kardiologie,30,Innere Medizin und Kardiologie,10.0,22.0,06:00,14:00,450,,13:30,21:30,450,F,21:15,06:15,495,F|S,11,10,8,10,30,45,8,38.5,30,0.1,0,2.0.0,20261133
AZ-003,2026-12-15,plan,15,Dienstag,2,51,0,0,,Auszubildende_r_1_Ausbildungsjahr,Auszubildende,AUSZUBILDEND,1.0,38.5,9240,9240,8316,10164,5,2,2,0,0,0,nicht anrechenbar,0,0.0,-6006,26,26,5,6,0,4693,1,,,,,,0,,0,,4,3,3,1,1877,1,4,3,3,1,1643,1,2,2,2,0,1173,0,ST-IK1,Normalstation Innere Medizin / Kardiologie,30,Innere Medizin und Kardiologie,10.0,22.0,06:00,14:00,450,,13:30,21:30,450,F,21:15,06:15,495,F|S,11,10,8,10,30,45,8,38.5,30,0.1,0,2.0.0,20261133
PH-001,2026-12-15,plan,15,Dienstag,2,51,0,0,,Pflegehilfskraft,Pflegehilfskraft,PFLEGEHILFE,0.75,28.88,6931,6931,6238,7624,5,2,2,0,0,1,Pflegehilfskraft,0,0.0,-1530,26,26,5,6,0,4693,1,,,,,,0,,0,,4,3,3,1,1877,1,4,3,3,1,1643,1,2,2,2,0,1173,0,ST-IK1,Normalstation Innere Medizin / Kardiologie,30,Innere Medizin und Kardiologie,10.0,22.0,06:00,14:00,450,,13:30,21:30,450,F,21:15,06:15,495,F|S,11,10,8,10,30,45,8,38.5,30,0.1,0,2.0.0,20261133
PH-002,2026-12-15,plan,15,Dienstag,2,51,0,0,,Pflegehilfskraft,Pflegehilfskraft,PFLEGEHILFE,0.5,19.25,4620,4620,4158,5082,5,2,2,0,0,1,Pflegehilfskraft,0,0.0,-1020,26,26,5,6,0,4693,1,,,,,,0,,0,,4,3,3,1,1877,1,4,3,3,1,1643,1,2,2,2,0,1173,0,ST-IK1,Normalstation Innere Medizin / Kardiologie,30,Innere Medizin und Kardiologie,10.0,22.0,06:00,14:00,450,,13:30,21:30,450,F,21:15,06:15,495,F|S,11,10,8,10,30,45,8,38.5,30,0.1,0,2.0.0,20261133
PK-001,2026-12-15,plan,15,Dienstag,2,51,0,0,,Stationsleitung,Pflegefachkraft,EXAM|LEITUNG|PRAXISANLEITUNG,1.0,38.5,9240,4620,4158,5082,5,2,2,0,0,1,Pflegefachkraft,1,0.5,2130,26,26,5,6,0,4693,1,,,,,,0,,0,,4,3,3,1,1877,1,4,3,3,1,1643,1,2,2,2,0,1173,0,ST-IK1,Normalstation Innere Medizin / Kardiologie,30,Innere Medizin und Kardiologie,10.0,22.0,06:00,14:00,450,,13:30,21:30,450,F,21:15,06:15,495,F|S,11,10,8,10,30,45,8,38.5,30,0.1,0,2.0.0,20261133
PK-002,2026-12-15,plan,15,Dienstag,2,51,0,0,,Pflegefachkraft,Pflegefachkraft,EXAM|PRAXISANLEITUNG,0.8,30.8,7392,7392,6653,8131,5,2,2,8,1,1,Pflegefachkraft,0,0.0,-1857,26,26,5,6,0,4693,1,,,,,,0,,0,,4,3,3,1,1877,1,4,3,3,1,1643,1,2,2,2,0,1173,0,ST-IK1,Normalstation Innere Medizin / Kardiologie,30,Innere Medizin und Kardiologie,10.0,22.0,06:00,14:00,450,,13:30,21:30,450,F,21:15,06:15,495,F|S,11,10,8,10,30,45,8,38.5,30,0.1,0,2.0.0,20261133
PK-003,2026-12-15,plan,15,Dienstag,2,51,0,0,,Pflegefachkraft,Pflegefachkraft,EXAM,0.8,30.8,7392,7392,6653,8131,5,2,2,8,1,1,Pflegefachkraft,0,0.0,-1902,26,26,5,6,0,4693,1,,,,,,1,2,0,,4,3,3,1,1877,1,4,3,3,1,1643,1,2,2,2,0,1173,0,ST-IK1,Normalstation Innere Medizin / Kardiologie,30,Innere Medizin und Kardiologie,10.0,22.0,06:00,14:00,450,,13:30,21:30,450,F,21:15,06:15,495,F|S,11,10,8,10,30,45,8,38.5,30,0.1,0,2.0.0,20261133
PK-004,2026-12-15,plan,15,Dienstag,2,51,0,0,,Pflegefachkraft,Pflegefachkraft,EXAM,1.0,38.5,9240,9240,8316,10164,5,2,2,8,1,1,Pflegefachkraft,0,0.0,-2625,26,26,5,6,0,4693,1,,,,,,0,,1,12,4,3,3,1,1877,1,4,3,3,1,1643,1,2,2,2,0,1173,0,ST-IK1,Normalstation Innere Medizin / Kardiologie,30,Innere Medizin und Kardiologie,10.0,22.0,06:00,14:00,450,,13:30,21:30,450,F,21:15,06:15,495,F|S,11,10,8,10,30,45,8,38.5,30,0.1,0,2.0.0,20261133
PK-005,2026-12-15,plan,15,Dienstag,2,51,0,0,,Pflegefachkraft,Pflegefachkraft,EXAM,1.0,38.5,9240,9240,8316,10164,5,2,2,8,1,1,Pflegefachkraft,0,0.0,-2625,26,26,5,6,0,4693,1,,,,,,0,,1,2,4,3,3,1,1877,1,4,3,3,1,1643,1,2,2,2,0,1173,0,ST-IK1,Normalstation Innere Medizin / Kardiologie,30,Innere Medizin und Kardiologie,10.0,22.0,06:00,14:00,450,,13:30,21:30,450,F,21:15,06:15,495,F|S,11,10,8,10,30,45,8,38.5,30,0.1,0,2.0.0,20261133
PK-006,2026-12-15,plan,15,Dienstag,2,51,0,0,,Pflegefachkraft,Pflegefachkraft,EXAM|PRAXISANLEITUNG|KARDIO_MONITORING,1.0,38.5,9240,9240,8316,10164,5,2,2,8,1,1,Pflegefachkraft,0,0.0,1104,26,26,5,6,0,4693,1,,,,,,0,,0,,4,3,3,1,1877,1,4,3,3,1,1643,1,2,2,2,0,1173,0,ST-IK1,Normalstation Innere Medizin / Kardiologie,30,Innere Medizin und Kardiologie,10.0,22.0,06:00,14:00,450,,13:30,21:30,450,F,21:15,06:15,495,F|S,11,10,8,10,30,45,8,38.5,30,0.1,0,2.0.0,20261133
PK-007,2026-12-15,plan,15,Dienstag,2,51,0,0,,Pflegefachkraft,Pflegefachkraft,EXAM,0.75,28.88,6931,6931,6238,7624,5,2,2,8,1,1,Pflegefachkraft,0,0.0,-1800,26,26,5,6,0,4693,1,,,,,,0,,0,,4,3,3,1,1877,1,4,3,3,1,1643,1,2,2,2,0,1173,0,ST-IK1,Normalstation Innere Medizin / Kardiologie,30,Innere Medizin und Kardiologie,10.0,22.0,06:00,14:00,450,,13:30,21:30,450,F,21:15,06:15,495,F|S,11,10,8,10,30,45,8,38.5,30,0.1,0,2.0.0,20261133
PK-008,2026-12-15,plan,15,Dienstag,2,51,0,0,,Pflegefachkraft,Pflegefachkraft,EXAM|PRAXISANLEITUNG,0.6,23.1,5544,5544,4990,6098,5,2,2,8,1,1,Pflegefachkraft,0,0.0,-1449,26,26,5,6,0,4693,1,,,,,,0,,0,,4,3,3,1,1877,1,4,3,3,1,1643,1,2,2,2,0,1173,0,ST-IK1,Normalstation Innere Medizin / Kardiologie,30,Innere Medizin und Kardiologie,10.0,22.0,06:00,14:00,450,,13:30,21:30,450,F,21:15,06:15,495,F|S,11,10,8,10,30,45,8,38.5,30,0.1,0,2.0.0,20261133
PK-009,2026-12-15,plan,15,Dienstag,2,51,0,0,,Pflegefachkraft,Pflegefachkraft,EXAM|KARDIO_MONITORING,0.6,23.1,5544,5544,4990,6098,5,2,2,8,1,1,Pflegefachkraft,0,0.0,-1494,26,26,5,6,0,4693,1,,,,,,0,,0,,4,3,3,1,1877,1,4,3,3,1,1643,1,2,2,2,0,1173,0,ST-IK1,Normalstation Innere Medizin / Kardiologie,30,Innere Medizin und Kardiologie,10.0,22.0,06:00,14:00,450,,13:30,21:30,450,F,21:15,06:15,495,F|S,11,10,8,10,30,45,8,38.5,30,0.1,0,2.0.0,20261133
PK-010,2026-12-15,plan,15,Dienstag,2,51,0,0,,Pflegefachkraft,Pflegefachkraft,EXAM|KARDIO_MONITORING,0.9,34.65,8316,8316,7484,9148,5,2,2,8,1,1,Pflegefachkraft,0,0.0,-1971,26,26,5,6,0,4693,1,,,,,,0,,0,,4,3,3,1,1877,1,4,3,3,1,1643,1,2,2,2,0,1173,0,ST-IK1,Normalstation Innere Medizin / Kardiologie,30,Innere Medizin und Kardiologie,10.0,22.0,06:00,14:00,450,,13:30,21:30,450,F,21:15,06:15,495,F|S,11,10,8,10,30,45,8,38.5,30,0.1,0,2.0.0,20261133
PK-011,2026-12-15,plan,15,Dienstag,2,51,0,0,,Pflegefachkraft,Pflegefachkraft,EXAM|PRAXISANLEITUNG,0.5,19.25,4620,4620,4158,5082,5,2,2,8,1,1,Pflegefachkraft,0,0.0,-885,26,26,5,6,0,4693,1,,,,,,0,,0,,4,3,3,1,1877,1,4,3,3,1,1643,1,2,2,2,0,1173,0,ST-IK1,Normalstation Innere Medizin / Kardiologie,30,Innere Medizin und Kardiologie,10.0,22.0,06:00,14:00,450,,13:30,21:30,450,F,21:15,06:15,495,F|S,11,10,8,10,30,45,8,38.5,30,0.1,0,2.0.0,20261133
PK-012,2026-12-15,plan,15,Dienstag,2,51,0,0,,Pflegefachkraft,Pflegefachkraft,EXAM|KARDIO_MONITORING,0.75,28.88,6931,6931,6238,7624,5,2,2,8,1,1,Pflegefachkraft,0,0.0,-1845,26,26,5,6,0,4693,1,,,,,,0,,0,,4,3,3,1,1877,1,4,3,3,1,1643,1,2,2,2,0,1173,0,ST-IK1,Normalstation Innere Medizin / Kardiologie,30,Innere Medizin und Kardiologie,10.0,22.0,06:00,14:00,450,,13:30,21:30,450,F,21:15,06:15,495,F|S,11,10,8,10,30,45,8,38.5,30,0.1,0,2.0.0,20261133
PK-013,2026-12-15,plan,15,Dienstag,2,51,0,0,,Pflegefachkraft,Pflegefachkraft,EXAM,1.0,38.5,9240,9240,8316,10164,5,2,2,8,1,1,Pflegefachkraft,0,0.0,-2445,26,26,5,6,0,4693,1,,,,,,0,,1,24,4,3,3,1,1877,1,4,3,3,1,1643,1,2,2,2,0,1173,0,ST-IK1,Normalstation Innere Medizin / Kardiologie,30,Innere Medizin und Kardiologie,10.0,22.0,06:00,14:00,450,,13:30,21:30,450,F,21:15,06:15,495,F|S,11,10,8,10,30,45,8,38.5,30,0.1,0,2.0.0,20261133
PK-014,2026-12-15,plan,15,Dienstag,2,51,0,0,,Pflegefachkraft,Pflegefachkraft,EXAM|PRAXISANLEITUNG,0.75,28.88,6931,6931,6238,7624,5,2,2,8,1,1,Pflegefachkraft,0,0.0,-1440,26,26,5,6,0,4693,1,,,,,,0,,1,8,4,3,3,1,1877,1,4,3,3,1,1643,1,2,2,2,0,1173,0,ST-IK1,Normalstation Innere Medizin / Kardiologie,30,Innere Medizin und Kardiologie,10.0,22.0,06:00,14:00,450,,13:30,21:30,450,F,21:15,06:15,495,F|S,11,10,8,10,30,45,8,38.5,30,0.1,0,2.0.0,20261133
PK-015,2026-12-15,plan,15,Dienstag,2,51,0,0,,Pflegefachkraft,Pflegefachkraft,EXAM|KARDIO_MONITORING,0.8,30.8,7392,7392,6653,8131,5,2,2,8,1,1,Pflegefachkraft,0,0.0,-1992,26,26,5,6,0,4693,1,,,,,,0,,0,,4,3,3,1,1877,1,4,3,3,1,1643,1,2,2,2,0,1173,0,ST-IK1,Normalstation Innere Medizin / Kardiologie,30,Innere Medizin und Kardiologie,10.0,22.0,06:00,14:00,450,,13:30,21:30,450,F,21:15,06:15,495,F|S,11,10,8,10,30,45,8,38.5,30,0.1,0,2.0.0,20261133
PK-016,2026-12-15,plan,15,Dienstag,2,51,0,0,,Pflegefachkraft,Pflegefachkraft,EXAM|KARDIO_MONITORING,0.7,26.95,6468,6468,5821,7115,5,2,2,8,1,1,Pflegefachkraft,0,0.0,566,26,26,5,6,0,4693,1,,,,,,0,,1,24,4,3,3,1,1877,1,4,3,3,1,1643,1,2,2,2,0,1173,0,ST-IK1,Normalstation Innere Medizin / Kardiologie,30,Innere Medizin und Kardiologie,10.0,22.0,06:00,14:00,450,,13:30,21:30,450,F,21:15,06:15,495,F|S,11,10,8,10,30,45,8,38.5,30,0.1,0,2.0.0,20261133
PK-017,2026-12-15,plan,15,Dienstag,2,51,0,0,,Pflegefachkraft,Pflegefachkraft,EXAM|PRAXISANLEITUNG|KARDIO_MONITORING,1.0,38.5,9240,9240,8316,10164,5,2,2,8,1,1,Pflegefachkraft,0,0.0,-2265,26,26,5,6,0,4693,1,,,,,,0,,0,,4,3,3,1,1877,1,4,3,3,1,1643,1,2,2,2,0,1173,0,ST-IK1,Normalstation Innere Medizin / Kardiologie,30,Innere Medizin und Kardiologie,10.0,22.0,06:00,14:00,450,,13:30,21:30,450,F,21:15,06:15,495,F|S,11,10,8,10,30,45,8,38.5,30,0.1,0,2.0.0,20261133
PK-018,2026-12-15,plan,15,Dienstag,2,51,0,0,,Pflegefachkraft,Pflegefachkraft,EXAM,0.5,19.25,4620,4620,4158,5082,5,2,2,8,1,1,Pflegefachkraft,0,0.0,-885,26,26,5,6,0,4693,0,LANGZEITABWESENHEIT,,,,,0,,0,,4,3,3,1,1877,1,4,3,3,1,1643,1,2,2,2,0,1173,0,ST-IK1,Normalstation Innere Medizin / Kardiologie,30,Innere Medizin und Kardiologie,10.0,22.0,06:00,14:00,450,,13:30,21:30,450,F,21:15,06:15,495,F|S,11,10,8,10,30,45,8,38.5,30,0.1,0,2.0.0,20261133
AZ-001,2026-12-16,plan,16,Mittwoch,3,51,0,0,,Auszubildende_r_3_Ausbildungsjahr,Auszubildende,AUSZUBILDEND,1.0,38.5,9240,9240,8316,10164,5,2,2,8,1,0,nicht anrechenbar,0,0.0,-9240,24,23,3,3,1,4597,1,,,,,,0,,0,,4,3,3,1,1839,1,4,3,3,1,1609,1,2,2,2,0,1149,0,ST-IK1,Normalstation Innere Medizin / Kardiologie,30,Innere Medizin und Kardiologie,10.0,22.0,06:00,14:00,450,,13:30,21:30,450,F,21:15,06:15,495,F|S,11,10,8,10,30,45,8,38.5,30,0.1,0,2.0.0,20261133
AZ-002,2026-12-16,plan,16,Mittwoch,3,51,0,0,,Auszubildende_r_2_Ausbildungsjahr,Auszubildende,AUSZUBILDEND,1.0,38.5,9240,9240,8316,10164,5,2,2,8,1,0,nicht anrechenbar,0,0.0,-9240,24,23,3,3,1,4597,1,,,,,,0,,0,,4,3,3,1,1839,1,4,3,3,1,1609,1,2,2,2,0,1149,0,ST-IK1,Normalstation Innere Medizin / Kardiologie,30,Innere Medizin und Kardiologie,10.0,22.0,06:00,14:00,450,,13:30,21:30,450,F,21:15,06:15,495,F|S,11,10,8,10,30,45,8,38.5,30,0.1,0,2.0.0,20261133
AZ-003,2026-12-16,plan,16,Mittwoch,3,51,0,0,,Auszubildende_r_1_Ausbildungsjahr,Auszubildende,AUSZUBILDEND,1.0,38.5,9240,9240,8316,10164,5,2,2,0,0,0,nicht anrechenbar,0,0.0,-6006,24,23,3,3,1,4597,1,,,,,,0,,0,,4,3,3,1,1839,1,4,3,3,1,1609,1,2,2,2,0,1149,0,ST-IK1,Normalstation Innere Medizin / Kardiologie,30,Innere Medizin und Kardiologie,10.0,22.0,06:00,14:00,450,,13:30,21:30,450,F,21:15,06:15,495,F|S,11,10,8,10,30,45,8,38.5,30,0.1,0,2.0.0,20261133
PH-001,2026-12-16,plan,16,Mittwoch,3,51,0,0,,Pflegehilfskraft,Pflegehilfskraft,PFLEGEHILFE,0.75,28.88,6931,6931,6238,7624,5,2,2,0,0,1,Pflegehilfskraft,0,0.0,-1530,24,23,3,3,1,4597,1,,,,,,0,,0,,4,3,3,1,1839,1,4,3,3,1,1609,1,2,2,2,0,1149,0,ST-IK1,Normalstation Innere Medizin / Kardiologie,30,Innere Medizin und Kardiologie,10.0,22.0,06:00,14:00,450,,13:30,21:30,450,F,21:15,06:15,495,F|S,11,10,8,10,30,45,8,38.5,30,0.1,0,2.0.0,20261133
PH-002,2026-12-16,plan,16,Mittwoch,3,51,0,0,,Pflegehilfskraft,Pflegehilfskraft,PFLEGEHILFE,0.5,19.25,4620,4620,4158,5082,5,2,2,0,0,1,Pflegehilfskraft,0,0.0,-1020,24,23,3,3,1,4597,1,,,,,,0,,0,,4,3,3,1,1839,1,4,3,3,1,1609,1,2,2,2,0,1149,0,ST-IK1,Normalstation Innere Medizin / Kardiologie,30,Innere Medizin und Kardiologie,10.0,22.0,06:00,14:00,450,,13:30,21:30,450,F,21:15,06:15,495,F|S,11,10,8,10,30,45,8,38.5,30,0.1,0,2.0.0,20261133
PK-001,2026-12-16,plan,16,Mittwoch,3,51,0,0,,Stationsleitung,Pflegefachkraft,EXAM|LEITUNG|PRAXISANLEITUNG,1.0,38.5,9240,4620,4158,5082,5,2,2,0,0,1,Pflegefachkraft,1,0.5,2130,24,23,3,3,1,4597,1,,3,,,,0,,0,,4,3,3,1,1839,1,4,3,3,1,1609,1,2,2,2,0,1149,0,ST-IK1,Normalstation Innere Medizin / Kardiologie,30,Innere Medizin und Kardiologie,10.0,22.0,06:00,14:00,450,,13:30,21:30,450,F,21:15,06:15,495,F|S,11,10,8,10,30,45,8,38.5,30,0.1,0,2.0.0,20261133
PK-002,2026-12-16,plan,16,Mittwoch,3,51,0,0,,Pflegefachkraft,Pflegefachkraft,EXAM|PRAXISANLEITUNG,0.8,30.8,7392,7392,6653,8131,5,2,2,8,1,1,Pflegefachkraft,0,0.0,-1857,24,23,3,3,1,4597,1,,,,,,0,,0,,4,3,3,1,1839,1,4,3,3,1,1609,1,2,2,2,0,1149,0,ST-IK1,Normalstation Innere Medizin / Kardiologie,30,Innere Medizin und Kardiologie,10.0,22.0,06:00,14:00,450,,13:30,21:30,450,F,21:15,06:15,495,F|S,11,10,8,10,30,45,8,38.5,30,0.1,0,2.0.0,20261133
PK-003,2026-12-16,plan,16,Mittwoch,3,51,0,0,,Pflegefachkraft,Pflegefachkraft,EXAM,0.8,30.8,7392,7392,6653,8131,5,2,2,8,1,1,Pflegefachkraft,0,0.0,-1902,24,23,3,3,1,4597,1,,,,,,0,,0,,4,3,3,1,1839,1,4,3,3,1,1609,1,2,2,2,0,1149,0,ST-IK1,Normalstation Innere Medizin / Kardiologie,30,Innere Medizin und Kardiologie,10.0,22.0,06:00,14:00,450,,13:30,21:30,450,F,21:15,06:15,495,F|S,11,10,8,10,30,45,8,38.5,30,0.1,0,2.0.0,20261133
PK-004,2026-12-16,plan,16,Mittwoch,3,51,0,0,,Pflegefachkraft,Pflegefachkraft,EXAM,1.0,38.5,9240,9240,8316,10164,5,2,2,8,1,1,Pflegefachkraft,0,0.0,-2625,24,23,3,3,1,4597,1,,,,,,0,,1,24,4,3,3,1,1839,1,4,3,3,1,1609,1,2,2,2,0,1149,0,ST-IK1,Normalstation Innere Medizin / Kardiologie,30,Innere Medizin und Kardiologie,10.0,22.0,06:00,14:00,450,,13:30,21:30,450,F,21:15,06:15,495,F|S,11,10,8,10,30,45,8,38.5,30,0.1,0,2.0.0,20261133
PK-005,2026-12-16,plan,16,Mittwoch,3,51,0,0,,Pflegefachkraft,Pflegefachkraft,EXAM,1.0,38.5,9240,9240,8316,10164,5,2,2,8,1,1,Pflegefachkraft,0,0.0,-2625,24,23,3,3,1,4597,1,,,,,,0,,1,24,4,3,3,1,1839,1,4,3,3,1,1609,1,2,2,2,0,1149,0,ST-IK1,Normalstation Innere Medizin / Kardiologie,30,Innere Medizin und Kardiologie,10.0,22.0,06:00,14:00,450,,13:30,21:30,450,F,21:15,06:15,495,F|S,11,10,8,10,30,45,8,38.5,30,0.1,0,2.0.0,20261133
PK-006,2026-12-16,plan,16,Mittwoch,3,51,0,0,,Pflegefachkraft,Pflegefachkraft,EXAM|PRAXISANLEITUNG|KARDIO_MONITORING,1.0,38.5,9240,9240,8316,10164,5,2,2,8,1,1,Pflegefachkraft,0,0.0,1104,24,23,3,3,1,4597,1,,,,,,0,,0,,4,3,3,1,1839,1,4,3,3,1,1609,1,2,2,2,0,1149,0,ST-IK1,Normalstation Innere Medizin / Kardiologie,30,Innere Medizin und Kardiologie,10.0,22.0,06:00,14:00,450,,13:30,21:30,450,F,21:15,06:15,495,F|S,11,10,8,10,30,45,8,38.5,30,0.1,0,2.0.0,20261133
PK-007,2026-12-16,plan,16,Mittwoch,3,51,0,0,,Pflegefachkraft,Pflegefachkraft,EXAM,0.75,28.88,6931,6931,6238,7624,5,2,2,8,1,1,Pflegefachkraft,0,0.0,-1800,24,23,3,3,1,4597,1,,,,,,0,,0,,4,3,3,1,1839,1,4,3,3,1,1609,1,2,2,2,0,1149,0,ST-IK1,Normalstation Innere Medizin / Kardiologie,30,Innere Medizin und Kardiologie,10.0,22.0,06:00,14:00,450,,13:30,21:30,450,F,21:15,06:15,495,F|S,11,10,8,10,30,45,8,38.5,30,0.1,0,2.0.0,20261133
PK-008,2026-12-16,plan,16,Mittwoch,3,51,0,0,,Pflegefachkraft,Pflegefachkraft,EXAM|PRAXISANLEITUNG,0.6,23.1,5544,5544,4990,6098,5,2,2,8,1,1,Pflegefachkraft,0,0.0,-1449,24,23,3,3,1,4597,1,,,,,,0,,0,,4,3,3,1,1839,1,4,3,3,1,1609,1,2,2,2,0,1149,0,ST-IK1,Normalstation Innere Medizin / Kardiologie,30,Innere Medizin und Kardiologie,10.0,22.0,06:00,14:00,450,,13:30,21:30,450,F,21:15,06:15,495,F|S,11,10,8,10,30,45,8,38.5,30,0.1,0,2.0.0,20261133
PK-009,2026-12-16,plan,16,Mittwoch,3,51,0,0,,Pflegefachkraft,Pflegefachkraft,EXAM|KARDIO_MONITORING,0.6,23.1,5544,5544,4990,6098,5,2,2,8,1,1,Pflegefachkraft,0,0.0,-1494,24,23,3,3,1,4597,1,,3,,,,0,,0,,4,3,3,1,1839,1,4,3,3,1,1609,1,2,2,2,0,1149,0,ST-IK1,Normalstation Innere Medizin / Kardiologie,30,Innere Medizin und Kardiologie,10.0,22.0,06:00,14:00,450,,13:30,21:30,450,F,21:15,06:15,495,F|S,11,10,8,10,30,45,8,38.5,30,0.1,0,2.0.0,20261133
PK-010,2026-12-16,plan,16,Mittwoch,3,51,0,0,,Pflegefachkraft,Pflegefachkraft,EXAM|KARDIO_MONITORING,0.9,34.65,8316,8316,7484,9148,5,2,2,8,1,1,Pflegefachkraft,0,0.0,-1971,24,23,3,3,1,4597,1,,,,,,0,,0,,4,3,3,1,1839,1,4,3,3,1,1609,1,2,2,2,0,1149,0,ST-IK1,Normalstation Innere Medizin / Kardiologie,30,Innere Medizin und Kardiologie,10.0,22.0,06:00,14:00,450,,13:30,21:30,450,F,21:15,06:15,495,F|S,11,10,8,10,30,45,8,38.5,30,0.1,0,2.0.0,20261133
PK-011,2026-12-16,plan,16,Mittwoch,3,51,0,0,,Pflegefachkraft,Pflegefachkraft,EXAM|PRAXISANLEITUNG,0.5,19.25,4620,4620,4158,5082,5,2,2,8,1,1,Pflegefachkraft,0,0.0,-885,24,23,3,3,1,4597,1,,,,,,0,,0,,4,3,3,1,1839,1,4,3,3,1,1609,1,2,2,2,0,1149,0,ST-IK1,Normalstation Innere Medizin / Kardiologie,30,Innere Medizin und Kardiologie,10.0,22.0,06:00,14:00,450,,13:30,21:30,450,F,21:15,06:15,495,F|S,11,10,8,10,30,45,8,38.5,30,0.1,0,2.0.0,20261133
PK-012,2026-12-16,plan,16,Mittwoch,3,51,0,0,,Pflegefachkraft,Pflegefachkraft,EXAM|KARDIO_MONITORING,0.75,28.88,6931,6931,6238,7624,5,2,2,8,1,1,Pflegefachkraft,0,0.0,-1845,24,23,3,3,1,4597,1,,,,,,0,,0,,4,3,3,1,1839,1,4,3,3,1,1609,1,2,2,2,0,1149,0,ST-IK1,Normalstation Innere Medizin / Kardiologie,30,Innere Medizin und Kardiologie,10.0,22.0,06:00,14:00,450,,13:30,21:30,450,F,21:15,06:15,495,F|S,11,10,8,10,30,45,8,38.5,30,0.1,0,2.0.0,20261133
PK-013,2026-12-16,plan,16,Mittwoch,3,51,0,0,,Pflegefachkraft,Pflegefachkraft,EXAM,1.0,38.5,9240,9240,8316,10164,5,2,2,8,1,1,Pflegefachkraft,0,0.0,-2445,24,23,3,3,1,4597,1,,,,,,0,,1,24,4,3,3,1,1839,1,4,3,3,1,1609,1,2,2,2,0,1149,0,ST-IK1,Normalstation Innere Medizin / Kardiologie,30,Innere Medizin und Kardiologie,10.0,22.0,06:00,14:00,450,,13:30,21:30,450,F,21:15,06:15,495,F|S,11,10,8,10,30,45,8,38.5,30,0.1,0,2.0.0,20261133
PK-014,2026-12-16,plan,16,Mittwoch,3,51,0,0,,Pflegefachkraft,Pflegefachkraft,EXAM|PRAXISANLEITUNG,0.75,28.88,6931,6931,6238,7624,5,2,2,8,1,1,Pflegefachkraft,0,0.0,-1440,24,23,3,3,1,4597,1,,,,,,0,,1,24,4,3,3,1,1839,1,4,3,3,1,1609,1,2,2,2,0,1149,0,ST-IK1,Normalstation Innere Medizin / Kardiologie,30,Innere Medizin und Kardiologie,10.0,22.0,06:00,14:00,450,,13:30,21:30,450,F,21:15,06:15,495,F|S,11,10,8,10,30,45,8,38.5,30,0.1,0,2.0.0,20261133
PK-015,2026-12-16,plan,16,Mittwoch,3,51,0,0,,Pflegefachkraft,Pflegefachkraft,EXAM|KARDIO_MONITORING,0.8,30.8,7392,7392,6653,8131,5,2,2,8,1,1,Pflegefachkraft,0,0.0,-1992,24,23,3,3,1,4597,1,,,,,,0,,0,,4,3,3,1,1839,1,4,3,3,1,1609,1,2,2,2,0,1149,0,ST-IK1,Normalstation Innere Medizin / Kardiologie,30,Innere Medizin und Kardiologie,10.0,22.0,06:00,14:00,450,,13:30,21:30,450,F,21:15,06:15,495,F|S,11,10,8,10,30,45,8,38.5,30,0.1,0,2.0.0,20261133
PK-016,2026-12-16,plan,16,Mittwoch,3,51,0,0,,Pflegefachkraft,Pflegefachkraft,EXAM|KARDIO_MONITORING,0.7,26.95,6468,6468,5821,7115,5,2,2,8,1,1,Pflegefachkraft,0,0.0,566,24,23,3,3,1,4597,1,,,,,,0,,1,24,4,3,3,1,1839,1,4,3,3,1,1609,1,2,2,2,0,1149,0,ST-IK1,Normalstation Innere Medizin / Kardiologie,30,Innere Medizin und Kardiologie,10.0,22.0,06:00,14:00,450,,13:30,21:30,450,F,21:15,06:15,495,F|S,11,10,8,10,30,45,8,38.5,30,0.1,0,2.0.0,20261133
PK-017,2026-12-16,plan,16,Mittwoch,3,51,0,0,,Pflegefachkraft,Pflegefachkraft,EXAM|PRAXISANLEITUNG|KARDIO_MONITORING,1.0,38.5,9240,9240,8316,10164,5,2,2,8,1,1,Pflegefachkraft,0,0.0,-2265,24,23,3,3,1,4597,1,,,,,,0,,0,,4,3,3,1,1839,1,4,3,3,1,1609,1,2,2,2,0,1149,0,ST-IK1,Normalstation Innere Medizin / Kardiologie,30,Innere Medizin und Kardiologie,10.0,22.0,06:00,14:00,450,,13:30,21:30,450,F,21:15,06:15,495,F|S,11,10,8,10,30,45,8,38.5,30,0.1,0,2.0.0,20261133
PK-018,2026-12-16,plan,16,Mittwoch,3,51,0,0,,Pflegefachkraft,Pflegefachkraft,EXAM,0.5,19.25,4620,4620,4158,5082,5,2,2,8,1,1,Pflegefachkraft,0,0.0,-885,24,23,3,3,1,4597,0,LANGZEITABWESENHEIT,,,,,0,,0,,4,3,3,1,1839,1,4,3,3,1,1609,1,2,2,2,0,1149,0,ST-IK1,Normalstation Innere Medizin / Kardiologie,30,Innere Medizin und Kardiologie,10.0,22.0,06:00,14:00,450,,13:30,21:30,450,F,21:15,06:15,495,F|S,11,10,8,10,30,45,8,38.5,30,0.1,0,2.0.0,20261133
AZ-001,2026-12-17,plan,17,Donnerstag,4,51,0,0,,Auszubildende_r_3_Ausbildungsjahr,Auszubildende,AUSZUBILDEND,1.0,38.5,9240,9240,8316,10164,5,2,2,8,1,0,nicht anrechenbar,0,0.0,-9240,20,18,4,2,1,3456,1,,,,,,0,,0,,3,2,2,1,1382,1,3,2,2,1,1210,1,2,1,2,0,864,0,ST-IK1,Normalstation Innere Medizin / Kardiologie,30,Innere Medizin und Kardiologie,10.0,22.0,06:00,14:00,450,,13:30,21:30,450,F,21:15,06:15,495,F|S,11,10,8,10,30,45,8,38.5,30,0.1,0,2.0.0,20261133
AZ-002,2026-12-17,plan,17,Donnerstag,4,51,0,0,,Auszubildende_r_2_Ausbildungsjahr,Auszubildende,AUSZUBILDEND,1.0,38.5,9240,9240,8316,10164,5,2,2,8,1,0,nicht anrechenbar,0,0.0,-9240,20,18,4,2,1,3456,1,,,,,,0,,0,,3,2,2,1,1382,1,3,2,2,1,1210,1,2,1,2,0,864,0,ST-IK1,Normalstation Innere Medizin / Kardiologie,30,Innere Medizin und Kardiologie,10.0,22.0,06:00,14:00,450,,13:30,21:30,450,F,21:15,06:15,495,F|S,11,10,8,10,30,45,8,38.5,30,0.1,0,2.0.0,20261133
AZ-003,2026-12-17,plan,17,Donnerstag,4,51,0,0,,Auszubildende_r_1_Ausbildungsjahr,Auszubildende,AUSZUBILDEND,1.0,38.5,9240,9240,8316,10164,5,2,2,0,0,0,nicht anrechenbar,0,0.0,-6006,20,18,4,2,1,3456,1,,,,,,0,,0,,3,2,2,1,1382,1,3,2,2,1,1210,1,2,1,2,0,864,0,ST-IK1,Normalstation Innere Medizin / Kardiologie,30,Innere Medizin und Kardiologie,10.0,22.0,06:00,14:00,450,,13:30,21:30,450,F,21:15,06:15,495,F|S,11,10,8,10,30,45,8,38.5,30,0.1,0,2.0.0,20261133
PH-001,2026-12-17,plan,17,Donnerstag,4,51,0,0,,Pflegehilfskraft,Pflegehilfskraft,PFLEGEHILFE,0.75,28.88,6931,6931,6238,7624,5,2,2,0,0,1,Pflegehilfskraft,0,0.0,-1530,20,18,4,2,1,3456,1,,1,,,,0,,0,,3,2,2,1,1382,1,3,2,2,1,1210,1,2,1,2,0,864,0,ST-IK1,Normalstation Innere Medizin / Kardiologie,30,Innere Medizin und Kardiologie,10.0,22.0,06:00,14:00,450,,13:30,21:30,450,F,21:15,06:15,495,F|S,11,10,8,10,30,45,8,38.5,30,0.1,0,2.0.0,20261133
PH-002,2026-12-17,plan,17,Donnerstag,4,51,0,0,,Pflegehilfskraft,Pflegehilfskraft,PFLEGEHILFE,0.5,19.25,4620,4620,4158,5082,5,2,2,0,0,1,Pflegehilfskraft,0,0.0,-1020,20,18,4,2,1,3456,1,,,,,,0,,0,,3,2,2,1,1382,1,3,2,2,1,1210,1,2,1,2,0,864,0,ST-IK1,Normalstation Innere Medizin / Kardiologie,30,Innere Medizin und Kardiologie,10.0,22.0,06:00,14:00,450,,13:30,21:30,450,F,21:15,06:15,495,F|S,11,10,8,10,30,45,8,38.5,30,0.1,0,2.0.0,20261133
PK-001,2026-12-17,plan,17,Donnerstag,4,51,0,0,,Stationsleitung,Pflegefachkraft,EXAM|LEITUNG|PRAXISANLEITUNG,1.0,38.5,9240,4620,4158,5082,5,2,2,0,0,1,Pflegefachkraft,1,0.5,2130,20,18,4,2,1,3456,1,,,,,,0,,0,,3,2,2,1,1382,1,3,2,2,1,1210,1,2,1,2,0,864,0,ST-IK1,Normalstation Innere Medizin / Kardiologie,30,Innere Medizin und Kardiologie,10.0,22.0,06:00,14:00,450,,13:30,21:30,450,F,21:15,06:15,495,F|S,11,10,8,10,30,45,8,38.5,30,0.1,0,2.0.0,20261133
PK-002,2026-12-17,plan,17,Donnerstag,4,51,0,0,,Pflegefachkraft,Pflegefachkraft,EXAM|PRAXISANLEITUNG,0.8,30.8,7392,7392,6653,8131,5,2,2,8,1,1,Pflegefachkraft,0,0.0,-1857,20,18,4,2,1,3456,1,,,,,,0,,0,,3,2,2,1,1382,1,3,2,2,1,1210,1,2,1,2,0,864,0,ST-IK1,Normalstation Innere Medizin / Kardiologie,30,Innere Medizin und Kardiologie,10.0,22.0,06:00,14:00,450,,13:30,21:30,450,F,21:15,06:15,495,F|S,11,10,8,10,30,45,8,38.5,30,0.1,0,2.0.0,20261133
PK-003,2026-12-17,plan,17,Donnerstag,4,51,0,0,,Pflegefachkraft,Pflegefachkraft,EXAM,0.8,30.8,7392,7392,6653,8131,5,2,2,8,1,1,Pflegefachkraft,0,0.0,-1902,20,18,4,2,1,3456,1,,,,,,0,,0,,3,2,2,1,1382,1,3,2,2,1,1210,1,2,1,2,0,864,0,ST-IK1,Normalstation Innere Medizin / Kardiologie,30,Innere Medizin und Kardiologie,10.0,22.0,06:00,14:00,450,,13:30,21:30,450,F,21:15,06:15,495,F|S,11,10,8,10,30,45,8,38.5,30,0.1,0,2.0.0,20261133
PK-004,2026-12-17,plan,17,Donnerstag,4,51,0,0,,Pflegefachkraft,Pflegefachkraft,EXAM,1.0,38.5,9240,9240,8316,10164,5,2,2,8,1,1,Pflegefachkraft,0,0.0,-2625,20,18,4,2,1,3456,1,,,,,,0,,0,,3,2,2,1,1382,1,3,2,2,1,1210,1,2,1,2,0,864,0,ST-IK1,Normalstation Innere Medizin / Kardiologie,30,Innere Medizin und Kardiologie,10.0,22.0,06:00,14:00,450,,13:30,21:30,450,F,21:15,06:15,495,F|S,11,10,8,10,30,45,8,38.5,30,0.1,0,2.0.0,20261133
PK-005,2026-12-17,plan,17,Donnerstag,4,51,0,0,,Pflegefachkraft,Pflegefachkraft,EXAM,1.0,38.5,9240,9240,8316,10164,5,2,2,8,1,1,Pflegefachkraft,0,0.0,-2625,20,18,4,2,1,3456,1,,,,,,0,,0,,3,2,2,1,1382,1,3,2,2,1,1210,1,2,1,2,0,864,0,ST-IK1,Normalstation Innere Medizin / Kardiologie,30,Innere Medizin und Kardiologie,10.0,22.0,06:00,14:00,450,,13:30,21:30,450,F,21:15,06:15,495,F|S,11,10,8,10,30,45,8,38.5,30,0.1,0,2.0.0,20261133
PK-006,2026-12-17,plan,17,Donnerstag,4,51,0,0,,Pflegefachkraft,Pflegefachkraft,EXAM|PRAXISANLEITUNG|KARDIO_MONITORING,1.0,38.5,9240,9240,8316,10164,5,2,2,8,1,1,Pflegefachkraft,0,0.0,1104,20,18,4,2,1,3456,1,,,,,,0,,0,,3,2,2,1,1382,1,3,2,2,1,1210,1,2,1,2,0,864,0,ST-IK1,Normalstation Innere Medizin / Kardiologie,30,Innere Medizin und Kardiologie,10.0,22.0,06:00,14:00,450,,13:30,21:30,450,F,21:15,06:15,495,F|S,11,10,8,10,30,45,8,38.5,30,0.1,0,2.0.0,20261133
PK-007,2026-12-17,plan,17,Donnerstag,4,51,0,0,,Pflegefachkraft,Pflegefachkraft,EXAM,0.75,28.88,6931,6931,6238,7624,5,2,2,8,1,1,Pflegefachkraft,0,0.0,-1800,20,18,4,2,1,3456,1,,,,,,0,,0,,3,2,2,1,1382,1,3,2,2,1,1210,1,2,1,2,0,864,0,ST-IK1,Normalstation Innere Medizin / Kardiologie,30,Innere Medizin und Kardiologie,10.0,22.0,06:00,14:00,450,,13:30,21:30,450,F,21:15,06:15,495,F|S,11,10,8,10,30,45,8,38.5,30,0.1,0,2.0.0,20261133
PK-008,2026-12-17,plan,17,Donnerstag,4,51,0,0,,Pflegefachkraft,Pflegefachkraft,EXAM|PRAXISANLEITUNG,0.6,23.1,5544,5544,4990,6098,5,2,2,8,1,1,Pflegefachkraft,0,0.0,-1449,20,18,4,2,1,3456,1,,,,,,0,,0,,3,2,2,1,1382,1,3,2,2,1,1210,1,2,1,2,0,864,0,ST-IK1,Normalstation Innere Medizin / Kardiologie,30,Innere Medizin und Kardiologie,10.0,22.0,06:00,14:00,450,,13:30,21:30,450,F,21:15,06:15,495,F|S,11,10,8,10,30,45,8,38.5,30,0.1,0,2.0.0,20261133
PK-009,2026-12-17,plan,17,Donnerstag,4,51,0,0,,Pflegefachkraft,Pflegefachkraft,EXAM|KARDIO_MONITORING,0.6,23.1,5544,5544,4990,6098,5,2,2,8,1,1,Pflegefachkraft,0,0.0,-1494,20,18,4,2,1,3456,1,,,,,,0,,0,,3,2,2,1,1382,1,3,2,2,1,1210,1,2,1,2,0,864,0,ST-IK1,Normalstation Innere Medizin / Kardiologie,30,Innere Medizin und Kardiologie,10.0,22.0,06:00,14:00,450,,13:30,21:30,450,F,21:15,06:15,495,F|S,11,10,8,10,30,45,8,38.5,30,0.1,0,2.0.0,20261133
PK-010,2026-12-17,plan,17,Donnerstag,4,51,0,0,,Pflegefachkraft,Pflegefachkraft,EXAM|KARDIO_MONITORING,0.9,34.65,8316,8316,7484,9148,5,2,2,8,1,1,Pflegefachkraft,0,0.0,-1971,20,18,4,2,1,3456,1,,,,,,0,,0,,3,2,2,1,1382,1,3,2,2,1,1210,1,2,1,2,0,864,0,ST-IK1,Normalstation Innere Medizin / Kardiologie,30,Innere Medizin und Kardiologie,10.0,22.0,06:00,14:00,450,,13:30,21:30,450,F,21:15,06:15,495,F|S,11,10,8,10,30,45,8,38.5,30,0.1,0,2.0.0,20261133
PK-011,2026-12-17,plan,17,Donnerstag,4,51,0,0,,Pflegefachkraft,Pflegefachkraft,EXAM|PRAXISANLEITUNG,0.5,19.25,4620,4620,4158,5082,5,2,2,8,1,1,Pflegefachkraft,0,0.0,-885,20,18,4,2,1,3456,1,,,,,,0,,0,,3,2,2,1,1382,1,3,2,2,1,1210,1,2,1,2,0,864,0,ST-IK1,Normalstation Innere Medizin / Kardiologie,30,Innere Medizin und Kardiologie,10.0,22.0,06:00,14:00,450,,13:30,21:30,450,F,21:15,06:15,495,F|S,11,10,8,10,30,45,8,38.5,30,0.1,0,2.0.0,20261133
PK-012,2026-12-17,plan,17,Donnerstag,4,51,0,0,,Pflegefachkraft,Pflegefachkraft,EXAM|KARDIO_MONITORING,0.75,28.88,6931,6931,6238,7624,5,2,2,8,1,1,Pflegefachkraft,0,0.0,-1845,20,18,4,2,1,3456,1,,,,,,0,,0,,3,2,2,1,1382,1,3,2,2,1,1210,1,2,1,2,0,864,0,ST-IK1,Normalstation Innere Medizin / Kardiologie,30,Innere Medizin und Kardiologie,10.0,22.0,06:00,14:00,450,,13:30,21:30,450,F,21:15,06:15,495,F|S,11,10,8,10,30,45,8,38.5,30,0.1,0,2.0.0,20261133
PK-013,2026-12-17,plan,17,Donnerstag,4,51,0,0,,Pflegefachkraft,Pflegefachkraft,EXAM,1.0,38.5,9240,9240,8316,10164,5,2,2,8,1,1,Pflegefachkraft,0,0.0,-2445,20,18,4,2,1,3456,1,,,,,,0,,0,,3,2,2,1,1382,1,3,2,2,1,1210,1,2,1,2,0,864,0,ST-IK1,Normalstation Innere Medizin / Kardiologie,30,Innere Medizin und Kardiologie,10.0,22.0,06:00,14:00,450,,13:30,21:30,450,F,21:15,06:15,495,F|S,11,10,8,10,30,45,8,38.5,30,0.1,0,2.0.0,20261133
PK-014,2026-12-17,plan,17,Donnerstag,4,51,0,0,,Pflegefachkraft,Pflegefachkraft,EXAM|PRAXISANLEITUNG,0.75,28.88,6931,6931,6238,7624,5,2,2,8,1,1,Pflegefachkraft,0,0.0,-1440,20,18,4,2,1,3456,1,,,,,,0,,1,24,3,2,2,1,1382,1,3,2,2,1,1210,1,2,1,2,0,864,0,ST-IK1,Normalstation Innere Medizin / Kardiologie,30,Innere Medizin und Kardiologie,10.0,22.0,06:00,14:00,450,,13:30,21:30,450,F,21:15,06:15,495,F|S,11,10,8,10,30,45,8,38.5,30,0.1,0,2.0.0,20261133
PK-015,2026-12-17,plan,17,Donnerstag,4,51,0,0,,Pflegefachkraft,Pflegefachkraft,EXAM|KARDIO_MONITORING,0.8,30.8,7392,7392,6653,8131,5,2,2,8,1,1,Pflegefachkraft,0,0.0,-1992,20,18,4,2,1,3456,1,,,,,,0,,0,,3,2,2,1,1382,1,3,2,2,1,1210,1,2,1,2,0,864,0,ST-IK1,Normalstation Innere Medizin / Kardiologie,30,Innere Medizin und Kardiologie,10.0,22.0,06:00,14:00,450,,13:30,21:30,450,F,21:15,06:15,495,F|S,11,10,8,10,30,45,8,38.5,30,0.1,0,2.0.0,20261133
PK-016,2026-12-17,plan,17,Donnerstag,4,51,0,0,,Pflegefachkraft,Pflegefachkraft,EXAM|KARDIO_MONITORING,0.7,26.95,6468,6468,5821,7115,5,2,2,8,1,1,Pflegefachkraft,0,0.0,566,20,18,4,2,1,3456,1,,,,,,0,,1,24,3,2,2,1,1382,1,3,2,2,1,1210,1,2,1,2,0,864,0,ST-IK1,Normalstation Innere Medizin / Kardiologie,30,Innere Medizin und Kardiologie,10.0,22.0,06:00,14:00,450,,13:30,21:30,450,F,21:15,06:15,495,F|S,11,10,8,10,30,45,8,38.5,30,0.1,0,2.0.0,20261133
PK-017,2026-12-17,plan,17,Donnerstag,4,51,0,0,,Pflegefachkraft,Pflegefachkraft,EXAM|PRAXISANLEITUNG|KARDIO_MONITORING,1.0,38.5,9240,9240,8316,10164,5,2,2,8,1,1,Pflegefachkraft,0,0.0,-2265,20,18,4,2,1,3456,1,,,,,,0,,0,,3,2,2,1,1382,1,3,2,2,1,1210,1,2,1,2,0,864,0,ST-IK1,Normalstation Innere Medizin / Kardiologie,30,Innere Medizin und Kardiologie,10.0,22.0,06:00,14:00,450,,13:30,21:30,450,F,21:15,06:15,495,F|S,11,10,8,10,30,45,8,38.5,30,0.1,0,2.0.0,20261133
PK-018,2026-12-17,plan,17,Donnerstag,4,51,0,0,,Pflegefachkraft,Pflegefachkraft,EXAM,0.5,19.25,4620,4620,4158,5082,5,2,2,8,1,1,Pflegefachkraft,0,0.0,-885,20,18,4,2,1,3456,0,LANGZEITABWESENHEIT,,,,,0,,0,,3,2,2,1,1382,1,3,2,2,1,1210,1,2,1,2,0,864,0,ST-IK1,Normalstation Innere Medizin / Kardiologie,30,Innere Medizin und Kardiologie,10.0,22.0,06:00,14:00,450,,13:30,21:30,450,F,21:15,06:15,495,F|S,11,10,8,10,30,45,8,38.5,30,0.1,0,2.0.0,20261133
AZ-001,2026-12-18,plan,18,Freitag,5,51,0,0,,Auszubildende_r_3_Ausbildungsjahr,Auszubildende,AUSZUBILDEND,1.0,38.5,9240,9240,8316,10164,5,2,2,8,1,0,nicht anrechenbar,0,0.0,-9240,22,20,4,3,1,4160,1,,,,,,0,,0,,4,3,3,1,1664,1,3,3,2,1,1456,1,2,1,2,0,1040,0,ST-IK1,Normalstation Innere Medizin / Kardiologie,30,Innere Medizin und Kardiologie,10.0,22.0,06:00,14:00,450,,13:30,21:30,450,F,21:15,06:15,495,F|S,11,10,8,10,30,45,8,38.5,30,0.1,0,2.0.0,20261133
AZ-002,2026-12-18,plan,18,Freitag,5,51,0,0,,Auszubildende_r_2_Ausbildungsjahr,Auszubildende,AUSZUBILDEND,1.0,38.5,9240,9240,8316,10164,5,2,2,8,1,0,nicht anrechenbar,0,0.0,-9240,22,20,4,3,1,4160,1,,,,,,0,,0,,4,3,3,1,1664,1,3,3,2,1,1456,1,2,1,2,0,1040,0,ST-IK1,Normalstation Innere Medizin / Kardiologie,30,Innere Medizin und Kardiologie,10.0,22.0,06:00,14:00,450,,13:30,21:30,450,F,21:15,06:15,495,F|S,11,10,8,10,30,45,8,38.5,30,0.1,0,2.0.0,20261133
AZ-003,2026-12-18,plan,18,Freitag,5,51,0,0,,Auszubildende_r_1_Ausbildungsjahr,Auszubildende,AUSZUBILDEND,1.0,38.5,9240,9240,8316,10164,5,2,2,0,0,0,nicht anrechenbar,0,0.0,-6006,22,20,4,3,1,4160,1,,,,,,0,,0,,4,3,3,1,1664,1,3,3,2,1,1456,1,2,1,2,0,1040,0,ST-IK1,Normalstation Innere Medizin / Kardiologie,30,Innere Medizin und Kardiologie,10.0,22.0,06:00,14:00,450,,13:30,21:30,450,F,21:15,06:15,495,F|S,11,10,8,10,30,45,8,38.5,30,0.1,0,2.0.0,20261133
PH-001,2026-12-18,plan,18,Freitag,5,51,0,0,,Pflegehilfskraft,Pflegehilfskraft,PFLEGEHILFE,0.75,28.88,6931,6931,6238,7624,5,2,2,0,0,1,Pflegehilfskraft,0,0.0,-1530,22,20,4,3,1,4160,1,,,,,,0,,0,,4,3,3,1,1664,1,3,3,2,1,1456,1,2,1,2,0,1040,0,ST-IK1,Normalstation Innere Medizin / Kardiologie,30,Innere Medizin und Kardiologie,10.0,22.0,06:00,14:00,450,,13:30,21:30,450,F,21:15,06:15,495,F|S,11,10,8,10,30,45,8,38.5,30,0.1,0,2.0.0,20261133
PH-002,2026-12-18,plan,18,Freitag,5,51,0,0,,Pflegehilfskraft,Pflegehilfskraft,PFLEGEHILFE,0.5,19.25,4620,4620,4158,5082,5,2,2,0,0,1,Pflegehilfskraft,0,0.0,-1020,22,20,4,3,1,4160,1,,,,,,0,,0,,4,3,3,1,1664,1,3,3,2,1,1456,1,2,1,2,0,1040,0,ST-IK1,Normalstation Innere Medizin / Kardiologie,30,Innere Medizin und Kardiologie,10.0,22.0,06:00,14:00,450,,13:30,21:30,450,F,21:15,06:15,495,F|S,11,10,8,10,30,45,8,38.5,30,0.1,0,2.0.0,20261133
PK-001,2026-12-18,plan,18,Freitag,5,51,0,0,,Stationsleitung,Pflegefachkraft,EXAM|LEITUNG|PRAXISANLEITUNG,1.0,38.5,9240,4620,4158,5082,5,2,2,0,0,1,Pflegefachkraft,1,0.5,2130,22,20,4,3,1,4160,1,,,,,,0,,0,,4,3,3,1,1664,1,3,3,2,1,1456,1,2,1,2,0,1040,0,ST-IK1,Normalstation Innere Medizin / Kardiologie,30,Innere Medizin und Kardiologie,10.0,22.0,06:00,14:00,450,,13:30,21:30,450,F,21:15,06:15,495,F|S,11,10,8,10,30,45,8,38.5,30,0.1,0,2.0.0,20261133
PK-002,2026-12-18,plan,18,Freitag,5,51,0,0,,Pflegefachkraft,Pflegefachkraft,EXAM|PRAXISANLEITUNG,0.8,30.8,7392,7392,6653,8131,5,2,2,8,1,1,Pflegefachkraft,0,0.0,-1857,22,20,4,3,1,4160,1,,,,,,0,,0,,4,3,3,1,1664,1,3,3,2,1,1456,1,2,1,2,0,1040,0,ST-IK1,Normalstation Innere Medizin / Kardiologie,30,Innere Medizin und Kardiologie,10.0,22.0,06:00,14:00,450,,13:30,21:30,450,F,21:15,06:15,495,F|S,11,10,8,10,30,45,8,38.5,30,0.1,0,2.0.0,20261133
PK-003,2026-12-18,plan,18,Freitag,5,51,0,0,,Pflegefachkraft,Pflegefachkraft,EXAM,0.8,30.8,7392,7392,6653,8131,5,2,2,8,1,1,Pflegefachkraft,0,0.0,-1902,22,20,4,3,1,4160,1,,,,,,0,,0,,4,3,3,1,1664,1,3,3,2,1,1456,1,2,1,2,0,1040,0,ST-IK1,Normalstation Innere Medizin / Kardiologie,30,Innere Medizin und Kardiologie,10.0,22.0,06:00,14:00,450,,13:30,21:30,450,F,21:15,06:15,495,F|S,11,10,8,10,30,45,8,38.5,30,0.1,0,2.0.0,20261133
PK-004,2026-12-18,plan,18,Freitag,5,51,0,0,,Pflegefachkraft,Pflegefachkraft,EXAM,1.0,38.5,9240,9240,8316,10164,5,2,2,8,1,1,Pflegefachkraft,0,0.0,-2625,22,20,4,3,1,4160,1,,,,,,0,,0,,4,3,3,1,1664,1,3,3,2,1,1456,1,2,1,2,0,1040,0,ST-IK1,Normalstation Innere Medizin / Kardiologie,30,Innere Medizin und Kardiologie,10.0,22.0,06:00,14:00,450,,13:30,21:30,450,F,21:15,06:15,495,F|S,11,10,8,10,30,45,8,38.5,30,0.1,0,2.0.0,20261133
PK-005,2026-12-18,plan,18,Freitag,5,51,0,0,,Pflegefachkraft,Pflegefachkraft,EXAM,1.0,38.5,9240,9240,8316,10164,5,2,2,8,1,1,Pflegefachkraft,0,0.0,-2625,22,20,4,3,1,4160,1,,,,,,0,,0,,4,3,3,1,1664,1,3,3,2,1,1456,1,2,1,2,0,1040,0,ST-IK1,Normalstation Innere Medizin / Kardiologie,30,Innere Medizin und Kardiologie,10.0,22.0,06:00,14:00,450,,13:30,21:30,450,F,21:15,06:15,495,F|S,11,10,8,10,30,45,8,38.5,30,0.1,0,2.0.0,20261133
PK-006,2026-12-18,plan,18,Freitag,5,51,0,0,,Pflegefachkraft,Pflegefachkraft,EXAM|PRAXISANLEITUNG|KARDIO_MONITORING,1.0,38.5,9240,9240,8316,10164,5,2,2,8,1,1,Pflegefachkraft,0,0.0,1104,22,20,4,3,1,4160,1,,,N,1,,0,,0,,4,3,3,1,1664,1,3,3,2,1,1456,1,2,1,2,0,1040,0,ST-IK1,Normalstation Innere Medizin / Kardiologie,30,Innere Medizin und Kardiologie,10.0,22.0,06:00,14:00,450,,13:30,21:30,450,F,21:15,06:15,495,F|S,11,10,8,10,30,45,8,38.5,30,0.1,0,2.0.0,20261133
PK-007,2026-12-18,plan,18,Freitag,5,51,0,0,,Pflegefachkraft,Pflegefachkraft,EXAM,0.75,28.88,6931,6931,6238,7624,5,2,2,8,1,1,Pflegefachkraft,0,0.0,-1800,22,20,4,3,1,4160,1,,,,,,0,,0,,4,3,3,1,1664,1,3,3,2,1,1456,1,2,1,2,0,1040,0,ST-IK1,Normalstation Innere Medizin / Kardiologie,30,Innere Medizin und Kardiologie,10.0,22.0,06:00,14:00,450,,13:30,21:30,450,F,21:15,06:15,495,F|S,11,10,8,10,30,45,8,38.5,30,0.1,0,2.0.0,20261133
PK-008,2026-12-18,plan,18,Freitag,5,51,0,0,,Pflegefachkraft,Pflegefachkraft,EXAM|PRAXISANLEITUNG,0.6,23.1,5544,5544,4990,6098,5,2,2,8,1,1,Pflegefachkraft,0,0.0,-1449,22,20,4,3,1,4160,1,,,,,,0,,0,,4,3,3,1,1664,1,3,3,2,1,1456,1,2,1,2,0,1040,0,ST-IK1,Normalstation Innere Medizin / Kardiologie,30,Innere Medizin und Kardiologie,10.0,22.0,06:00,14:00,450,,13:30,21:30,450,F,21:15,06:15,495,F|S,11,10,8,10,30,45,8,38.5,30,0.1,0,2.0.0,20261133
PK-009,2026-12-18,plan,18,Freitag,5,51,0,0,,Pflegefachkraft,Pflegefachkraft,EXAM|KARDIO_MONITORING,0.6,23.1,5544,5544,4990,6098,5,2,2,8,1,1,Pflegefachkraft,0,0.0,-1494,22,20,4,3,1,4160,1,,,,,,0,,0,,4,3,3,1,1664,1,3,3,2,1,1456,1,2,1,2,0,1040,0,ST-IK1,Normalstation Innere Medizin / Kardiologie,30,Innere Medizin und Kardiologie,10.0,22.0,06:00,14:00,450,,13:30,21:30,450,F,21:15,06:15,495,F|S,11,10,8,10,30,45,8,38.5,30,0.1,0,2.0.0,20261133
PK-010,2026-12-18,plan,18,Freitag,5,51,0,0,,Pflegefachkraft,Pflegefachkraft,EXAM|KARDIO_MONITORING,0.9,34.65,8316,8316,7484,9148,5,2,2,8,1,1,Pflegefachkraft,0,0.0,-1971,22,20,4,3,1,4160,1,,,,,,0,,0,,4,3,3,1,1664,1,3,3,2,1,1456,1,2,1,2,0,1040,0,ST-IK1,Normalstation Innere Medizin / Kardiologie,30,Innere Medizin und Kardiologie,10.0,22.0,06:00,14:00,450,,13:30,21:30,450,F,21:15,06:15,495,F|S,11,10,8,10,30,45,8,38.5,30,0.1,0,2.0.0,20261133
PK-011,2026-12-18,plan,18,Freitag,5,51,0,0,,Pflegefachkraft,Pflegefachkraft,EXAM|PRAXISANLEITUNG,0.5,19.25,4620,4620,4158,5082,5,2,2,8,1,1,Pflegefachkraft,0,0.0,-885,22,20,4,3,1,4160,1,,,,,,0,,0,,4,3,3,1,1664,1,3,3,2,1,1456,1,2,1,2,0,1040,0,ST-IK1,Normalstation Innere Medizin / Kardiologie,30,Innere Medizin und Kardiologie,10.0,22.0,06:00,14:00,450,,13:30,21:30,450,F,21:15,06:15,495,F|S,11,10,8,10,30,45,8,38.5,30,0.1,0,2.0.0,20261133
PK-012,2026-12-18,plan,18,Freitag,5,51,0,0,,Pflegefachkraft,Pflegefachkraft,EXAM|KARDIO_MONITORING,0.75,28.88,6931,6931,6238,7624,5,2,2,8,1,1,Pflegefachkraft,0,0.0,-1845,22,20,4,3,1,4160,1,,,,,,0,,0,,4,3,3,1,1664,1,3,3,2,1,1456,1,2,1,2,0,1040,0,ST-IK1,Normalstation Innere Medizin / Kardiologie,30,Innere Medizin und Kardiologie,10.0,22.0,06:00,14:00,450,,13:30,21:30,450,F,21:15,06:15,495,F|S,11,10,8,10,30,45,8,38.5,30,0.1,0,2.0.0,20261133
PK-013,2026-12-18,plan,18,Freitag,5,51,0,0,,Pflegefachkraft,Pflegefachkraft,EXAM,1.0,38.5,9240,9240,8316,10164,5,2,2,8,1,1,Pflegefachkraft,0,0.0,-2445,22,20,4,3,1,4160,1,,,,,,0,,0,,4,3,3,1,1664,1,3,3,2,1,1456,1,2,1,2,0,1040,0,ST-IK1,Normalstation Innere Medizin / Kardiologie,30,Innere Medizin und Kardiologie,10.0,22.0,06:00,14:00,450,,13:30,21:30,450,F,21:15,06:15,495,F|S,11,10,8,10,30,45,8,38.5,30,0.1,0,2.0.0,20261133
PK-014,2026-12-18,plan,18,Freitag,5,51,0,0,,Pflegefachkraft,Pflegefachkraft,EXAM|PRAXISANLEITUNG,0.75,28.88,6931,6931,6238,7624,5,2,2,8,1,1,Pflegefachkraft,0,0.0,-1440,22,20,4,3,1,4160,1,,,S,2,,0,,1,24,4,3,3,1,1664,1,3,3,2,1,1456,1,2,1,2,0,1040,0,ST-IK1,Normalstation Innere Medizin / Kardiologie,30,Innere Medizin und Kardiologie,10.0,22.0,06:00,14:00,450,,13:30,21:30,450,F,21:15,06:15,495,F|S,11,10,8,10,30,45,8,38.5,30,0.1,0,2.0.0,20261133
PK-015,2026-12-18,plan,18,Freitag,5,51,0,0,,Pflegefachkraft,Pflegefachkraft,EXAM|KARDIO_MONITORING,0.8,30.8,7392,7392,6653,8131,5,2,2,8,1,1,Pflegefachkraft,0,0.0,-1992,22,20,4,3,1,4160,1,,,,,,0,,0,,4,3,3,1,1664,1,3,3,2,1,1456,1,2,1,2,0,1040,0,ST-IK1,Normalstation Innere Medizin / Kardiologie,30,Innere Medizin und Kardiologie,10.0,22.0,06:00,14:00,450,,13:30,21:30,450,F,21:15,06:15,495,F|S,11,10,8,10,30,45,8,38.5,30,0.1,0,2.0.0,20261133
PK-016,2026-12-18,plan,18,Freitag,5,51,0,0,,Pflegefachkraft,Pflegefachkraft,EXAM|KARDIO_MONITORING,0.7,26.95,6468,6468,5821,7115,5,2,2,8,1,1,Pflegefachkraft,0,0.0,566,22,20,4,3,1,4160,1,,,,,,0,,0,,4,3,3,1,1664,1,3,3,2,1,1456,1,2,1,2,0,1040,0,ST-IK1,Normalstation Innere Medizin / Kardiologie,30,Innere Medizin und Kardiologie,10.0,22.0,06:00,14:00,450,,13:30,21:30,450,F,21:15,06:15,495,F|S,11,10,8,10,30,45,8,38.5,30,0.1,0,2.0.0,20261133
PK-017,2026-12-18,plan,18,Freitag,5,51,0,0,,Pflegefachkraft,Pflegefachkraft,EXAM|PRAXISANLEITUNG|KARDIO_MONITORING,1.0,38.5,9240,9240,8316,10164,5,2,2,8,1,1,Pflegefachkraft,0,0.0,-2265,22,20,4,3,1,4160,1,,,,,,0,,0,,4,3,3,1,1664,1,3,3,2,1,1456,1,2,1,2,0,1040,0,ST-IK1,Normalstation Innere Medizin / Kardiologie,30,Innere Medizin und Kardiologie,10.0,22.0,06:00,14:00,450,,13:30,21:30,450,F,21:15,06:15,495,F|S,11,10,8,10,30,45,8,38.5,30,0.1,0,2.0.0,20261133
PK-018,2026-12-18,plan,18,Freitag,5,51,0,0,,Pflegefachkraft,Pflegefachkraft,EXAM,0.5,19.25,4620,4620,4158,5082,5,2,2,8,1,1,Pflegefachkraft,0,0.0,-885,22,20,4,3,1,4160,0,LANGZEITABWESENHEIT,,,,,0,,0,,4,3,3,1,1664,1,3,3,2,1,1456,1,2,1,2,0,1040,0,ST-IK1,Normalstation Innere Medizin / Kardiologie,30,Innere Medizin und Kardiologie,10.0,22.0,06:00,14:00,450,,13:30,21:30,450,F,21:15,06:15,495,F|S,11,10,8,10,30,45,8,38.5,30,0.1,0,2.0.0,20261133
AZ-001,2026-12-19,plan,19,Samstag,6,51,1,0,,Auszubildende_r_3_Ausbildungsjahr,Auszubildende,AUSZUBILDEND,1.0,38.5,9240,9240,8316,10164,5,2,2,8,1,0,nicht anrechenbar,0,0.0,-9240,19,18,2,3,0,3267,1,,,,,,0,,0,,3,2,2,1,1307,1,3,2,2,1,1143,1,2,1,2,0,817,0,ST-IK1,Normalstation Innere Medizin / Kardiologie,30,Innere Medizin und Kardiologie,10.0,22.0,06:00,14:00,450,,13:30,21:30,450,F,21:15,06:15,495,F|S,11,10,8,10,30,45,8,38.5,30,0.1,0,2.0.0,20261133
AZ-002,2026-12-19,plan,19,Samstag,6,51,1,0,,Auszubildende_r_2_Ausbildungsjahr,Auszubildende,AUSZUBILDEND,1.0,38.5,9240,9240,8316,10164,5,2,2,8,1,0,nicht anrechenbar,0,0.0,-9240,19,18,2,3,0,3267,1,,,,,,0,,0,,3,2,2,1,1307,1,3,2,2,1,1143,1,2,1,2,0,817,0,ST-IK1,Normalstation Innere Medizin / Kardiologie,30,Innere Medizin und Kardiologie,10.0,22.0,06:00,14:00,450,,13:30,21:30,450,F,21:15,06:15,495,F|S,11,10,8,10,30,45,8,38.5,30,0.1,0,2.0.0,20261133
AZ-003,2026-12-19,plan,19,Samstag,6,51,1,0,,Auszubildende_r_1_Ausbildungsjahr,Auszubildende,AUSZUBILDEND,1.0,38.5,9240,9240,8316,10164,5,2,2,0,0,0,nicht anrechenbar,0,0.0,-6006,19,18,2,3,0,3267,1,,,,,,0,,0,,3,2,2,1,1307,1,3,2,2,1,1143,1,2,1,2,0,817,0,ST-IK1,Normalstation Innere Medizin / Kardiologie,30,Innere Medizin und Kardiologie,10.0,22.0,06:00,14:00,450,,13:30,21:30,450,F,21:15,06:15,495,F|S,11,10,8,10,30,45,8,38.5,30,0.1,0,2.0.0,20261133
PH-001,2026-12-19,plan,19,Samstag,6,51,1,0,,Pflegehilfskraft,Pflegehilfskraft,PFLEGEHILFE,0.75,28.88,6931,6931,6238,7624,5,2,2,0,0,1,Pflegehilfskraft,0,0.0,-1530,19,18,2,3,0,3267,1,,,,,,0,,0,,3,2,2,1,1307,1,3,2,2,1,1143,1,2,1,2,0,817,0,ST-IK1,Normalstation Innere Medizin / Kardiologie,30,Innere Medizin und Kardiologie,10.0,22.0,06:00,14:00,450,,13:30,21:30,450,F,21:15,06:15,495,F|S,11,10,8,10,30,45,8,38.5,30,0.1,0,2.0.0,20261133
PH-002,2026-12-19,plan,19,Samstag,6,51,1,0,,Pflegehilfskraft,Pflegehilfskraft,PFLEGEHILFE,0.5,19.25,4620,4620,4158,5082,5,2,2,0,0,1,Pflegehilfskraft,0,0.0,-1020,19,18,2,3,0,3267,1,,,,,,0,,0,,3,2,2,1,1307,1,3,2,2,1,1143,1,2,1,2,0,817,0,ST-IK1,Normalstation Innere Medizin / Kardiologie,30,Innere Medizin und Kardiologie,10.0,22.0,06:00,14:00,450,,13:30,21:30,450,F,21:15,06:15,495,F|S,11,10,8,10,30,45,8,38.5,30,0.1,0,2.0.0,20261133
PK-001,2026-12-19,plan,19,Samstag,6,51,1,0,,Stationsleitung,Pflegefachkraft,EXAM|LEITUNG|PRAXISANLEITUNG,1.0,38.5,9240,4620,4158,5082,5,2,2,0,0,1,Pflegefachkraft,1,0.5,2130,19,18,2,3,0,3267,1,,,,,,0,,0,,3,2,2,1,1307,1,3,2,2,1,1143,1,2,1,2,0,817,0,ST-IK1,Normalstation Innere Medizin / Kardiologie,30,Innere Medizin und Kardiologie,10.0,22.0,06:00,14:00,450,,13:30,21:30,450,F,21:15,06:15,495,F|S,11,10,8,10,30,45,8,38.5,30,0.1,0,2.0.0,20261133
PK-002,2026-12-19,plan,19,Samstag,6,51,1,0,,Pflegefachkraft,Pflegefachkraft,EXAM|PRAXISANLEITUNG,0.8,30.8,7392,7392,6653,8131,5,2,2,8,1,1,Pflegefachkraft,0,0.0,-1857,19,18,2,3,0,3267,1,,,,,,0,,0,,3,2,2,1,1307,1,3,2,2,1,1143,1,2,1,2,0,817,0,ST-IK1,Normalstation Innere Medizin / Kardiologie,30,Innere Medizin und Kardiologie,10.0,22.0,06:00,14:00,450,,13:30,21:30,450,F,21:15,06:15,495,F|S,11,10,8,10,30,45,8,38.5,30,0.1,0,2.0.0,20261133
PK-003,2026-12-19,plan,19,Samstag,6,51,1,0,,Pflegefachkraft,Pflegefachkraft,EXAM,0.8,30.8,7392,7392,6653,8131,5,2,2,8,1,1,Pflegefachkraft,0,0.0,-1902,19,18,2,3,0,3267,1,,,,,,0,,0,,3,2,2,1,1307,1,3,2,2,1,1143,1,2,1,2,0,817,0,ST-IK1,Normalstation Innere Medizin / Kardiologie,30,Innere Medizin und Kardiologie,10.0,22.0,06:00,14:00,450,,13:30,21:30,450,F,21:15,06:15,495,F|S,11,10,8,10,30,45,8,38.5,30,0.1,0,2.0.0,20261133
PK-004,2026-12-19,plan,19,Samstag,6,51,1,0,,Pflegefachkraft,Pflegefachkraft,EXAM,1.0,38.5,9240,9240,8316,10164,5,2,2,8,1,1,Pflegefachkraft,0,0.0,-2625,19,18,2,3,0,3267,1,,,,,,0,,0,,3,2,2,1,1307,1,3,2,2,1,1143,1,2,1,2,0,817,0,ST-IK1,Normalstation Innere Medizin / Kardiologie,30,Innere Medizin und Kardiologie,10.0,22.0,06:00,14:00,450,,13:30,21:30,450,F,21:15,06:15,495,F|S,11,10,8,10,30,45,8,38.5,30,0.1,0,2.0.0,20261133
PK-005,2026-12-19,plan,19,Samstag,6,51,1,0,,Pflegefachkraft,Pflegefachkraft,EXAM,1.0,38.5,9240,9240,8316,10164,5,2,2,8,1,1,Pflegefachkraft,0,0.0,-2625,19,18,2,3,0,3267,1,,,,,,0,,0,,3,2,2,1,1307,1,3,2,2,1,1143,1,2,1,2,0,817,0,ST-IK1,Normalstation Innere Medizin / Kardiologie,30,Innere Medizin und Kardiologie,10.0,22.0,06:00,14:00,450,,13:30,21:30,450,F,21:15,06:15,495,F|S,11,10,8,10,30,45,8,38.5,30,0.1,0,2.0.0,20261133
PK-006,2026-12-19,plan,19,Samstag,6,51,1,0,,Pflegefachkraft,Pflegefachkraft,EXAM|PRAXISANLEITUNG|KARDIO_MONITORING,1.0,38.5,9240,9240,8316,10164,5,2,2,8,1,1,Pflegefachkraft,0,0.0,1104,19,18,2,3,0,3267,1,,,,,,0,,0,,3,2,2,1,1307,1,3,2,2,1,1143,1,2,1,2,0,817,0,ST-IK1,Normalstation Innere Medizin / Kardiologie,30,Innere Medizin und Kardiologie,10.0,22.0,06:00,14:00,450,,13:30,21:30,450,F,21:15,06:15,495,F|S,11,10,8,10,30,45,8,38.5,30,0.1,0,2.0.0,20261133
PK-007,2026-12-19,plan,19,Samstag,6,51,1,0,,Pflegefachkraft,Pflegefachkraft,EXAM,0.75,28.88,6931,6931,6238,7624,5,2,2,8,1,1,Pflegefachkraft,0,0.0,-1800,19,18,2,3,0,3267,1,,,,,,0,,0,,3,2,2,1,1307,1,3,2,2,1,1143,1,2,1,2,0,817,0,ST-IK1,Normalstation Innere Medizin / Kardiologie,30,Innere Medizin und Kardiologie,10.0,22.0,06:00,14:00,450,,13:30,21:30,450,F,21:15,06:15,495,F|S,11,10,8,10,30,45,8,38.5,30,0.1,0,2.0.0,20261133
PK-008,2026-12-19,plan,19,Samstag,6,51,1,0,,Pflegefachkraft,Pflegefachkraft,EXAM|PRAXISANLEITUNG,0.6,23.1,5544,5544,4990,6098,5,2,2,8,1,1,Pflegefachkraft,0,0.0,-1449,19,18,2,3,0,3267,1,,,,,,0,,0,,3,2,2,1,1307,1,3,2,2,1,1143,1,2,1,2,0,817,0,ST-IK1,Normalstation Innere Medizin / Kardiologie,30,Innere Medizin und Kardiologie,10.0,22.0,06:00,14:00,450,,13:30,21:30,450,F,21:15,06:15,495,F|S,11,10,8,10,30,45,8,38.5,30,0.1,0,2.0.0,20261133
PK-009,2026-12-19,plan,19,Samstag,6,51,1,0,,Pflegefachkraft,Pflegefachkraft,EXAM|KARDIO_MONITORING,0.6,23.1,5544,5544,4990,6098,5,2,2,8,1,1,Pflegefachkraft,0,0.0,-1494,19,18,2,3,0,3267,1,,,,,,0,,0,,3,2,2,1,1307,1,3,2,2,1,1143,1,2,1,2,0,817,0,ST-IK1,Normalstation Innere Medizin / Kardiologie,30,Innere Medizin und Kardiologie,10.0,22.0,06:00,14:00,450,,13:30,21:30,450,F,21:15,06:15,495,F|S,11,10,8,10,30,45,8,38.5,30,0.1,0,2.0.0,20261133
PK-010,2026-12-19,plan,19,Samstag,6,51,1,0,,Pflegefachkraft,Pflegefachkraft,EXAM|KARDIO_MONITORING,0.9,34.65,8316,8316,7484,9148,5,2,2,8,1,1,Pflegefachkraft,0,0.0,-1971,19,18,2,3,0,3267,1,,,,,,0,,0,,3,2,2,1,1307,1,3,2,2,1,1143,1,2,1,2,0,817,0,ST-IK1,Normalstation Innere Medizin / Kardiologie,30,Innere Medizin und Kardiologie,10.0,22.0,06:00,14:00,450,,13:30,21:30,450,F,21:15,06:15,495,F|S,11,10,8,10,30,45,8,38.5,30,0.1,0,2.0.0,20261133
PK-011,2026-12-19,plan,19,Samstag,6,51,1,0,,Pflegefachkraft,Pflegefachkraft,EXAM|PRAXISANLEITUNG,0.5,19.25,4620,4620,4158,5082,5,2,2,8,1,1,Pflegefachkraft,0,0.0,-885,19,18,2,3,0,3267,1,,,F,1,,0,,0,,3,2,2,1,1307,1,3,2,2,1,1143,1,2,1,2,0,817,0,ST-IK1,Normalstation Innere Medizin / Kardiologie,30,Innere Medizin und Kardiologie,10.0,22.0,06:00,14:00,450,,13:30,21:30,450,F,21:15,06:15,495,F|S,11,10,8,10,30,45,8,38.5,30,0.1,0,2.0.0,20261133
PK-012,2026-12-19,plan,19,Samstag,6,51,1,0,,Pflegefachkraft,Pflegefachkraft,EXAM|KARDIO_MONITORING,0.75,28.88,6931,6931,6238,7624,5,2,2,8,1,1,Pflegefachkraft,0,0.0,-1845,19,18,2,3,0,3267,1,,,,,,0,,0,,3,2,2,1,1307,1,3,2,2,1,1143,1,2,1,2,0,817,0,ST-IK1,Normalstation Innere Medizin / Kardiologie,30,Innere Medizin und Kardiologie,10.0,22.0,06:00,14:00,450,,13:30,21:30,450,F,21:15,06:15,495,F|S,11,10,8,10,30,45,8,38.5,30,0.1,0,2.0.0,20261133
PK-013,2026-12-19,plan,19,Samstag,6,51,1,0,,Pflegefachkraft,Pflegefachkraft,EXAM,1.0,38.5,9240,9240,8316,10164,5,2,2,8,1,1,Pflegefachkraft,0,0.0,-2445,19,18,2,3,0,3267,1,,,N,2,,0,,0,,3,2,2,1,1307,1,3,2,2,1,1143,1,2,1,2,0,817,0,ST-IK1,Normalstation Innere Medizin / Kardiologie,30,Innere Medizin und Kardiologie,10.0,22.0,06:00,14:00,450,,13:30,21:30,450,F,21:15,06:15,495,F|S,11,10,8,10,30,45,8,38.5,30,0.1,0,2.0.0,20261133
PK-014,2026-12-19,plan,19,Samstag,6,51,1,0,,Pflegefachkraft,Pflegefachkraft,EXAM|PRAXISANLEITUNG,0.75,28.88,6931,6931,6238,7624,5,2,2,8,1,1,Pflegefachkraft,0,0.0,-1440,19,18,2,3,0,3267,1,,,,,,0,,0,,3,2,2,1,1307,1,3,2,2,1,1143,1,2,1,2,0,817,0,ST-IK1,Normalstation Innere Medizin / Kardiologie,30,Innere Medizin und Kardiologie,10.0,22.0,06:00,14:00,450,,13:30,21:30,450,F,21:15,06:15,495,F|S,11,10,8,10,30,45,8,38.5,30,0.1,0,2.0.0,20261133
PK-015,2026-12-19,plan,19,Samstag,6,51,1,0,,Pflegefachkraft,Pflegefachkraft,EXAM|KARDIO_MONITORING,0.8,30.8,7392,7392,6653,8131,5,2,2,8,1,1,Pflegefachkraft,0,0.0,-1992,19,18,2,3,0,3267,1,,,,,,0,,0,,3,2,2,1,1307,1,3,2,2,1,1143,1,2,1,2,0,817,0,ST-IK1,Normalstation Innere Medizin / Kardiologie,30,Innere Medizin und Kardiologie,10.0,22.0,06:00,14:00,450,,13:30,21:30,450,F,21:15,06:15,495,F|S,11,10,8,10,30,45,8,38.5,30,0.1,0,2.0.0,20261133
PK-016,2026-12-19,plan,19,Samstag,6,51,1,0,,Pflegefachkraft,Pflegefachkraft,EXAM|KARDIO_MONITORING,0.7,26.95,6468,6468,5821,7115,5,2,2,8,1,1,Pflegefachkraft,0,0.0,566,19,18,2,3,0,3267,1,,,,,,0,,0,,3,2,2,1,1307,1,3,2,2,1,1143,1,2,1,2,0,817,0,ST-IK1,Normalstation Innere Medizin / Kardiologie,30,Innere Medizin und Kardiologie,10.0,22.0,06:00,14:00,450,,13:30,21:30,450,F,21:15,06:15,495,F|S,11,10,8,10,30,45,8,38.5,30,0.1,0,2.0.0,20261133
PK-017,2026-12-19,plan,19,Samstag,6,51,1,0,,Pflegefachkraft,Pflegefachkraft,EXAM|PRAXISANLEITUNG|KARDIO_MONITORING,1.0,38.5,9240,9240,8316,10164,5,2,2,8,1,1,Pflegefachkraft,0,0.0,-2265,19,18,2,3,0,3267,1,,,,,,0,,0,,3,2,2,1,1307,1,3,2,2,1,1143,1,2,1,2,0,817,0,ST-IK1,Normalstation Innere Medizin / Kardiologie,30,Innere Medizin und Kardiologie,10.0,22.0,06:00,14:00,450,,13:30,21:30,450,F,21:15,06:15,495,F|S,11,10,8,10,30,45,8,38.5,30,0.1,0,2.0.0,20261133
PK-018,2026-12-19,plan,19,Samstag,6,51,1,0,,Pflegefachkraft,Pflegefachkraft,EXAM,0.5,19.25,4620,4620,4158,5082,5,2,2,8,1,1,Pflegefachkraft,0,0.0,-885,19,18,2,3,0,3267,0,LANGZEITABWESENHEIT,,,,,0,,0,,3,2,2,1,1307,1,3,2,2,1,1143,1,2,1,2,0,817,0,ST-IK1,Normalstation Innere Medizin / Kardiologie,30,Innere Medizin und Kardiologie,10.0,22.0,06:00,14:00,450,,13:30,21:30,450,F,21:15,06:15,495,F|S,11,10,8,10,30,45,8,38.5,30,0.1,0,2.0.0,20261133
AZ-001,2026-12-20,plan,20,Sonntag,7,51,1,0,,Auszubildende_r_3_Ausbildungsjahr,Auszubildende,AUSZUBILDEND,1.0,38.5,9240,9240,8316,10164,5,2,2,8,1,0,nicht anrechenbar,0,0.0,-9240,20,20,6,5,0,3677,1,,,,,,0,,0,,3,2,2,1,1471,1,3,2,2,1,1287,1,2,1,2,0,919,0,ST-IK1,Normalstation Innere Medizin / Kardiologie,30,Innere Medizin und Kardiologie,10.0,22.0,06:00,14:00,450,,13:30,21:30,450,F,21:15,06:15,495,F|S,11,10,8,10,30,45,8,38.5,30,0.1,0,2.0.0,20261133
AZ-002,2026-12-20,plan,20,Sonntag,7,51,1,0,,Auszubildende_r_2_Ausbildungsjahr,Auszubildende,AUSZUBILDEND,1.0,38.5,9240,9240,8316,10164,5,2,2,8,1,0,nicht anrechenbar,0,0.0,-9240,20,20,6,5,0,3677,1,,,,,,0,,0,,3,2,2,1,1471,1,3,2,2,1,1287,1,2,1,2,0,919,0,ST-IK1,Normalstation Innere Medizin / Kardiologie,30,Innere Medizin und Kardiologie,10.0,22.0,06:00,14:00,450,,13:30,21:30,450,F,21:15,06:15,495,F|S,11,10,8,10,30,45,8,38.5,30,0.1,0,2.0.0,20261133
AZ-003,2026-12-20,plan,20,Sonntag,7,51,1,0,,Auszubildende_r_1_Ausbildungsjahr,Auszubildende,AUSZUBILDEND,1.0,38.5,9240,9240,8316,10164,5,2,2,0,0,0,nicht anrechenbar,0,0.0,-6006,20,20,6,5,0,3677,1,,,,,,0,,0,,3,2,2,1,1471,1,3,2,2,1,1287,1,2,1,2,0,919,0,ST-IK1,Normalstation Innere Medizin / Kardiologie,30,Innere Medizin und Kardiologie,10.0,22.0,06:00,14:00,450,,13:30,21:30,450,F,21:15,06:15,495,F|S,11,10,8,10,30,45,8,38.5,30,0.1,0,2.0.0,20261133
PH-001,2026-12-20,plan,20,Sonntag,7,51,1,0,,Pflegehilfskraft,Pflegehilfskraft,PFLEGEHILFE,0.75,28.88,6931,6931,6238,7624,5,2,2,0,0,1,Pflegehilfskraft,0,0.0,-1530,20,20,6,5,0,3677,1,,,,,,0,,0,,3,2,2,1,1471,1,3,2,2,1,1287,1,2,1,2,0,919,0,ST-IK1,Normalstation Innere Medizin / Kardiologie,30,Innere Medizin und Kardiologie,10.0,22.0,06:00,14:00,450,,13:30,21:30,450,F,21:15,06:15,495,F|S,11,10,8,10,30,45,8,38.5,30,0.1,0,2.0.0,20261133
PH-002,2026-12-20,plan,20,Sonntag,7,51,1,0,,Pflegehilfskraft,Pflegehilfskraft,PFLEGEHILFE,0.5,19.25,4620,4620,4158,5082,5,2,2,0,0,1,Pflegehilfskraft,0,0.0,-1020,20,20,6,5,0,3677,1,,,,,,0,,0,,3,2,2,1,1471,1,3,2,2,1,1287,1,2,1,2,0,919,0,ST-IK1,Normalstation Innere Medizin / Kardiologie,30,Innere Medizin und Kardiologie,10.0,22.0,06:00,14:00,450,,13:30,21:30,450,F,21:15,06:15,495,F|S,11,10,8,10,30,45,8,38.5,30,0.1,0,2.0.0,20261133
PK-001,2026-12-20,plan,20,Sonntag,7,51,1,0,,Stationsleitung,Pflegefachkraft,EXAM|LEITUNG|PRAXISANLEITUNG,1.0,38.5,9240,4620,4158,5082,5,2,2,0,0,1,Pflegefachkraft,1,0.5,2130,20,20,6,5,0,3677,1,,3,,,,0,,0,,3,2,2,1,1471,1,3,2,2,1,1287,1,2,1,2,0,919,0,ST-IK1,Normalstation Innere Medizin / Kardiologie,30,Innere Medizin und Kardiologie,10.0,22.0,06:00,14:00,450,,13:30,21:30,450,F,21:15,06:15,495,F|S,11,10,8,10,30,45,8,38.5,30,0.1,0,2.0.0,20261133
PK-002,2026-12-20,plan,20,Sonntag,7,51,1,0,,Pflegefachkraft,Pflegefachkraft,EXAM|PRAXISANLEITUNG,0.8,30.8,7392,7392,6653,8131,5,2,2,8,1,1,Pflegefachkraft,0,0.0,-1857,20,20,6,5,0,3677,1,,,,,,0,,0,,3,2,2,1,1471,1,3,2,2,1,1287,1,2,1,2,0,919,0,ST-IK1,Normalstation Innere Medizin / Kardiologie,30,Innere Medizin und Kardiologie,10.0,22.0,06:00,14:00,450,,13:30,21:30,450,F,21:15,06:15,495,F|S,11,10,8,10,30,45,8,38.5,30,0.1,0,2.0.0,20261133
PK-003,2026-12-20,plan,20,Sonntag,7,51,1,0,,Pflegefachkraft,Pflegefachkraft,EXAM,0.8,30.8,7392,7392,6653,8131,5,2,2,8,1,1,Pflegefachkraft,0,0.0,-1902,20,20,6,5,0,3677,1,,,,,,0,,0,,3,2,2,1,1471,1,3,2,2,1,1287,1,2,1,2,0,919,0,ST-IK1,Normalstation Innere Medizin / Kardiologie,30,Innere Medizin und Kardiologie,10.0,22.0,06:00,14:00,450,,13:30,21:30,450,F,21:15,06:15,495,F|S,11,10,8,10,30,45,8,38.5,30,0.1,0,2.0.0,20261133
PK-004,2026-12-20,plan,20,Sonntag,7,51,1,0,,Pflegefachkraft,Pflegefachkraft,EXAM,1.0,38.5,9240,9240,8316,10164,5,2,2,8,1,1,Pflegefachkraft,0,0.0,-2625,20,20,6,5,0,3677,1,,,,,,0,,0,,3,2,2,1,1471,1,3,2,2,1,1287,1,2,1,2,0,919,0,ST-IK1,Normalstation Innere Medizin / Kardiologie,30,Innere Medizin und Kardiologie,10.0,22.0,06:00,14:00,450,,13:30,21:30,450,F,21:15,06:15,495,F|S,11,10,8,10,30,45,8,38.5,30,0.1,0,2.0.0,20261133
PK-005,2026-12-20,plan,20,Sonntag,7,51,1,0,,Pflegefachkraft,Pflegefachkraft,EXAM,1.0,38.5,9240,9240,8316,10164,5,2,2,8,1,1,Pflegefachkraft,0,0.0,-2625,20,20,6,5,0,3677,1,,,,,,1,4,0,,3,2,2,1,1471,1,3,2,2,1,1287,1,2,1,2,0,919,0,ST-IK1,Normalstation Innere Medizin / Kardiologie,30,Innere Medizin und Kardiologie,10.0,22.0,06:00,14:00,450,,13:30,21:30,450,F,21:15,06:15,495,F|S,11,10,8,10,30,45,8,38.5,30,0.1,0,2.0.0,20261133
PK-006,2026-12-20,plan,20,Sonntag,7,51,1,0,,Pflegefachkraft,Pflegefachkraft,EXAM|PRAXISANLEITUNG|KARDIO_MONITORING,1.0,38.5,9240,9240,8316,10164,5,2,2,8,1,1,Pflegefachkraft,0,0.0,1104,20,20,6,5,0,3677,1,,,,,,0,,0,,3,2,2,1,1471,1,3,2,2,1,1287,1,2,1,2,0,919,0,ST-IK1,Normalstation Innere Medizin / Kardiologie,30,Innere Medizin und Kardiologie,10.0,22.0,06:00,14:00,450,,13:30,21:30,450,F,21:15,06:15,495,F|S,11,10,8,10,30,45,8,38.5,30,0.1,0,2.0.0,20261133
PK-007,2026-12-20,plan,20,Sonntag,7,51,1,0,,Pflegefachkraft,Pflegefachkraft,EXAM,0.75,28.88,6931,6931,6238,7624,5,2,2,8,1,1,Pflegefachkraft,0,0.0,-1800,20,20,6,5,0,3677,1,,,,,,0,,0,,3,2,2,1,1471,1,3,2,2,1,1287,1,2,1,2,0,919,0,ST-IK1,Normalstation Innere Medizin / Kardiologie,30,Innere Medizin und Kardiologie,10.0,22.0,06:00,14:00,450,,13:30,21:30,450,F,21:15,06:15,495,F|S,11,10,8,10,30,45,8,38.5,30,0.1,0,2.0.0,20261133
PK-008,2026-12-20,plan,20,Sonntag,7,51,1,0,,Pflegefachkraft,Pflegefachkraft,EXAM|PRAXISANLEITUNG,0.6,23.1,5544,5544,4990,6098,5,2,2,8,1,1,Pflegefachkraft,0,0.0,-1449,20,20,6,5,0,3677,1,,,,,,0,,0,,3,2,2,1,1471,1,3,2,2,1,1287,1,2,1,2,0,919,0,ST-IK1,Normalstation Innere Medizin / Kardiologie,30,Innere Medizin und Kardiologie,10.0,22.0,06:00,14:00,450,,13:30,21:30,450,F,21:15,06:15,495,F|S,11,10,8,10,30,45,8,38.5,30,0.1,0,2.0.0,20261133
PK-009,2026-12-20,plan,20,Sonntag,7,51,1,0,,Pflegefachkraft,Pflegefachkraft,EXAM|KARDIO_MONITORING,0.6,23.1,5544,5544,4990,6098,5,2,2,8,1,1,Pflegefachkraft,0,0.0,-1494,20,20,6,5,0,3677,1,,,,,,0,,0,,3,2,2,1,1471,1,3,2,2,1,1287,1,2,1,2,0,919,0,ST-IK1,Normalstation Innere Medizin / Kardiologie,30,Innere Medizin und Kardiologie,10.0,22.0,06:00,14:00,450,,13:30,21:30,450,F,21:15,06:15,495,F|S,11,10,8,10,30,45,8,38.5,30,0.1,0,2.0.0,20261133
PK-010,2026-12-20,plan,20,Sonntag,7,51,1,0,,Pflegefachkraft,Pflegefachkraft,EXAM|KARDIO_MONITORING,0.9,34.65,8316,8316,7484,9148,5,2,2,8,1,1,Pflegefachkraft,0,0.0,-1971,20,20,6,5,0,3677,1,,,,,,0,,0,,3,2,2,1,1471,1,3,2,2,1,1287,1,2,1,2,0,919,0,ST-IK1,Normalstation Innere Medizin / Kardiologie,30,Innere Medizin und Kardiologie,10.0,22.0,06:00,14:00,450,,13:30,21:30,450,F,21:15,06:15,495,F|S,11,10,8,10,30,45,8,38.5,30,0.1,0,2.0.0,20261133
PK-011,2026-12-20,plan,20,Sonntag,7,51,1,0,,Pflegefachkraft,Pflegefachkraft,EXAM|PRAXISANLEITUNG,0.5,19.25,4620,4620,4158,5082,5,2,2,8,1,1,Pflegefachkraft,0,0.0,-885,20,20,6,5,0,3677,1,,,,,,0,,0,,3,2,2,1,1471,1,3,2,2,1,1287,1,2,1,2,0,919,0,ST-IK1,Normalstation Innere Medizin / Kardiologie,30,Innere Medizin und Kardiologie,10.0,22.0,06:00,14:00,450,,13:30,21:30,450,F,21:15,06:15,495,F|S,11,10,8,10,30,45,8,38.5,30,0.1,0,2.0.0,20261133
PK-012,2026-12-20,plan,20,Sonntag,7,51,1,0,,Pflegefachkraft,Pflegefachkraft,EXAM|KARDIO_MONITORING,0.75,28.88,6931,6931,6238,7624,5,2,2,8,1,1,Pflegefachkraft,0,0.0,-1845,20,20,6,5,0,3677,1,,,,,,1,12,0,,3,2,2,1,1471,1,3,2,2,1,1287,1,2,1,2,0,919,0,ST-IK1,Normalstation Innere Medizin / Kardiologie,30,Innere Medizin und Kardiologie,10.0,22.0,06:00,14:00,450,,13:30,21:30,450,F,21:15,06:15,495,F|S,11,10,8,10,30,45,8,38.5,30,0.1,0,2.0.0,20261133
PK-013,2026-12-20,plan,20,Sonntag,7,51,1,0,,Pflegefachkraft,Pflegefachkraft,EXAM,1.0,38.5,9240,9240,8316,10164,5,2,2,8,1,1,Pflegefachkraft,0,0.0,-2445,20,20,6,5,0,3677,1,,,,,,0,,0,,3,2,2,1,1471,1,3,2,2,1,1287,1,2,1,2,0,919,0,ST-IK1,Normalstation Innere Medizin / Kardiologie,30,Innere Medizin und Kardiologie,10.0,22.0,06:00,14:00,450,,13:30,21:30,450,F,21:15,06:15,495,F|S,11,10,8,10,30,45,8,38.5,30,0.1,0,2.0.0,20261133
PK-014,2026-12-20,plan,20,Sonntag,7,51,1,0,,Pflegefachkraft,Pflegefachkraft,EXAM|PRAXISANLEITUNG,0.75,28.88,6931,6931,6238,7624,5,2,2,8,1,1,Pflegefachkraft,0,0.0,-1440,20,20,6,5,0,3677,1,,,,,,0,,0,,3,2,2,1,1471,1,3,2,2,1,1287,1,2,1,2,0,919,0,ST-IK1,Normalstation Innere Medizin / Kardiologie,30,Innere Medizin und Kardiologie,10.0,22.0,06:00,14:00,450,,13:30,21:30,450,F,21:15,06:15,495,F|S,11,10,8,10,30,45,8,38.5,30,0.1,0,2.0.0,20261133
PK-015,2026-12-20,plan,20,Sonntag,7,51,1,0,,Pflegefachkraft,Pflegefachkraft,EXAM|KARDIO_MONITORING,0.8,30.8,7392,7392,6653,8131,5,2,2,8,1,1,Pflegefachkraft,0,0.0,-1992,20,20,6,5,0,3677,1,,,,,,0,,0,,3,2,2,1,1471,1,3,2,2,1,1287,1,2,1,2,0,919,0,ST-IK1,Normalstation Innere Medizin / Kardiologie,30,Innere Medizin und Kardiologie,10.0,22.0,06:00,14:00,450,,13:30,21:30,450,F,21:15,06:15,495,F|S,11,10,8,10,30,45,8,38.5,30,0.1,0,2.0.0,20261133
PK-016,2026-12-20,plan,20,Sonntag,7,51,1,0,,Pflegefachkraft,Pflegefachkraft,EXAM|KARDIO_MONITORING,0.7,26.95,6468,6468,5821,7115,5,2,2,8,1,1,Pflegefachkraft,0,0.0,566,20,20,6,5,0,3677,1,,,S,2,,0,,0,,3,2,2,1,1471,1,3,2,2,1,1287,1,2,1,2,0,919,0,ST-IK1,Normalstation Innere Medizin / Kardiologie,30,Innere Medizin und Kardiologie,10.0,22.0,06:00,14:00,450,,13:30,21:30,450,F,21:15,06:15,495,F|S,11,10,8,10,30,45,8,38.5,30,0.1,0,2.0.0,20261133
PK-017,2026-12-20,plan,20,Sonntag,7,51,1,0,,Pflegefachkraft,Pflegefachkraft,EXAM|PRAXISANLEITUNG|KARDIO_MONITORING,1.0,38.5,9240,9240,8316,10164,5,2,2,8,1,1,Pflegefachkraft,0,0.0,-2265,20,20,6,5,0,3677,1,,,,,,0,,0,,3,2,2,1,1471,1,3,2,2,1,1287,1,2,1,2,0,919,0,ST-IK1,Normalstation Innere Medizin / Kardiologie,30,Innere Medizin und Kardiologie,10.0,22.0,06:00,14:00,450,,13:30,21:30,450,F,21:15,06:15,495,F|S,11,10,8,10,30,45,8,38.5,30,0.1,0,2.0.0,20261133
PK-018,2026-12-20,plan,20,Sonntag,7,51,1,0,,Pflegefachkraft,Pflegefachkraft,EXAM,0.5,19.25,4620,4620,4158,5082,5,2,2,8,1,1,Pflegefachkraft,0,0.0,-885,20,20,6,5,0,3677,0,LANGZEITABWESENHEIT,,,,,0,,0,,3,2,2,1,1471,1,3,2,2,1,1287,1,2,1,2,0,919,0,ST-IK1,Normalstation Innere Medizin / Kardiologie,30,Innere Medizin und Kardiologie,10.0,22.0,06:00,14:00,450,,13:30,21:30,450,F,21:15,06:15,495,F|S,11,10,8,10,30,45,8,38.5,30,0.1,0,2.0.0,20261133
AZ-001,2026-12-21,plan,21,Montag,1,52,0,0,,Auszubildende_r_3_Ausbildungsjahr,Auszubildende,AUSZUBILDEND,1.0,38.5,9240,9240,8316,10164,5,2,2,8,1,0,nicht anrechenbar,0,0.0,-9240,23,22,0,1,0,3288,1,,,,,,0,,0,,3,3,2,1,1315,1,3,3,2,1,1151,1,2,1,2,0,822,0,ST-IK1,Normalstation Innere Medizin / Kardiologie,30,Innere Medizin und Kardiologie,10.0,22.0,06:00,14:00,450,,13:30,21:30,450,F,21:15,06:15,495,F|S,11,10,8,10,30,45,8,38.5,30,0.1,0,2.0.0,20261133
AZ-002,2026-12-21,plan,21,Montag,1,52,0,0,,Auszubildende_r_2_Ausbildungsjahr,Auszubildende,AUSZUBILDEND,1.0,38.5,9240,9240,8316,10164,5,2,2,8,1,0,nicht anrechenbar,0,0.0,-9240,23,22,0,1,0,3288,1,,,,,,0,,0,,3,3,2,1,1315,1,3,3,2,1,1151,1,2,1,2,0,822,0,ST-IK1,Normalstation Innere Medizin / Kardiologie,30,Innere Medizin und Kardiologie,10.0,22.0,06:00,14:00,450,,13:30,21:30,450,F,21:15,06:15,495,F|S,11,10,8,10,30,45,8,38.5,30,0.1,0,2.0.0,20261133
AZ-003,2026-12-21,plan,21,Montag,1,52,0,0,,Auszubildende_r_1_Ausbildungsjahr,Auszubildende,AUSZUBILDEND,1.0,38.5,9240,9240,8316,10164,5,2,2,0,0,0,nicht anrechenbar,0,0.0,-6006,23,22,0,1,0,3288,1,,,,,,0,,0,,3,3,2,1,1315,1,3,3,2,1,1151,1,2,1,2,0,822,0,ST-IK1,Normalstation Innere Medizin / Kardiologie,30,Innere Medizin und Kardiologie,10.0,22.0,06:00,14:00,450,,13:30,21:30,450,F,21:15,06:15,495,F|S,11,10,8,10,30,45,8,38.5,30,0.1,0,2.0.0,20261133
PH-001,2026-12-21,plan,21,Montag,1,52,0,0,,Pflegehilfskraft,Pflegehilfskraft,PFLEGEHILFE,0.75,28.88,6931,6931,6238,7624,5,2,2,0,0,1,Pflegehilfskraft,0,0.0,-1530,23,22,0,1,0,3288,1,,,,,,0,,0,,3,3,2,1,1315,1,3,3,2,1,1151,1,2,1,2,0,822,0,ST-IK1,Normalstation Innere Medizin / Kardiologie,30,Innere Medizin und Kardiologie,10.0,22.0,06:00,14:00,450,,13:30,21:30,450,F,21:15,06:15,495,F|S,11,10,8,10,30,45,8,38.5,30,0.1,0,2.0.0,20261133
PH-002,2026-12-21,plan,21,Montag,1,52,0,0,,Pflegehilfskraft,Pflegehilfskraft,PFLEGEHILFE,0.5,19.25,4620,4620,4158,5082,5,2,2,0,0,1,Pflegehilfskraft,0,0.0,-1020,23,22,0,1,0,3288,1,,,,,,0,,0,,3,3,2,1,1315,1,3,3,2,1,1151,1,2,1,2,0,822,0,ST-IK1,Normalstation Innere Medizin / Kardiologie,30,Innere Medizin und Kardiologie,10.0,22.0,06:00,14:00,450,,13:30,21:30,450,F,21:15,06:15,495,F|S,11,10,8,10,30,45,8,38.5,30,0.1,0,2.0.0,20261133
PK-001,2026-12-21,plan,21,Montag,1,52,0,0,,Stationsleitung,Pflegefachkraft,EXAM|LEITUNG|PRAXISANLEITUNG,1.0,38.5,9240,4620,4158,5082,5,2,2,0,0,1,Pflegefachkraft,1,0.5,2130,23,22,0,1,0,3288,1,,,,,,1,8,0,,3,3,2,1,1315,1,3,3,2,1,1151,1,2,1,2,0,822,0,ST-IK1,Normalstation Innere Medizin / Kardiologie,30,Innere Medizin und Kardiologie,10.0,22.0,06:00,14:00,450,,13:30,21:30,450,F,21:15,06:15,495,F|S,11,10,8,10,30,45,8,38.5,30,0.1,0,2.0.0,20261133
PK-002,2026-12-21,plan,21,Montag,1,52,0,0,,Pflegefachkraft,Pflegefachkraft,EXAM|PRAXISANLEITUNG,0.8,30.8,7392,7392,6653,8131,5,2,2,8,1,1,Pflegefachkraft,0,0.0,-1857,23,22,0,1,0,3288,1,,,,,,0,,0,,3,3,2,1,1315,1,3,3,2,1,1151,1,2,1,2,0,822,0,ST-IK1,Normalstation Innere Medizin / Kardiologie,30,Innere Medizin und Kardiologie,10.0,22.0,06:00,14:00,450,,13:30,21:30,450,F,21:15,06:15,495,F|S,11,10,8,10,30,45,8,38.5,30,0.1,0,2.0.0,20261133
PK-003,2026-12-21,plan,21,Montag,1,52,0,0,,Pflegefachkraft,Pflegefachkraft,EXAM,0.8,30.8,7392,7392,6653,8131,5,2,2,8,1,1,Pflegefachkraft,0,0.0,-1902,23,22,0,1,0,3288,1,,,,,,0,,0,,3,3,2,1,1315,1,3,3,2,1,1151,1,2,1,2,0,822,0,ST-IK1,Normalstation Innere Medizin / Kardiologie,30,Innere Medizin und Kardiologie,10.0,22.0,06:00,14:00,450,,13:30,21:30,450,F,21:15,06:15,495,F|S,11,10,8,10,30,45,8,38.5,30,0.1,0,2.0.0,20261133
PK-004,2026-12-21,plan,21,Montag,1,52,0,0,,Pflegefachkraft,Pflegefachkraft,EXAM,1.0,38.5,9240,9240,8316,10164,5,2,2,8,1,1,Pflegefachkraft,0,0.0,-2625,23,22,0,1,0,3288,1,,,,,,0,,0,,3,3,2,1,1315,1,3,3,2,1,1151,1,2,1,2,0,822,0,ST-IK1,Normalstation Innere Medizin / Kardiologie,30,Innere Medizin und Kardiologie,10.0,22.0,06:00,14:00,450,,13:30,21:30,450,F,21:15,06:15,495,F|S,11,10,8,10,30,45,8,38.5,30,0.1,0,2.0.0,20261133
PK-005,2026-12-21,plan,21,Montag,1,52,0,0,,Pflegefachkraft,Pflegefachkraft,EXAM,1.0,38.5,9240,9240,8316,10164,5,2,2,8,1,1,Pflegefachkraft,0,0.0,-2625,23,22,0,1,0,3288,1,,,,,,0,,0,,3,3,2,1,1315,1,3,3,2,1,1151,1,2,1,2,0,822,0,ST-IK1,Normalstation Innere Medizin / Kardiologie,30,Innere Medizin und Kardiologie,10.0,22.0,06:00,14:00,450,,13:30,21:30,450,F,21:15,06:15,495,F|S,11,10,8,10,30,45,8,38.5,30,0.1,0,2.0.0,20261133
PK-006,2026-12-21,plan,21,Montag,1,52,0,0,,Pflegefachkraft,Pflegefachkraft,EXAM|PRAXISANLEITUNG|KARDIO_MONITORING,1.0,38.5,9240,9240,8316,10164,5,2,2,8,1,1,Pflegefachkraft,0,0.0,1104,23,22,0,1,0,3288,1,,,,,,0,,0,,3,3,2,1,1315,1,3,3,2,1,1151,1,2,1,2,0,822,0,ST-IK1,Normalstation Innere Medizin / Kardiologie,30,Innere Medizin und Kardiologie,10.0,22.0,06:00,14:00,450,,13:30,21:30,450,F,21:15,06:15,495,F|S,11,10,8,10,30,45,8,38.5,30,0.1,0,2.0.0,20261133
PK-007,2026-12-21,plan,21,Montag,1,52,0,0,,Pflegefachkraft,Pflegefachkraft,EXAM,0.75,28.88,6931,6931,6238,7624,5,2,2,8,1,1,Pflegefachkraft,0,0.0,-1800,23,22,0,1,0,3288,1,,,,,,0,,0,,3,3,2,1,1315,1,3,3,2,1,1151,1,2,1,2,0,822,0,ST-IK1,Normalstation Innere Medizin / Kardiologie,30,Innere Medizin und Kardiologie,10.0,22.0,06:00,14:00,450,,13:30,21:30,450,F,21:15,06:15,495,F|S,11,10,8,10,30,45,8,38.5,30,0.1,0,2.0.0,20261133
PK-008,2026-12-21,plan,21,Montag,1,52,0,0,,Pflegefachkraft,Pflegefachkraft,EXAM|PRAXISANLEITUNG,0.6,23.1,5544,5544,4990,6098,5,2,2,8,1,1,Pflegefachkraft,0,0.0,-1449,23,22,0,1,0,3288,1,,,,,,0,,0,,3,3,2,1,1315,1,3,3,2,1,1151,1,2,1,2,0,822,0,ST-IK1,Normalstation Innere Medizin / Kardiologie,30,Innere Medizin und Kardiologie,10.0,22.0,06:00,14:00,450,,13:30,21:30,450,F,21:15,06:15,495,F|S,11,10,8,10,30,45,8,38.5,30,0.1,0,2.0.0,20261133
PK-009,2026-12-21,plan,21,Montag,1,52,0,0,,Pflegefachkraft,Pflegefachkraft,EXAM|KARDIO_MONITORING,0.6,23.1,5544,5544,4990,6098,5,2,2,8,1,1,Pflegefachkraft,0,0.0,-1494,23,22,0,1,0,3288,1,,,,,,0,,0,,3,3,2,1,1315,1,3,3,2,1,1151,1,2,1,2,0,822,0,ST-IK1,Normalstation Innere Medizin / Kardiologie,30,Innere Medizin und Kardiologie,10.0,22.0,06:00,14:00,450,,13:30,21:30,450,F,21:15,06:15,495,F|S,11,10,8,10,30,45,8,38.5,30,0.1,0,2.0.0,20261133
PK-010,2026-12-21,plan,21,Montag,1,52,0,0,,Pflegefachkraft,Pflegefachkraft,EXAM|KARDIO_MONITORING,0.9,34.65,8316,8316,7484,9148,5,2,2,8,1,1,Pflegefachkraft,0,0.0,-1971,23,22,0,1,0,3288,1,,,,,,0,,0,,3,3,2,1,1315,1,3,3,2,1,1151,1,2,1,2,0,822,0,ST-IK1,Normalstation Innere Medizin / Kardiologie,30,Innere Medizin und Kardiologie,10.0,22.0,06:00,14:00,450,,13:30,21:30,450,F,21:15,06:15,495,F|S,11,10,8,10,30,45,8,38.5,30,0.1,0,2.0.0,20261133
PK-011,2026-12-21,plan,21,Montag,1,52,0,0,,Pflegefachkraft,Pflegefachkraft,EXAM|PRAXISANLEITUNG,0.5,19.25,4620,4620,4158,5082,5,2,2,8,1,1,Pflegefachkraft,0,0.0,-885,23,22,0,1,0,3288,1,,,,,,0,,0,,3,3,2,1,1315,1,3,3,2,1,1151,1,2,1,2,0,822,0,ST-IK1,Normalstation Innere Medizin / Kardiologie,30,Innere Medizin und Kardiologie,10.0,22.0,06:00,14:00,450,,13:30,21:30,450,F,21:15,06:15,495,F|S,11,10,8,10,30,45,8,38.5,30,0.1,0,2.0.0,20261133
PK-012,2026-12-21,plan,21,Montag,1,52,0,0,,Pflegefachkraft,Pflegefachkraft,EXAM|KARDIO_MONITORING,0.75,28.88,6931,6931,6238,7624,5,2,2,8,1,1,Pflegefachkraft,0,0.0,-1845,23,22,0,1,0,3288,1,,,,,,0,,0,,3,3,2,1,1315,1,3,3,2,1,1151,1,2,1,2,0,822,0,ST-IK1,Normalstation Innere Medizin / Kardiologie,30,Innere Medizin und Kardiologie,10.0,22.0,06:00,14:00,450,,13:30,21:30,450,F,21:15,06:15,495,F|S,11,10,8,10,30,45,8,38.5,30,0.1,0,2.0.0,20261133
PK-013,2026-12-21,plan,21,Montag,1,52,0,0,,Pflegefachkraft,Pflegefachkraft,EXAM,1.0,38.5,9240,9240,8316,10164,5,2,2,8,1,1,Pflegefachkraft,0,0.0,-2445,23,22,0,1,0,3288,1,,,,,,0,,0,,3,3,2,1,1315,1,3,3,2,1,1151,1,2,1,2,0,822,0,ST-IK1,Normalstation Innere Medizin / Kardiologie,30,Innere Medizin und Kardiologie,10.0,22.0,06:00,14:00,450,,13:30,21:30,450,F,21:15,06:15,495,F|S,11,10,8,10,30,45,8,38.5,30,0.1,0,2.0.0,20261133
PK-014,2026-12-21,plan,21,Montag,1,52,0,0,,Pflegefachkraft,Pflegefachkraft,EXAM|PRAXISANLEITUNG,0.75,28.88,6931,6931,6238,7624,5,2,2,8,1,1,Pflegefachkraft,0,0.0,-1440,23,22,0,1,0,3288,1,,,,,,0,,0,,3,3,2,1,1315,1,3,3,2,1,1151,1,2,1,2,0,822,0,ST-IK1,Normalstation Innere Medizin / Kardiologie,30,Innere Medizin und Kardiologie,10.0,22.0,06:00,14:00,450,,13:30,21:30,450,F,21:15,06:15,495,F|S,11,10,8,10,30,45,8,38.5,30,0.1,0,2.0.0,20261133
PK-015,2026-12-21,plan,21,Montag,1,52,0,0,,Pflegefachkraft,Pflegefachkraft,EXAM|KARDIO_MONITORING,0.8,30.8,7392,7392,6653,8131,5,2,2,8,1,1,Pflegefachkraft,0,0.0,-1992,23,22,0,1,0,3288,1,,,,,,0,,0,,3,3,2,1,1315,1,3,3,2,1,1151,1,2,1,2,0,822,0,ST-IK1,Normalstation Innere Medizin / Kardiologie,30,Innere Medizin und Kardiologie,10.0,22.0,06:00,14:00,450,,13:30,21:30,450,F,21:15,06:15,495,F|S,11,10,8,10,30,45,8,38.5,30,0.1,0,2.0.0,20261133
PK-016,2026-12-21,plan,21,Montag,1,52,0,0,,Pflegefachkraft,Pflegefachkraft,EXAM|KARDIO_MONITORING,0.7,26.95,6468,6468,5821,7115,5,2,2,8,1,1,Pflegefachkraft,0,0.0,566,23,22,0,1,0,3288,1,,,,,,0,,0,,3,3,2,1,1315,1,3,3,2,1,1151,1,2,1,2,0,822,0,ST-IK1,Normalstation Innere Medizin / Kardiologie,30,Innere Medizin und Kardiologie,10.0,22.0,06:00,14:00,450,,13:30,21:30,450,F,21:15,06:15,495,F|S,11,10,8,10,30,45,8,38.5,30,0.1,0,2.0.0,20261133
PK-017,2026-12-21,plan,21,Montag,1,52,0,0,,Pflegefachkraft,Pflegefachkraft,EXAM|PRAXISANLEITUNG|KARDIO_MONITORING,1.0,38.5,9240,9240,8316,10164,5,2,2,8,1,1,Pflegefachkraft,0,0.0,-2265,23,22,0,1,0,3288,1,,,,,,0,,0,,3,3,2,1,1315,1,3,3,2,1,1151,1,2,1,2,0,822,0,ST-IK1,Normalstation Innere Medizin / Kardiologie,30,Innere Medizin und Kardiologie,10.0,22.0,06:00,14:00,450,,13:30,21:30,450,F,21:15,06:15,495,F|S,11,10,8,10,30,45,8,38.5,30,0.1,0,2.0.0,20261133
PK-018,2026-12-21,plan,21,Montag,1,52,0,0,,Pflegefachkraft,Pflegefachkraft,EXAM,0.5,19.25,4620,4620,4158,5082,5,2,2,8,1,1,Pflegefachkraft,0,0.0,-885,23,22,0,1,0,3288,0,URLAUB,,,,,0,,0,,3,3,2,1,1315,1,3,3,2,1,1151,1,2,1,2,0,822,0,ST-IK1,Normalstation Innere Medizin / Kardiologie,30,Innere Medizin und Kardiologie,10.0,22.0,06:00,14:00,450,,13:30,21:30,450,F,21:15,06:15,495,F|S,11,10,8,10,30,45,8,38.5,30,0.1,0,2.0.0,20261133
AZ-001,2026-12-22,plan,22,Dienstag,2,52,0,0,,Auszubildende_r_3_Ausbildungsjahr,Auszubildende,AUSZUBILDEND,1.0,38.5,9240,9240,8316,10164,5,2,2,8,1,0,nicht anrechenbar,0,0.0,-9240,24,23,5,1,2,4364,1,,,,,,0,,0,,4,3,3,1,1746,1,3,3,2,1,1527,1,2,2,2,0,1091,0,ST-IK1,Normalstation Innere Medizin / Kardiologie,30,Innere Medizin und Kardiologie,10.0,22.0,06:00,14:00,450,,13:30,21:30,450,F,21:15,06:15,495,F|S,11,10,8,10,30,45,8,38.5,30,0.1,0,2.0.0,20261133
AZ-002,2026-12-22,plan,22,Dienstag,2,52,0,0,,Auszubildende_r_2_Ausbildungsjahr,Auszubildende,AUSZUBILDEND,1.0,38.5,9240,9240,8316,10164,5,2,2,8,1,0,nicht anrechenbar,0,0.0,-9240,24,23,5,1,2,4364,1,,,,,,0,,0,,4,3,3,1,1746,1,3,3,2,1,1527,1,2,2,2,0,1091,0,ST-IK1,Normalstation Innere Medizin / Kardiologie,30,Innere Medizin und Kardiologie,10.0,22.0,06:00,14:00,450,,13:30,21:30,450,F,21:15,06:15,495,F|S,11,10,8,10,30,45,8,38.5,30,0.1,0,2.0.0,20261133
AZ-003,2026-12-22,plan,22,Dienstag,2,52,0,0,,Auszubildende_r_1_Ausbildungsjahr,Auszubildende,AUSZUBILDEND,1.0,38.5,9240,9240,8316,10164,5,2,2,0,0,0,nicht anrechenbar,0,0.0,-6006,24,23,5,1,2,4364,1,,,,,,0,,0,,4,3,3,1,1746,1,3,3,2,1,1527,1,2,2,2,0,1091,0,ST-IK1,Normalstation Innere Medizin / Kardiologie,30,Innere Medizin und Kardiologie,10.0,22.0,06:00,14:00,450,,13:30,21:30,450,F,21:15,06:15,495,F|S,11,10,8,10,30,45,8,38.5,30,0.1,0,2.0.0,20261133
PH-001,2026-12-22,plan,22,Dienstag,2,52,0,0,,Pflegehilfskraft,Pflegehilfskraft,PFLEGEHILFE,0.75,28.88,6931,6931,6238,7624,5,2,2,0,0,1,Pflegehilfskraft,0,0.0,-1530,24,23,5,1,2,4364,1,,,,,,0,,0,,4,3,3,1,1746,1,3,3,2,1,1527,1,2,2,2,0,1091,0,ST-IK1,Normalstation Innere Medizin / Kardiologie,30,Innere Medizin und Kardiologie,10.0,22.0,06:00,14:00,450,,13:30,21:30,450,F,21:15,06:15,495,F|S,11,10,8,10,30,45,8,38.5,30,0.1,0,2.0.0,20261133
PH-002,2026-12-22,plan,22,Dienstag,2,52,0,0,,Pflegehilfskraft,Pflegehilfskraft,PFLEGEHILFE,0.5,19.25,4620,4620,4158,5082,5,2,2,0,0,1,Pflegehilfskraft,0,0.0,-1020,24,23,5,1,2,4364,1,,,,,,0,,0,,4,3,3,1,1746,1,3,3,2,1,1527,1,2,2,2,0,1091,0,ST-IK1,Normalstation Innere Medizin / Kardiologie,30,Innere Medizin und Kardiologie,10.0,22.0,06:00,14:00,450,,13:30,21:30,450,F,21:15,06:15,495,F|S,11,10,8,10,30,45,8,38.5,30,0.1,0,2.0.0,20261133
PK-001,2026-12-22,plan,22,Dienstag,2,52,0,0,,Stationsleitung,Pflegefachkraft,EXAM|LEITUNG|PRAXISANLEITUNG,1.0,38.5,9240,4620,4158,5082,5,2,2,0,0,1,Pflegefachkraft,1,0.5,2130,24,23,5,1,2,4364,1,,,,,,0,,0,,4,3,3,1,1746,1,3,3,2,1,1527,1,2,2,2,0,1091,0,ST-IK1,Normalstation Innere Medizin / Kardiologie,30,Innere Medizin und Kardiologie,10.0,22.0,06:00,14:00,450,,13:30,21:30,450,F,21:15,06:15,495,F|S,11,10,8,10,30,45,8,38.5,30,0.1,0,2.0.0,20261133
PK-002,2026-12-22,plan,22,Dienstag,2,52,0,0,,Pflegefachkraft,Pflegefachkraft,EXAM|PRAXISANLEITUNG,0.8,30.8,7392,7392,6653,8131,5,2,2,8,1,1,Pflegefachkraft,0,0.0,-1857,24,23,5,1,2,4364,1,,,,,,0,,0,,4,3,3,1,1746,1,3,3,2,1,1527,1,2,2,2,0,1091,0,ST-IK1,Normalstation Innere Medizin / Kardiologie,30,Innere Medizin und Kardiologie,10.0,22.0,06:00,14:00,450,,13:30,21:30,450,F,21:15,06:15,495,F|S,11,10,8,10,30,45,8,38.5,30,0.1,0,2.0.0,20261133
PK-003,2026-12-22,plan,22,Dienstag,2,52,0,0,,Pflegefachkraft,Pflegefachkraft,EXAM,0.8,30.8,7392,7392,6653,8131,5,2,2,8,1,1,Pflegefachkraft,0,0.0,-1902,24,23,5,1,2,4364,1,,,,,,0,,0,,4,3,3,1,1746,1,3,3,2,1,1527,1,2,2,2,0,1091,0,ST-IK1,Normalstation Innere Medizin / Kardiologie,30,Innere Medizin und Kardiologie,10.0,22.0,06:00,14:00,450,,13:30,21:30,450,F,21:15,06:15,495,F|S,11,10,8,10,30,45,8,38.5,30,0.1,0,2.0.0,20261133
PK-004,2026-12-22,plan,22,Dienstag,2,52,0,0,,Pflegefachkraft,Pflegefachkraft,EXAM,1.0,38.5,9240,9240,8316,10164,5,2,2,8,1,1,Pflegefachkraft,0,0.0,-2625,24,23,5,1,2,4364,1,,,,,,0,,0,,4,3,3,1,1746,1,3,3,2,1,1527,1,2,2,2,0,1091,0,ST-IK1,Normalstation Innere Medizin / Kardiologie,30,Innere Medizin und Kardiologie,10.0,22.0,06:00,14:00,450,,13:30,21:30,450,F,21:15,06:15,495,F|S,11,10,8,10,30,45,8,38.5,30,0.1,0,2.0.0,20261133
PK-005,2026-12-22,plan,22,Dienstag,2,52,0,0,,Pflegefachkraft,Pflegefachkraft,EXAM,1.0,38.5,9240,9240,8316,10164,5,2,2,8,1,1,Pflegefachkraft,0,0.0,-2625,24,23,5,1,2,4364,1,,,,,,0,,0,,4,3,3,1,1746,1,3,3,2,1,1527,1,2,2,2,0,1091,0,ST-IK1,Normalstation Innere Medizin / Kardiologie,30,Innere Medizin und Kardiologie,10.0,22.0,06:00,14:00,450,,13:30,21:30,450,F,21:15,06:15,495,F|S,11,10,8,10,30,45,8,38.5,30,0.1,0,2.0.0,20261133
PK-006,2026-12-22,plan,22,Dienstag,2,52,0,0,,Pflegefachkraft,Pflegefachkraft,EXAM|PRAXISANLEITUNG|KARDIO_MONITORING,1.0,38.5,9240,9240,8316,10164,5,2,2,8,1,1,Pflegefachkraft,0,0.0,1104,24,23,5,1,2,4364,1,,,,,,0,,0,,4,3,3,1,1746,1,3,3,2,1,1527,1,2,2,2,0,1091,0,ST-IK1,Normalstation Innere Medizin / Kardiologie,30,Innere Medizin und Kardiologie,10.0,22.0,06:00,14:00,450,,13:30,21:30,450,F,21:15,06:15,495,F|S,11,10,8,10,30,45,8,38.5,30,0.1,0,2.0.0,20261133
PK-007,2026-12-22,plan,22,Dienstag,2,52,0,0,,Pflegefachkraft,Pflegefachkraft,EXAM,0.75,28.88,6931,6931,6238,7624,5,2,2,8,1,1,Pflegefachkraft,0,0.0,-1800,24,23,5,1,2,4364,1,,,,,,0,,0,,4,3,3,1,1746,1,3,3,2,1,1527,1,2,2,2,0,1091,0,ST-IK1,Normalstation Innere Medizin / Kardiologie,30,Innere Medizin und Kardiologie,10.0,22.0,06:00,14:00,450,,13:30,21:30,450,F,21:15,06:15,495,F|S,11,10,8,10,30,45,8,38.5,30,0.1,0,2.0.0,20261133
PK-008,2026-12-22,plan,22,Dienstag,2,52,0,0,,Pflegefachkraft,Pflegefachkraft,EXAM|PRAXISANLEITUNG,0.6,23.1,5544,5544,4990,6098,5,2,2,8,1,1,Pflegefachkraft,0,0.0,-1449,24,23,5,1,2,4364,1,,,,,,0,,0,,4,3,3,1,1746,1,3,3,2,1,1527,1,2,2,2,0,1091,0,ST-IK1,Normalstation Innere Medizin / Kardiologie,30,Innere Medizin und Kardiologie,10.0,22.0,06:00,14:00,450,,13:30,21:30,450,F,21:15,06:15,495,F|S,11,10,8,10,30,45,8,38.5,30,0.1,0,2.0.0,20261133
PK-009,2026-12-22,plan,22,Dienstag,2,52,0,0,,Pflegefachkraft,Pflegefachkraft,EXAM|KARDIO_MONITORING,0.6,23.1,5544,5544,4990,6098,5,2,2,8,1,1,Pflegefachkraft,0,0.0,-1494,24,23,5,1,2,4364,1,,,,,,0,,0,,4,3,3,1,1746,1,3,3,2,1,1527,1,2,2,2,0,1091,0,ST-IK1,Normalstation Innere Medizin / Kardiologie,30,Innere Medizin und Kardiologie,10.0,22.0,06:00,14:00,450,,13:30,21:30,450,F,21:15,06:15,495,F|S,11,10,8,10,30,45,8,38.5,30,0.1,0,2.0.0,20261133
PK-010,2026-12-22,plan,22,Dienstag,2,52,0,0,,Pflegefachkraft,Pflegefachkraft,EXAM|KARDIO_MONITORING,0.9,34.65,8316,8316,7484,9148,5,2,2,8,1,1,Pflegefachkraft,0,0.0,-1971,24,23,5,1,2,4364,1,,,,,,0,,0,,4,3,3,1,1746,1,3,3,2,1,1527,1,2,2,2,0,1091,0,ST-IK1,Normalstation Innere Medizin / Kardiologie,30,Innere Medizin und Kardiologie,10.0,22.0,06:00,14:00,450,,13:30,21:30,450,F,21:15,06:15,495,F|S,11,10,8,10,30,45,8,38.5,30,0.1,0,2.0.0,20261133
PK-011,2026-12-22,plan,22,Dienstag,2,52,0,0,,Pflegefachkraft,Pflegefachkraft,EXAM|PRAXISANLEITUNG,0.5,19.25,4620,4620,4158,5082,5,2,2,8,1,1,Pflegefachkraft,0,0.0,-885,24,23,5,1,2,4364,1,,,N,1,,0,,0,,4,3,3,1,1746,1,3,3,2,1,1527,1,2,2,2,0,1091,0,ST-IK1,Normalstation Innere Medizin / Kardiologie,30,Innere Medizin und Kardiologie,10.0,22.0,06:00,14:00,450,,13:30,21:30,450,F,21:15,06:15,495,F|S,11,10,8,10,30,45,8,38.5,30,0.1,0,2.0.0,20261133
PK-012,2026-12-22,plan,22,Dienstag,2,52,0,0,,Pflegefachkraft,Pflegefachkraft,EXAM|KARDIO_MONITORING,0.75,28.88,6931,6931,6238,7624,5,2,2,8,1,1,Pflegefachkraft,0,0.0,-1845,24,23,5,1,2,4364,1,,,,,,0,,0,,4,3,3,1,1746,1,3,3,2,1,1527,1,2,2,2,0,1091,0,ST-IK1,Normalstation Innere Medizin / Kardiologie,30,Innere Medizin und Kardiologie,10.0,22.0,06:00,14:00,450,,13:30,21:30,450,F,21:15,06:15,495,F|S,11,10,8,10,30,45,8,38.5,30,0.1,0,2.0.0,20261133
PK-013,2026-12-22,plan,22,Dienstag,2,52,0,0,,Pflegefachkraft,Pflegefachkraft,EXAM,1.0,38.5,9240,9240,8316,10164,5,2,2,8,1,1,Pflegefachkraft,0,0.0,-2445,24,23,5,1,2,4364,1,,,,,,0,,0,,4,3,3,1,1746,1,3,3,2,1,1527,1,2,2,2,0,1091,0,ST-IK1,Normalstation Innere Medizin / Kardiologie,30,Innere Medizin und Kardiologie,10.0,22.0,06:00,14:00,450,,13:30,21:30,450,F,21:15,06:15,495,F|S,11,10,8,10,30,45,8,38.5,30,0.1,0,2.0.0,20261133
PK-014,2026-12-22,plan,22,Dienstag,2,52,0,0,,Pflegefachkraft,Pflegefachkraft,EXAM|PRAXISANLEITUNG,0.75,28.88,6931,6931,6238,7624,5,2,2,8,1,1,Pflegefachkraft,0,0.0,-1440,24,23,5,1,2,4364,1,,,,,,0,,0,,4,3,3,1,1746,1,3,3,2,1,1527,1,2,2,2,0,1091,0,ST-IK1,Normalstation Innere Medizin / Kardiologie,30,Innere Medizin und Kardiologie,10.0,22.0,06:00,14:00,450,,13:30,21:30,450,F,21:15,06:15,495,F|S,11,10,8,10,30,45,8,38.5,30,0.1,0,2.0.0,20261133
PK-015,2026-12-22,plan,22,Dienstag,2,52,0,0,,Pflegefachkraft,Pflegefachkraft,EXAM|KARDIO_MONITORING,0.8,30.8,7392,7392,6653,8131,5,2,2,8,1,1,Pflegefachkraft,0,0.0,-1992,24,23,5,1,2,4364,1,,,,,,0,,0,,4,3,3,1,1746,1,3,3,2,1,1527,1,2,2,2,0,1091,0,ST-IK1,Normalstation Innere Medizin / Kardiologie,30,Innere Medizin und Kardiologie,10.0,22.0,06:00,14:00,450,,13:30,21:30,450,F,21:15,06:15,495,F|S,11,10,8,10,30,45,8,38.5,30,0.1,0,2.0.0,20261133
PK-016,2026-12-22,plan,22,Dienstag,2,52,0,0,,Pflegefachkraft,Pflegefachkraft,EXAM|KARDIO_MONITORING,0.7,26.95,6468,6468,5821,7115,5,2,2,8,1,1,Pflegefachkraft,0,0.0,566,24,23,5,1,2,4364,1,,3,,,,0,,0,,4,3,3,1,1746,1,3,3,2,1,1527,1,2,2,2,0,1091,0,ST-IK1,Normalstation Innere Medizin / Kardiologie,30,Innere Medizin und Kardiologie,10.0,22.0,06:00,14:00,450,,13:30,21:30,450,F,21:15,06:15,495,F|S,11,10,8,10,30,45,8,38.5,30,0.1,0,2.0.0,20261133
PK-017,2026-12-22,plan,22,Dienstag,2,52,0,0,,Pflegefachkraft,Pflegefachkraft,EXAM|PRAXISANLEITUNG|KARDIO_MONITORING,1.0,38.5,9240,9240,8316,10164,5,2,2,8,1,1,Pflegefachkraft,0,0.0,-2265,24,23,5,1,2,4364,1,,,,,,0,,0,,4,3,3,1,1746,1,3,3,2,1,1527,1,2,2,2,0,1091,0,ST-IK1,Normalstation Innere Medizin / Kardiologie,30,Innere Medizin und Kardiologie,10.0,22.0,06:00,14:00,450,,13:30,21:30,450,F,21:15,06:15,495,F|S,11,10,8,10,30,45,8,38.5,30,0.1,0,2.0.0,20261133
PK-018,2026-12-22,plan,22,Dienstag,2,52,0,0,,Pflegefachkraft,Pflegefachkraft,EXAM,0.5,19.25,4620,4620,4158,5082,5,2,2,8,1,1,Pflegefachkraft,0,0.0,-885,24,23,5,1,2,4364,0,URLAUB,,,,,0,,0,,4,3,3,1,1746,1,3,3,2,1,1527,1,2,2,2,0,1091,0,ST-IK1,Normalstation Innere Medizin / Kardiologie,30,Innere Medizin und Kardiologie,10.0,22.0,06:00,14:00,450,,13:30,21:30,450,F,21:15,06:15,495,F|S,11,10,8,10,30,45,8,38.5,30,0.1,0,2.0.0,20261133
AZ-001,2026-12-23,plan,23,Mittwoch,3,52,0,0,,Auszubildende_r_3_Ausbildungsjahr,Auszubildende,AUSZUBILDEND,1.0,38.5,9240,9240,8316,10164,5,2,2,8,1,0,nicht anrechenbar,0,0.0,-9240,22,21,4,3,1,4283,1,,,N,1,,0,,0,,4,3,3,1,1713,1,3,3,2,1,1499,1,2,1,2,0,1071,0,ST-IK1,Normalstation Innere Medizin / Kardiologie,30,Innere Medizin und Kardiologie,10.0,22.0,06:00,14:00,450,,13:30,21:30,450,F,21:15,06:15,495,F|S,11,10,8,10,30,45,8,38.5,30,0.1,0,2.0.0,20261133
AZ-002,2026-12-23,plan,23,Mittwoch,3,52,0,0,,Auszubildende_r_2_Ausbildungsjahr,Auszubildende,AUSZUBILDEND,1.0,38.5,9240,9240,8316,10164,5,2,2,8,1,0,nicht anrechenbar,0,0.0,-9240,22,21,4,3,1,4283,1,,,,,,0,,0,,4,3,3,1,1713,1,3,3,2,1,1499,1,2,1,2,0,1071,0,ST-IK1,Normalstation Innere Medizin / Kardiologie,30,Innere Medizin und Kardiologie,10.0,22.0,06:00,14:00,450,,13:30,21:30,450,F,21:15,06:15,495,F|S,11,10,8,10,30,45,8,38.5,30,0.1,0,2.0.0,20261133
AZ-003,2026-12-23,plan,23,Mittwoch,3,52,0,0,,Auszubildende_r_1_Ausbildungsjahr,Auszubildende,AUSZUBILDEND,1.0,38.5,9240,9240,8316,10164,5,2,2,0,0,0,nicht anrechenbar,0,0.0,-6006,22,21,4,3,1,4283,1,,,,,,0,,0,,4,3,3,1,1713,1,3,3,2,1,1499,1,2,1,2,0,1071,0,ST-IK1,Normalstation Innere Medizin / Kardiologie,30,Innere Medizin und Kardiologie,10.0,22.0,06:00,14:00,450,,13:30,21:30,450,F,21:15,06:15,495,F|S,11,10,8,10,30,45,8,38.5,30,0.1,0,2.0.0,20261133
PH-001,2026-12-23,plan,23,Mittwoch,3,52,0,0,,Pflegehilfskraft,Pflegehilfskraft,PFLEGEHILFE,0.75,28.88,6931,6931,6238,7624,5,2,2,0,0,1,Pflegehilfskraft,0,0.0,-1530,22,21,4,3,1,4283,1,,,,,,0,,0,,4,3,3,1,1713,1,3,3,2,1,1499,1,2,1,2,0,1071,0,ST-IK1,Normalstation Innere Medizin / Kardiologie,30,Innere Medizin und Kardiologie,10.0,22.0,06:00,14:00,450,,13:30,21:30,450,F,21:15,06:15,495,F|S,11,10,8,10,30,45,8,38.5,30,0.1,0,2.0.0,20261133
PH-002,2026-12-23,plan,23,Mittwoch,3,52,0,0,,Pflegehilfskraft,Pflegehilfskraft,PFLEGEHILFE,0.5,19.25,4620,4620,4158,5082,5,2,2,0,0,1,Pflegehilfskraft,0,0.0,-1020,22,21,4,3,1,4283,1,,,,,,0,,0,,4,3,3,1,1713,1,3,3,2,1,1499,1,2,1,2,0,1071,0,ST-IK1,Normalstation Innere Medizin / Kardiologie,30,Innere Medizin und Kardiologie,10.0,22.0,06:00,14:00,450,,13:30,21:30,450,F,21:15,06:15,495,F|S,11,10,8,10,30,45,8,38.5,30,0.1,0,2.0.0,20261133
PK-001,2026-12-23,plan,23,Mittwoch,3,52,0,0,,Stationsleitung,Pflegefachkraft,EXAM|LEITUNG|PRAXISANLEITUNG,1.0,38.5,9240,4620,4158,5082,5,2,2,0,0,1,Pflegefachkraft,1,0.5,2130,22,21,4,3,1,4283,1,,,,,,0,,0,,4,3,3,1,1713,1,3,3,2,1,1499,1,2,1,2,0,1071,0,ST-IK1,Normalstation Innere Medizin / Kardiologie,30,Innere Medizin und Kardiologie,10.0,22.0,06:00,14:00,450,,13:30,21:30,450,F,21:15,06:15,495,F|S,11,10,8,10,30,45,8,38.5,30,0.1,0,2.0.0,20261133
PK-002,2026-12-23,plan,23,Mittwoch,3,52,0,0,,Pflegefachkraft,Pflegefachkraft,EXAM|PRAXISANLEITUNG,0.8,30.8,7392,7392,6653,8131,5,2,2,8,1,1,Pflegefachkraft,0,0.0,-1857,22,21,4,3,1,4283,1,,,,,,0,,0,,4,3,3,1,1713,1,3,3,2,1,1499,1,2,1,2,0,1071,0,ST-IK1,Normalstation Innere Medizin / Kardiologie,30,Innere Medizin und Kardiologie,10.0,22.0,06:00,14:00,450,,13:30,21:30,450,F,21:15,06:15,495,F|S,11,10,8,10,30,45,8,38.5,30,0.1,0,2.0.0,20261133
PK-003,2026-12-23,plan,23,Mittwoch,3,52,0,0,,Pflegefachkraft,Pflegefachkraft,EXAM,0.8,30.8,7392,7392,6653,8131,5,2,2,8,1,1,Pflegefachkraft,0,0.0,-1902,22,21,4,3,1,4283,1,,,,,,0,,0,,4,3,3,1,1713,1,3,3,2,1,1499,1,2,1,2,0,1071,0,ST-IK1,Normalstation Innere Medizin / Kardiologie,30,Innere Medizin und Kardiologie,10.0,22.0,06:00,14:00,450,,13:30,21:30,450,F,21:15,06:15,495,F|S,11,10,8,10,30,45,8,38.5,30,0.1,0,2.0.0,20261133
PK-004,2026-12-23,plan,23,Mittwoch,3,52,0,0,,Pflegefachkraft,Pflegefachkraft,EXAM,1.0,38.5,9240,9240,8316,10164,5,2,2,8,1,1,Pflegefachkraft,0,0.0,-2625,22,21,4,3,1,4283,1,,1,,,,0,,0,,4,3,3,1,1713,1,3,3,2,1,1499,1,2,1,2,0,1071,0,ST-IK1,Normalstation Innere Medizin / Kardiologie,30,Innere Medizin und Kardiologie,10.0,22.0,06:00,14:00,450,,13:30,21:30,450,F,21:15,06:15,495,F|S,11,10,8,10,30,45,8,38.5,30,0.1,0,2.0.0,20261133
PK-005,2026-12-23,plan,23,Mittwoch,3,52,0,0,,Pflegefachkraft,Pflegefachkraft,EXAM,1.0,38.5,9240,9240,8316,10164,5,2,2,8,1,1,Pflegefachkraft,0,0.0,-2625,22,21,4,3,1,4283,0,URLAUB,,,,,0,,0,,4,3,3,1,1713,1,3,3,2,1,1499,1,2,1,2,0,1071,0,ST-IK1,Normalstation Innere Medizin / Kardiologie,30,Innere Medizin und Kardiologie,10.0,22.0,06:00,14:00,450,,13:30,21:30,450,F,21:15,06:15,495,F|S,11,10,8,10,30,45,8,38.5,30,0.1,0,2.0.0,20261133
PK-006,2026-12-23,plan,23,Mittwoch,3,52,0,0,,Pflegefachkraft,Pflegefachkraft,EXAM|PRAXISANLEITUNG|KARDIO_MONITORING,1.0,38.5,9240,9240,8316,10164,5,2,2,8,1,1,Pflegefachkraft,0,0.0,1104,22,21,4,3,1,4283,1,,,,,,0,,0,,4,3,3,1,1713,1,3,3,2,1,1499,1,2,1,2,0,1071,0,ST-IK1,Normalstation Innere Medizin / Kardiologie,30,Innere Medizin und Kardiologie,10.0,22.0,06:00,14:00,450,,13:30,21:30,450,F,21:15,06:15,495,F|S,11,10,8,10,30,45,8,38.5,30,0.1,0,2.0.0,20261133
PK-007,2026-12-23,plan,23,Mittwoch,3,52,0,0,,Pflegefachkraft,Pflegefachkraft,EXAM,0.75,28.88,6931,6931,6238,7624,5,2,2,8,1,1,Pflegefachkraft,0,0.0,-1800,22,21,4,3,1,4283,1,,,,,,0,,0,,4,3,3,1,1713,1,3,3,2,1,1499,1,2,1,2,0,1071,0,ST-IK1,Normalstation Innere Medizin / Kardiologie,30,Innere Medizin und Kardiologie,10.0,22.0,06:00,14:00,450,,13:30,21:30,450,F,21:15,06:15,495,F|S,11,10,8,10,30,45,8,38.5,30,0.1,0,2.0.0,20261133
PK-008,2026-12-23,plan,23,Mittwoch,3,52,0,0,,Pflegefachkraft,Pflegefachkraft,EXAM|PRAXISANLEITUNG,0.6,23.1,5544,5544,4990,6098,5,2,2,8,1,1,Pflegefachkraft,0,0.0,-1449,22,21,4,3,1,4283,1,,,,,,0,,0,,4,3,3,1,1713,1,3,3,2,1,1499,1,2,1,2,0,1071,0,ST-IK1,Normalstation Innere Medizin / Kardiologie,30,Innere Medizin und Kardiologie,10.0,22.0,06:00,14:00,450,,13:30,21:30,450,F,21:15,06:15,495,F|S,11,10,8,10,30,45,8,38.5,30,0.1,0,2.0.0,20261133
PK-009,2026-12-23,plan,23,Mittwoch,3,52,0,0,,Pflegefachkraft,Pflegefachkraft,EXAM|KARDIO_MONITORING,0.6,23.1,5544,5544,4990,6098,5,2,2,8,1,1,Pflegefachkraft,0,0.0,-1494,22,21,4,3,1,4283,1,,,,,,0,,0,,4,3,3,1,1713,1,3,3,2,1,1499,1,2,1,2,0,1071,0,ST-IK1,Normalstation Innere Medizin / Kardiologie,30,Innere Medizin und Kardiologie,10.0,22.0,06:00,14:00,450,,13:30,21:30,450,F,21:15,06:15,495,F|S,11,10,8,10,30,45,8,38.5,30,0.1,0,2.0.0,20261133
PK-010,2026-12-23,plan,23,Mittwoch,3,52,0,0,,Pflegefachkraft,Pflegefachkraft,EXAM|KARDIO_MONITORING,0.9,34.65,8316,8316,7484,9148,5,2,2,8,1,1,Pflegefachkraft,0,0.0,-1971,22,21,4,3,1,4283,1,,,,,,0,,0,,4,3,3,1,1713,1,3,3,2,1,1499,1,2,1,2,0,1071,0,ST-IK1,Normalstation Innere Medizin / Kardiologie,30,Innere Medizin und Kardiologie,10.0,22.0,06:00,14:00,450,,13:30,21:30,450,F,21:15,06:15,495,F|S,11,10,8,10,30,45,8,38.5,30,0.1,0,2.0.0,20261133
PK-011,2026-12-23,plan,23,Mittwoch,3,52,0,0,,Pflegefachkraft,Pflegefachkraft,EXAM|PRAXISANLEITUNG,0.5,19.25,4620,4620,4158,5082,5,2,2,8,1,1,Pflegefachkraft,0,0.0,-885,22,21,4,3,1,4283,1,,,,,,0,,0,,4,3,3,1,1713,1,3,3,2,1,1499,1,2,1,2,0,1071,0,ST-IK1,Normalstation Innere Medizin / Kardiologie,30,Innere Medizin und Kardiologie,10.0,22.0,06:00,14:00,450,,13:30,21:30,450,F,21:15,06:15,495,F|S,11,10,8,10,30,45,8,38.5,30,0.1,0,2.0.0,20261133
PK-012,2026-12-23,plan,23,Mittwoch,3,52,0,0,,Pflegefachkraft,Pflegefachkraft,EXAM|KARDIO_MONITORING,0.75,28.88,6931,6931,6238,7624,5,2,2,8,1,1,Pflegefachkraft,0,0.0,-1845,22,21,4,3,1,4283,1,,,,,,0,,0,,4,3,3,1,1713,1,3,3,2,1,1499,1,2,1,2,0,1071,0,ST-IK1,Normalstation Innere Medizin / Kardiologie,30,Innere Medizin und Kardiologie,10.0,22.0,06:00,14:00,450,,13:30,21:30,450,F,21:15,06:15,495,F|S,11,10,8,10,30,45,8,38.5,30,0.1,0,2.0.0,20261133
PK-013,2026-12-23,plan,23,Mittwoch,3,52,0,0,,Pflegefachkraft,Pflegefachkraft,EXAM,1.0,38.5,9240,9240,8316,10164,5,2,2,8,1,1,Pflegefachkraft,0,0.0,-2445,22,21,4,3,1,4283,1,,,,,,0,,0,,4,3,3,1,1713,1,3,3,2,1,1499,1,2,1,2,0,1071,0,ST-IK1,Normalstation Innere Medizin / Kardiologie,30,Innere Medizin und Kardiologie,10.0,22.0,06:00,14:00,450,,13:30,21:30,450,F,21:15,06:15,495,F|S,11,10,8,10,30,45,8,38.5,30,0.1,0,2.0.0,20261133
PK-014,2026-12-23,plan,23,Mittwoch,3,52,0,0,,Pflegefachkraft,Pflegefachkraft,EXAM|PRAXISANLEITUNG,0.75,28.88,6931,6931,6238,7624,5,2,2,8,1,1,Pflegefachkraft,0,0.0,-1440,22,21,4,3,1,4283,1,,,,,,1,12,0,,4,3,3,1,1713,1,3,3,2,1,1499,1,2,1,2,0,1071,0,ST-IK1,Normalstation Innere Medizin / Kardiologie,30,Innere Medizin und Kardiologie,10.0,22.0,06:00,14:00,450,,13:30,21:30,450,F,21:15,06:15,495,F|S,11,10,8,10,30,45,8,38.5,30,0.1,0,2.0.0,20261133
PK-015,2026-12-23,plan,23,Mittwoch,3,52,0,0,,Pflegefachkraft,Pflegefachkraft,EXAM|KARDIO_MONITORING,0.8,30.8,7392,7392,6653,8131,5,2,2,8,1,1,Pflegefachkraft,0,0.0,-1992,22,21,4,3,1,4283,1,,,,,,0,,0,,4,3,3,1,1713,1,3,3,2,1,1499,1,2,1,2,0,1071,0,ST-IK1,Normalstation Innere Medizin / Kardiologie,30,Innere Medizin und Kardiologie,10.0,22.0,06:00,14:00,450,,13:30,21:30,450,F,21:15,06:15,495,F|S,11,10,8,10,30,45,8,38.5,30,0.1,0,2.0.0,20261133
PK-016,2026-12-23,plan,23,Mittwoch,3,52,0,0,,Pflegefachkraft,Pflegefachkraft,EXAM|KARDIO_MONITORING,0.7,26.95,6468,6468,5821,7115,5,2,2,8,1,1,Pflegefachkraft,0,0.0,566,22,21,4,3,1,4283,1,,,,,,0,,0,,4,3,3,1,1713,1,3,3,2,1,1499,1,2,1,2,0,1071,0,ST-IK1,Normalstation Innere Medizin / Kardiologie,30,Innere Medizin und Kardiologie,10.0,22.0,06:00,14:00,450,,13:30,21:30,450,F,21:15,06:15,495,F|S,11,10,8,10,30,45,8,38.5,30,0.1,0,2.0.0,20261133
PK-017,2026-12-23,plan,23,Mittwoch,3,52,0,0,,Pflegefachkraft,Pflegefachkraft,EXAM|PRAXISANLEITUNG|KARDIO_MONITORING,1.0,38.5,9240,9240,8316,10164,5,2,2,8,1,1,Pflegefachkraft,0,0.0,-2265,22,21,4,3,1,4283,1,,,,,,0,,0,,4,3,3,1,1713,1,3,3,2,1,1499,1,2,1,2,0,1071,0,ST-IK1,Normalstation Innere Medizin / Kardiologie,30,Innere Medizin und Kardiologie,10.0,22.0,06:00,14:00,450,,13:30,21:30,450,F,21:15,06:15,495,F|S,11,10,8,10,30,45,8,38.5,30,0.1,0,2.0.0,20261133
PK-018,2026-12-23,plan,23,Mittwoch,3,52,0,0,,Pflegefachkraft,Pflegefachkraft,EXAM,0.5,19.25,4620,4620,4158,5082,5,2,2,8,1,1,Pflegefachkraft,0,0.0,-885,22,21,4,3,1,4283,0,URLAUB,,,,,0,,0,,4,3,3,1,1713,1,3,3,2,1,1499,1,2,1,2,0,1071,0,ST-IK1,Normalstation Innere Medizin / Kardiologie,30,Innere Medizin und Kardiologie,10.0,22.0,06:00,14:00,450,,13:30,21:30,450,F,21:15,06:15,495,F|S,11,10,8,10,30,45,8,38.5,30,0.1,0,2.0.0,20261133
AZ-001,2026-12-24,plan,24,Donnerstag,4,52,0,0,,Auszubildende_r_3_Ausbildungsjahr,Auszubildende,AUSZUBILDEND,1.0,38.5,9240,9240,8316,10164,5,2,2,8,1,0,nicht anrechenbar,0,0.0,-9240,19,17,2,3,2,3172,1,,,,,,0,,0,,3,2,2,1,1269,1,3,2,2,1,1110,1,2,1,2,0,793,0,ST-IK1,Normalstation Innere Medizin / Kardiologie,30,Innere Medizin und Kardiologie,10.0,22.0,06:00,14:00,450,,13:30,21:30,450,F,21:15,06:15,495,F|S,11,10,8,10,30,45,8,38.5,30,0.1,0,2.0.0,20261133
AZ-002,2026-12-24,plan,24,Donnerstag,4,52,0,0,,Auszubildende_r_2_Ausbildungsjahr,Auszubildende,AUSZUBILDEND,1.0,38.5,9240,9240,8316,10164,5,2,2,8,1,0,nicht anrechenbar,0,0.0,-9240,19,17,2,3,2,3172,1,,,,,,0,,0,,3,2,2,1,1269,1,3,2,2,1,1110,1,2,1,2,0,793,0,ST-IK1,Normalstation Innere Medizin / Kardiologie,30,Innere Medizin und Kardiologie,10.0,22.0,06:00,14:00,450,,13:30,21:30,450,F,21:15,06:15,495,F|S,11,10,8,10,30,45,8,38.5,30,0.1,0,2.0.0,20261133
AZ-003,2026-12-24,plan,24,Donnerstag,4,52,0,0,,Auszubildende_r_1_Ausbildungsjahr,Auszubildende,AUSZUBILDEND,1.0,38.5,9240,9240,8316,10164,5,2,2,0,0,0,nicht anrechenbar,0,0.0,-6006,19,17,2,3,2,3172,1,,,,,,0,,0,,3,2,2,1,1269,1,3,2,2,1,1110,1,2,1,2,0,793,0,ST-IK1,Normalstation Innere Medizin / Kardiologie,30,Innere Medizin und Kardiologie,10.0,22.0,06:00,14:00,450,,13:30,21:30,450,F,21:15,06:15,495,F|S,11,10,8,10,30,45,8,38.5,30,0.1,0,2.0.0,20261133
PH-001,2026-12-24,plan,24,Donnerstag,4,52,0,0,,Pflegehilfskraft,Pflegehilfskraft,PFLEGEHILFE,0.75,28.88,6931,6931,6238,7624,5,2,2,0,0,1,Pflegehilfskraft,0,0.0,-1530,19,17,2,3,2,3172,1,,,,,,0,,0,,3,2,2,1,1269,1,3,2,2,1,1110,1,2,1,2,0,793,0,ST-IK1,Normalstation Innere Medizin / Kardiologie,30,Innere Medizin und Kardiologie,10.0,22.0,06:00,14:00,450,,13:30,21:30,450,F,21:15,06:15,495,F|S,11,10,8,10,30,45,8,38.5,30,0.1,0,2.0.0,20261133
PH-002,2026-12-24,plan,24,Donnerstag,4,52,0,0,,Pflegehilfskraft,Pflegehilfskraft,PFLEGEHILFE,0.5,19.25,4620,4620,4158,5082,5,2,2,0,0,1,Pflegehilfskraft,0,0.0,-1020,19,17,2,3,2,3172,1,,,,,,0,,0,,3,2,2,1,1269,1,3,2,2,1,1110,1,2,1,2,0,793,0,ST-IK1,Normalstation Innere Medizin / Kardiologie,30,Innere Medizin und Kardiologie,10.0,22.0,06:00,14:00,450,,13:30,21:30,450,F,21:15,06:15,495,F|S,11,10,8,10,30,45,8,38.5,30,0.1,0,2.0.0,20261133
PK-001,2026-12-24,plan,24,Donnerstag,4,52,0,0,,Stationsleitung,Pflegefachkraft,EXAM|LEITUNG|PRAXISANLEITUNG,1.0,38.5,9240,4620,4158,5082,5,2,2,0,0,1,Pflegefachkraft,1,0.5,2130,19,17,2,3,2,3172,1,,,,,,0,,0,,3,2,2,1,1269,1,3,2,2,1,1110,1,2,1,2,0,793,0,ST-IK1,Normalstation Innere Medizin / Kardiologie,30,Innere Medizin und Kardiologie,10.0,22.0,06:00,14:00,450,,13:30,21:30,450,F,21:15,06:15,495,F|S,11,10,8,10,30,45,8,38.5,30,0.1,0,2.0.0,20261133
PK-002,2026-12-24,plan,24,Donnerstag,4,52,0,0,,Pflegefachkraft,Pflegefachkraft,EXAM|PRAXISANLEITUNG,0.8,30.8,7392,7392,6653,8131,5,2,2,8,1,1,Pflegefachkraft,0,0.0,-1857,19,17,2,3,2,3172,1,,,,,,0,,0,,3,2,2,1,1269,1,3,2,2,1,1110,1,2,1,2,0,793,0,ST-IK1,Normalstation Innere Medizin / Kardiologie,30,Innere Medizin und Kardiologie,10.0,22.0,06:00,14:00,450,,13:30,21:30,450,F,21:15,06:15,495,F|S,11,10,8,10,30,45,8,38.5,30,0.1,0,2.0.0,20261133
PK-003,2026-12-24,plan,24,Donnerstag,4,52,0,0,,Pflegefachkraft,Pflegefachkraft,EXAM,0.8,30.8,7392,7392,6653,8131,5,2,2,8,1,1,Pflegefachkraft,0,0.0,-1902,19,17,2,3,2,3172,1,,,,,,0,,0,,3,2,2,1,1269,1,3,2,2,1,1110,1,2,1,2,0,793,0,ST-IK1,Normalstation Innere Medizin / Kardiologie,30,Innere Medizin und Kardiologie,10.0,22.0,06:00,14:00,450,,13:30,21:30,450,F,21:15,06:15,495,F|S,11,10,8,10,30,45,8,38.5,30,0.1,0,2.0.0,20261133
PK-004,2026-12-24,plan,24,Donnerstag,4,52,0,0,,Pflegefachkraft,Pflegefachkraft,EXAM,1.0,38.5,9240,9240,8316,10164,5,2,2,8,1,1,Pflegefachkraft,0,0.0,-2625,19,17,2,3,2,3172,1,,,,,,0,,0,,3,2,2,1,1269,1,3,2,2,1,1110,1,2,1,2,0,793,0,ST-IK1,Normalstation Innere Medizin / Kardiologie,30,Innere Medizin und Kardiologie,10.0,22.0,06:00,14:00,450,,13:30,21:30,450,F,21:15,06:15,495,F|S,11,10,8,10,30,45,8,38.5,30,0.1,0,2.0.0,20261133
PK-005,2026-12-24,plan,24,Donnerstag,4,52,0,0,,Pflegefachkraft,Pflegefachkraft,EXAM,1.0,38.5,9240,9240,8316,10164,5,2,2,8,1,1,Pflegefachkraft,0,0.0,-2625,19,17,2,3,2,3172,0,URLAUB,,,,,0,,0,,3,2,2,1,1269,1,3,2,2,1,1110,1,2,1,2,0,793,0,ST-IK1,Normalstation Innere Medizin / Kardiologie,30,Innere Medizin und Kardiologie,10.0,22.0,06:00,14:00,450,,13:30,21:30,450,F,21:15,06:15,495,F|S,11,10,8,10,30,45,8,38.5,30,0.1,0,2.0.0,20261133
PK-006,2026-12-24,plan,24,Donnerstag,4,52,0,0,,Pflegefachkraft,Pflegefachkraft,EXAM|PRAXISANLEITUNG|KARDIO_MONITORING,1.0,38.5,9240,9240,8316,10164,5,2,2,8,1,1,Pflegefachkraft,0,0.0,1104,19,17,2,3,2,3172,1,,,,,,0,,0,,3,2,2,1,1269,1,3,2,2,1,1110,1,2,1,2,0,793,0,ST-IK1,Normalstation Innere Medizin / Kardiologie,30,Innere Medizin und Kardiologie,10.0,22.0,06:00,14:00,450,,13:30,21:30,450,F,21:15,06:15,495,F|S,11,10,8,10,30,45,8,38.5,30,0.1,0,2.0.0,20261133
PK-007,2026-12-24,plan,24,Donnerstag,4,52,0,0,,Pflegefachkraft,Pflegefachkraft,EXAM,0.75,28.88,6931,6931,6238,7624,5,2,2,8,1,1,Pflegefachkraft,0,0.0,-1800,19,17,2,3,2,3172,1,,,,,,0,,0,,3,2,2,1,1269,1,3,2,2,1,1110,1,2,1,2,0,793,0,ST-IK1,Normalstation Innere Medizin / Kardiologie,30,Innere Medizin und Kardiologie,10.0,22.0,06:00,14:00,450,,13:30,21:30,450,F,21:15,06:15,495,F|S,11,10,8,10,30,45,8,38.5,30,0.1,0,2.0.0,20261133
PK-008,2026-12-24,plan,24,Donnerstag,4,52,0,0,,Pflegefachkraft,Pflegefachkraft,EXAM|PRAXISANLEITUNG,0.6,23.1,5544,5544,4990,6098,5,2,2,8,1,1,Pflegefachkraft,0,0.0,-1449,19,17,2,3,2,3172,1,,,,,,0,,0,,3,2,2,1,1269,1,3,2,2,1,1110,1,2,1,2,0,793,0,ST-IK1,Normalstation Innere Medizin / Kardiologie,30,Innere Medizin und Kardiologie,10.0,22.0,06:00,14:00,450,,13:30,21:30,450,F,21:15,06:15,495,F|S,11,10,8,10,30,45,8,38.5,30,0.1,0,2.0.0,20261133
PK-009,2026-12-24,plan,24,Donnerstag,4,52,0,0,,Pflegefachkraft,Pflegefachkraft,EXAM|KARDIO_MONITORING,0.6,23.1,5544,5544,4990,6098,5,2,2,8,1,1,Pflegefachkraft,0,0.0,-1494,19,17,2,3,2,3172,1,,,,,,0,,0,,3,2,2,1,1269,1,3,2,2,1,1110,1,2,1,2,0,793,0,ST-IK1,Normalstation Innere Medizin / Kardiologie,30,Innere Medizin und Kardiologie,10.0,22.0,06:00,14:00,450,,13:30,21:30,450,F,21:15,06:15,495,F|S,11,10,8,10,30,45,8,38.5,30,0.1,0,2.0.0,20261133
PK-010,2026-12-24,plan,24,Donnerstag,4,52,0,0,,Pflegefachkraft,Pflegefachkraft,EXAM|KARDIO_MONITORING,0.9,34.65,8316,8316,7484,9148,5,2,2,8,1,1,Pflegefachkraft,0,0.0,-1971,19,17,2,3,2,3172,1,,,,,,1,8,0,,3,2,2,1,1269,1,3,2,2,1,1110,1,2,1,2,0,793,0,ST-IK1,Normalstation Innere Medizin / Kardiologie,30,Innere Medizin und Kardiologie,10.0,22.0,06:00,14:00,450,,13:30,21:30,450,F,21:15,06:15,495,F|S,11,10,8,10,30,45,8,38.5,30,0.1,0,2.0.0,20261133
PK-011,2026-12-24,plan,24,Donnerstag,4,52,0,0,,Pflegefachkraft,Pflegefachkraft,EXAM|PRAXISANLEITUNG,0.5,19.25,4620,4620,4158,5082,5,2,2,8,1,1,Pflegefachkraft,0,0.0,-885,19,17,2,3,2,3172,1,,,,,,0,,0,,3,2,2,1,1269,1,3,2,2,1,1110,1,2,1,2,0,793,0,ST-IK1,Normalstation Innere Medizin / Kardiologie,30,Innere Medizin und Kardiologie,10.0,22.0,06:00,14:00,450,,13:30,21:30,450,F,21:15,06:15,495,F|S,11,10,8,10,30,45,8,38.5,30,0.1,0,2.0.0,20261133
PK-012,2026-12-24,plan,24,Donnerstag,4,52,0,0,,Pflegefachkraft,Pflegefachkraft,EXAM|KARDIO_MONITORING,0.75,28.88,6931,6931,6238,7624,5,2,2,8,1,1,Pflegefachkraft,0,0.0,-1845,19,17,2,3,2,3172,1,,,,,,0,,0,,3,2,2,1,1269,1,3,2,2,1,1110,1,2,1,2,0,793,0,ST-IK1,Normalstation Innere Medizin / Kardiologie,30,Innere Medizin und Kardiologie,10.0,22.0,06:00,14:00,450,,13:30,21:30,450,F,21:15,06:15,495,F|S,11,10,8,10,30,45,8,38.5,30,0.1,0,2.0.0,20261133
PK-013,2026-12-24,plan,24,Donnerstag,4,52,0,0,,Pflegefachkraft,Pflegefachkraft,EXAM,1.0,38.5,9240,9240,8316,10164,5,2,2,8,1,1,Pflegefachkraft,0,0.0,-2445,19,17,2,3,2,3172,1,,,,,,0,,0,,3,2,2,1,1269,1,3,2,2,1,1110,1,2,1,2,0,793,0,ST-IK1,Normalstation Innere Medizin / Kardiologie,30,Innere Medizin und Kardiologie,10.0,22.0,06:00,14:00,450,,13:30,21:30,450,F,21:15,06:15,495,F|S,11,10,8,10,30,45,8,38.5,30,0.1,0,2.0.0,20261133
PK-014,2026-12-24,plan,24,Donnerstag,4,52,0,0,,Pflegefachkraft,Pflegefachkraft,EXAM|PRAXISANLEITUNG,0.75,28.88,6931,6931,6238,7624,5,2,2,8,1,1,Pflegefachkraft,0,0.0,-1440,19,17,2,3,2,3172,1,,,,,,0,,0,,3,2,2,1,1269,1,3,2,2,1,1110,1,2,1,2,0,793,0,ST-IK1,Normalstation Innere Medizin / Kardiologie,30,Innere Medizin und Kardiologie,10.0,22.0,06:00,14:00,450,,13:30,21:30,450,F,21:15,06:15,495,F|S,11,10,8,10,30,45,8,38.5,30,0.1,0,2.0.0,20261133
PK-015,2026-12-24,plan,24,Donnerstag,4,52,0,0,,Pflegefachkraft,Pflegefachkraft,EXAM|KARDIO_MONITORING,0.8,30.8,7392,7392,6653,8131,5,2,2,8,1,1,Pflegefachkraft,0,0.0,-1992,19,17,2,3,2,3172,1,,,,,,0,,0,,3,2,2,1,1269,1,3,2,2,1,1110,1,2,1,2,0,793,0,ST-IK1,Normalstation Innere Medizin / Kardiologie,30,Innere Medizin und Kardiologie,10.0,22.0,06:00,14:00,450,,13:30,21:30,450,F,21:15,06:15,495,F|S,11,10,8,10,30,45,8,38.5,30,0.1,0,2.0.0,20261133
PK-016,2026-12-24,plan,24,Donnerstag,4,52,0,0,,Pflegefachkraft,Pflegefachkraft,EXAM|KARDIO_MONITORING,0.7,26.95,6468,6468,5821,7115,5,2,2,8,1,1,Pflegefachkraft,0,0.0,566,19,17,2,3,2,3172,1,,,,,,0,,0,,3,2,2,1,1269,1,3,2,2,1,1110,1,2,1,2,0,793,0,ST-IK1,Normalstation Innere Medizin / Kardiologie,30,Innere Medizin und Kardiologie,10.0,22.0,06:00,14:00,450,,13:30,21:30,450,F,21:15,06:15,495,F|S,11,10,8,10,30,45,8,38.5,30,0.1,0,2.0.0,20261133
PK-017,2026-12-24,plan,24,Donnerstag,4,52,0,0,,Pflegefachkraft,Pflegefachkraft,EXAM|PRAXISANLEITUNG|KARDIO_MONITORING,1.0,38.5,9240,9240,8316,10164,5,2,2,8,1,1,Pflegefachkraft,0,0.0,-2265,19,17,2,3,2,3172,1,,,,,,0,,0,,3,2,2,1,1269,1,3,2,2,1,1110,1,2,1,2,0,793,0,ST-IK1,Normalstation Innere Medizin / Kardiologie,30,Innere Medizin und Kardiologie,10.0,22.0,06:00,14:00,450,,13:30,21:30,450,F,21:15,06:15,495,F|S,11,10,8,10,30,45,8,38.5,30,0.1,0,2.0.0,20261133
PK-018,2026-12-24,plan,24,Donnerstag,4,52,0,0,,Pflegefachkraft,Pflegefachkraft,EXAM,0.5,19.25,4620,4620,4158,5082,5,2,2,8,1,1,Pflegefachkraft,0,0.0,-885,19,17,2,3,2,3172,0,URLAUB,,,,,0,,0,,3,2,2,1,1269,1,3,2,2,1,1110,1,2,1,2,0,793,0,ST-IK1,Normalstation Innere Medizin / Kardiologie,30,Innere Medizin und Kardiologie,10.0,22.0,06:00,14:00,450,,13:30,21:30,450,F,21:15,06:15,495,F|S,11,10,8,10,30,45,8,38.5,30,0.1,0,2.0.0,20261133
AZ-001,2026-12-25,plan,25,Freitag,5,52,0,1,1. Weihnachtsfeiertag,Auszubildende_r_3_Ausbildungsjahr,Auszubildende,AUSZUBILDEND,1.0,38.5,9240,9240,8316,10164,5,2,2,8,1,0,nicht anrechenbar,0,0.0,-9240,13,12,1,0,0,2303,1,,,,,,0,,0,,2,2,2,0,921,1,2,2,2,0,806,1,2,1,2,0,576,0,ST-IK1,Normalstation Innere Medizin / Kardiologie,30,Innere Medizin und Kardiologie,10.0,22.0,06:00,14:00,450,,13:30,21:30,450,F,21:15,06:15,495,F|S,11,10,8,10,30,45,8,38.5,30,0.1,0,2.0.0,20261133
AZ-002,2026-12-25,plan,25,Freitag,5,52,0,1,1. Weihnachtsfeiertag,Auszubildende_r_2_Ausbildungsjahr,Auszubildende,AUSZUBILDEND,1.0,38.5,9240,9240,8316,10164,5,2,2,8,1,0,nicht anrechenbar,0,0.0,-9240,13,12,1,0,0,2303,1,,,N,2,,0,,0,,2,2,2,0,921,1,2,2,2,0,806,1,2,1,2,0,576,0,ST-IK1,Normalstation Innere Medizin / Kardiologie,30,Innere Medizin und Kardiologie,10.0,22.0,06:00,14:00,450,,13:30,21:30,450,F,21:15,06:15,495,F|S,11,10,8,10,30,45,8,38.5,30,0.1,0,2.0.0,20261133
AZ-003,2026-12-25,plan,25,Freitag,5,52,0,1,1. Weihnachtsfeiertag,Auszubildende_r_1_Ausbildungsjahr,Auszubildende,AUSZUBILDEND,1.0,38.5,9240,9240,8316,10164,5,2,2,0,0,0,nicht anrechenbar,0,0.0,-6006,13,12,1,0,0,2303,1,,,,,,0,,0,,2,2,2,0,921,1,2,2,2,0,806,1,2,1,2,0,576,0,ST-IK1,Normalstation Innere Medizin / Kardiologie,30,Innere Medizin und Kardiologie,10.0,22.0,06:00,14:00,450,,13:30,21:30,450,F,21:15,06:15,495,F|S,11,10,8,10,30,45,8,38.5,30,0.1,0,2.0.0,20261133
PH-001,2026-12-25,plan,25,Freitag,5,52,0,1,1. Weihnachtsfeiertag,Pflegehilfskraft,Pflegehilfskraft,PFLEGEHILFE,0.75,28.88,6931,6931,6238,7624,5,2,2,0,0,1,Pflegehilfskraft,0,0.0,-1530,13,12,1,0,0,2303,1,,,,,,0,,0,,2,2,2,0,921,1,2,2,2,0,806,1,2,1,2,0,576,0,ST-IK1,Normalstation Innere Medizin / Kardiologie,30,Innere Medizin und Kardiologie,10.0,22.0,06:00,14:00,450,,13:30,21:30,450,F,21:15,06:15,495,F|S,11,10,8,10,30,45,8,38.5,30,0.1,0,2.0.0,20261133
PH-002,2026-12-25,plan,25,Freitag,5,52,0,1,1. Weihnachtsfeiertag,Pflegehilfskraft,Pflegehilfskraft,PFLEGEHILFE,0.5,19.25,4620,4620,4158,5082,5,2,2,0,0,1,Pflegehilfskraft,0,0.0,-1020,13,12,1,0,0,2303,1,,,,,,0,,0,,2,2,2,0,921,1,2,2,2,0,806,1,2,1,2,0,576,0,ST-IK1,Normalstation Innere Medizin / Kardiologie,30,Innere Medizin und Kardiologie,10.0,22.0,06:00,14:00,450,,13:30,21:30,450,F,21:15,06:15,495,F|S,11,10,8,10,30,45,8,38.5,30,0.1,0,2.0.0,20261133
PK-001,2026-12-25,plan,25,Freitag,5,52,0,1,1. Weihnachtsfeiertag,Stationsleitung,Pflegefachkraft,EXAM|LEITUNG|PRAXISANLEITUNG,1.0,38.5,9240,4620,4158,5082,5,2,2,0,0,1,Pflegefachkraft,1,0.5,2130,13,12,1,0,0,2303,1,,,,,,0,,0,,2,2,2,0,921,1,2,2,2,0,806,1,2,1,2,0,576,0,ST-IK1,Normalstation Innere Medizin / Kardiologie,30,Innere Medizin und Kardiologie,10.0,22.0,06:00,14:00,450,,13:30,21:30,450,F,21:15,06:15,495,F|S,11,10,8,10,30,45,8,38.5,30,0.1,0,2.0.0,20261133
PK-002,2026-12-25,plan,25,Freitag,5,52,0,1,1. Weihnachtsfeiertag,Pflegefachkraft,Pflegefachkraft,EXAM|PRAXISANLEITUNG,0.8,30.8,7392,7392,6653,8131,5,2,2,8,1,1,Pflegefachkraft,0,0.0,-1857,13,12,1,0,0,2303,1,,,,,,0,,0,,2,2,2,0,921,1,2,2,2,0,806,1,2,1,2,0,576,0,ST-IK1,Normalstation Innere Medizin / Kardiologie,30,Innere Medizin und Kardiologie,10.0,22.0,06:00,14:00,450,,13:30,21:30,450,F,21:15,06:15,495,F|S,11,10,8,10,30,45,8,38.5,30,0.1,0,2.0.0,20261133
PK-003,2026-12-25,plan,25,Freitag,5,52,0,1,1. Weihnachtsfeiertag,Pflegefachkraft,Pflegefachkraft,EXAM,0.8,30.8,7392,7392,6653,8131,5,2,2,8,1,1,Pflegefachkraft,0,0.0,-1902,13,12,1,0,0,2303,1,,,,,,0,,0,,2,2,2,0,921,1,2,2,2,0,806,1,2,1,2,0,576,0,ST-IK1,Normalstation Innere Medizin / Kardiologie,30,Innere Medizin und Kardiologie,10.0,22.0,06:00,14:00,450,,13:30,21:30,450,F,21:15,06:15,495,F|S,11,10,8,10,30,45,8,38.5,30,0.1,0,2.0.0,20261133
PK-004,2026-12-25,plan,25,Freitag,5,52,0,1,1. Weihnachtsfeiertag,Pflegefachkraft,Pflegefachkraft,EXAM,1.0,38.5,9240,9240,8316,10164,5,2,2,8,1,1,Pflegefachkraft,0,0.0,-2625,13,12,1,0,0,2303,1,,,,,,0,,0,,2,2,2,0,921,1,2,2,2,0,806,1,2,1,2,0,576,0,ST-IK1,Normalstation Innere Medizin / Kardiologie,30,Innere Medizin und Kardiologie,10.0,22.0,06:00,14:00,450,,13:30,21:30,450,F,21:15,06:15,495,F|S,11,10,8,10,30,45,8,38.5,30,0.1,0,2.0.0,20261133
PK-005,2026-12-25,plan,25,Freitag,5,52,0,1,1. Weihnachtsfeiertag,Pflegefachkraft,Pflegefachkraft,EXAM,1.0,38.5,9240,9240,8316,10164,5,2,2,8,1,1,Pflegefachkraft,0,0.0,-2625,13,12,1,0,0,2303,0,URLAUB,,,,,0,,0,,2,2,2,0,921,1,2,2,2,0,806,1,2,1,2,0,576,0,ST-IK1,Normalstation Innere Medizin / Kardiologie,30,Innere Medizin und Kardiologie,10.0,22.0,06:00,14:00,450,,13:30,21:30,450,F,21:15,06:15,495,F|S,11,10,8,10,30,45,8,38.5,30,0.1,0,2.0.0,20261133
PK-006,2026-12-25,plan,25,Freitag,5,52,0,1,1. Weihnachtsfeiertag,Pflegefachkraft,Pflegefachkraft,EXAM|PRAXISANLEITUNG|KARDIO_MONITORING,1.0,38.5,9240,9240,8316,10164,5,2,2,8,1,1,Pflegefachkraft,0,0.0,1104,13,12,1,0,0,2303,1,,,,,,0,,0,,2,2,2,0,921,1,2,2,2,0,806,1,2,1,2,0,576,0,ST-IK1,Normalstation Innere Medizin / Kardiologie,30,Innere Medizin und Kardiologie,10.0,22.0,06:00,14:00,450,,13:30,21:30,450,F,21:15,06:15,495,F|S,11,10,8,10,30,45,8,38.5,30,0.1,0,2.0.0,20261133
PK-007,2026-12-25,plan,25,Freitag,5,52,0,1,1. Weihnachtsfeiertag,Pflegefachkraft,Pflegefachkraft,EXAM,0.75,28.88,6931,6931,6238,7624,5,2,2,8,1,1,Pflegefachkraft,0,0.0,-1800,13,12,1,0,0,2303,1,,,,,,0,,0,,2,2,2,0,921,1,2,2,2,0,806,1,2,1,2,0,576,0,ST-IK1,Normalstation Innere Medizin / Kardiologie,30,Innere Medizin und Kardiologie,10.0,22.0,06:00,14:00,450,,13:30,21:30,450,F,21:15,06:15,495,F|S,11,10,8,10,30,45,8,38.5,30,0.1,0,2.0.0,20261133
PK-008,2026-12-25,plan,25,Freitag,5,52,0,1,1. Weihnachtsfeiertag,Pflegefachkraft,Pflegefachkraft,EXAM|PRAXISANLEITUNG,0.6,23.1,5544,5544,4990,6098,5,2,2,8,1,1,Pflegefachkraft,0,0.0,-1449,13,12,1,0,0,2303,1,,,,,,0,,0,,2,2,2,0,921,1,2,2,2,0,806,1,2,1,2,0,576,0,ST-IK1,Normalstation Innere Medizin / Kardiologie,30,Innere Medizin und Kardiologie,10.0,22.0,06:00,14:00,450,,13:30,21:30,450,F,21:15,06:15,495,F|S,11,10,8,10,30,45,8,38.5,30,0.1,0,2.0.0,20261133
PK-009,2026-12-25,plan,25,Freitag,5,52,0,1,1. Weihnachtsfeiertag,Pflegefachkraft,Pflegefachkraft,EXAM|KARDIO_MONITORING,0.6,23.1,5544,5544,4990,6098,5,2,2,8,1,1,Pflegefachkraft,0,0.0,-1494,13,12,1,0,0,2303,1,,,,,,0,,0,,2,2,2,0,921,1,2,2,2,0,806,1,2,1,2,0,576,0,ST-IK1,Normalstation Innere Medizin / Kardiologie,30,Innere Medizin und Kardiologie,10.0,22.0,06:00,14:00,450,,13:30,21:30,450,F,21:15,06:15,495,F|S,11,10,8,10,30,45,8,38.5,30,0.1,0,2.0.0,20261133
PK-010,2026-12-25,plan,25,Freitag,5,52,0,1,1. Weihnachtsfeiertag,Pflegefachkraft,Pflegefachkraft,EXAM|KARDIO_MONITORING,0.9,34.65,8316,8316,7484,9148,5,2,2,8,1,1,Pflegefachkraft,0,0.0,-1971,13,12,1,0,0,2303,1,,,,,,0,,0,,2,2,2,0,921,1,2,2,2,0,806,1,2,1,2,0,576,0,ST-IK1,Normalstation Innere Medizin / Kardiologie,30,Innere Medizin und Kardiologie,10.0,22.0,06:00,14:00,450,,13:30,21:30,450,F,21:15,06:15,495,F|S,11,10,8,10,30,45,8,38.5,30,0.1,0,2.0.0,20261133
PK-011,2026-12-25,plan,25,Freitag,5,52,0,1,1. Weihnachtsfeiertag,Pflegefachkraft,Pflegefachkraft,EXAM|PRAXISANLEITUNG,0.5,19.25,4620,4620,4158,5082,5,2,2,8,1,1,Pflegefachkraft,0,0.0,-885,13,12,1,0,0,2303,1,,,,,,0,,0,,2,2,2,0,921,1,2,2,2,0,806,1,2,1,2,0,576,0,ST-IK1,Normalstation Innere Medizin / Kardiologie,30,Innere Medizin und Kardiologie,10.0,22.0,06:00,14:00,450,,13:30,21:30,450,F,21:15,06:15,495,F|S,11,10,8,10,30,45,8,38.5,30,0.1,0,2.0.0,20261133
PK-012,2026-12-25,plan,25,Freitag,5,52,0,1,1. Weihnachtsfeiertag,Pflegefachkraft,Pflegefachkraft,EXAM|KARDIO_MONITORING,0.75,28.88,6931,6931,6238,7624,5,2,2,8,1,1,Pflegefachkraft,0,0.0,-1845,13,12,1,0,0,2303,1,,,,,,0,,0,,2,2,2,0,921,1,2,2,2,0,806,1,2,1,2,0,576,0,ST-IK1,Normalstation Innere Medizin / Kardiologie,30,Innere Medizin und Kardiologie,10.0,22.0,06:00,14:00,450,,13:30,21:30,450,F,21:15,06:15,495,F|S,11,10,8,10,30,45,8,38.5,30,0.1,0,2.0.0,20261133
PK-013,2026-12-25,plan,25,Freitag,5,52,0,1,1. Weihnachtsfeiertag,Pflegefachkraft,Pflegefachkraft,EXAM,1.0,38.5,9240,9240,8316,10164,5,2,2,8,1,1,Pflegefachkraft,0,0.0,-2445,13,12,1,0,0,2303,1,,,,,,0,,0,,2,2,2,0,921,1,2,2,2,0,806,1,2,1,2,0,576,0,ST-IK1,Normalstation Innere Medizin / Kardiologie,30,Innere Medizin und Kardiologie,10.0,22.0,06:00,14:00,450,,13:30,21:30,450,F,21:15,06:15,495,F|S,11,10,8,10,30,45,8,38.5,30,0.1,0,2.0.0,20261133
PK-014,2026-12-25,plan,25,Freitag,5,52,0,1,1. Weihnachtsfeiertag,Pflegefachkraft,Pflegefachkraft,EXAM|PRAXISANLEITUNG,0.75,28.88,6931,6931,6238,7624,5,2,2,8,1,1,Pflegefachkraft,0,0.0,-1440,13,12,1,0,0,2303,1,,,,,,0,,0,,2,2,2,0,921,1,2,2,2,0,806,1,2,1,2,0,576,0,ST-IK1,Normalstation Innere Medizin / Kardiologie,30,Innere Medizin und Kardiologie,10.0,22.0,06:00,14:00,450,,13:30,21:30,450,F,21:15,06:15,495,F|S,11,10,8,10,30,45,8,38.5,30,0.1,0,2.0.0,20261133
PK-015,2026-12-25,plan,25,Freitag,5,52,0,1,1. Weihnachtsfeiertag,Pflegefachkraft,Pflegefachkraft,EXAM|KARDIO_MONITORING,0.8,30.8,7392,7392,6653,8131,5,2,2,8,1,1,Pflegefachkraft,0,0.0,-1992,13,12,1,0,0,2303,1,,,,,,0,,0,,2,2,2,0,921,1,2,2,2,0,806,1,2,1,2,0,576,0,ST-IK1,Normalstation Innere Medizin / Kardiologie,30,Innere Medizin und Kardiologie,10.0,22.0,06:00,14:00,450,,13:30,21:30,450,F,21:15,06:15,495,F|S,11,10,8,10,30,45,8,38.5,30,0.1,0,2.0.0,20261133
PK-016,2026-12-25,plan,25,Freitag,5,52,0,1,1. Weihnachtsfeiertag,Pflegefachkraft,Pflegefachkraft,EXAM|KARDIO_MONITORING,0.7,26.95,6468,6468,5821,7115,5,2,2,8,1,1,Pflegefachkraft,0,0.0,566,13,12,1,0,0,2303,1,,,,,,0,,0,,2,2,2,0,921,1,2,2,2,0,806,1,2,1,2,0,576,0,ST-IK1,Normalstation Innere Medizin / Kardiologie,30,Innere Medizin und Kardiologie,10.0,22.0,06:00,14:00,450,,13:30,21:30,450,F,21:15,06:15,495,F|S,11,10,8,10,30,45,8,38.5,30,0.1,0,2.0.0,20261133
PK-017,2026-12-25,plan,25,Freitag,5,52,0,1,1. Weihnachtsfeiertag,Pflegefachkraft,Pflegefachkraft,EXAM|PRAXISANLEITUNG|KARDIO_MONITORING,1.0,38.5,9240,9240,8316,10164,5,2,2,8,1,1,Pflegefachkraft,0,0.0,-2265,13,12,1,0,0,2303,1,,,,,,0,,0,,2,2,2,0,921,1,2,2,2,0,806,1,2,1,2,0,576,0,ST-IK1,Normalstation Innere Medizin / Kardiologie,30,Innere Medizin und Kardiologie,10.0,22.0,06:00,14:00,450,,13:30,21:30,450,F,21:15,06:15,495,F|S,11,10,8,10,30,45,8,38.5,30,0.1,0,2.0.0,20261133
PK-018,2026-12-25,plan,25,Freitag,5,52,0,1,1. Weihnachtsfeiertag,Pflegefachkraft,Pflegefachkraft,EXAM,0.5,19.25,4620,4620,4158,5082,5,2,2,8,1,1,Pflegefachkraft,0,0.0,-885,13,12,1,0,0,2303,0,URLAUB,,,,,0,,0,,2,2,2,0,921,1,2,2,2,0,806,1,2,1,2,0,576,0,ST-IK1,Normalstation Innere Medizin / Kardiologie,30,Innere Medizin und Kardiologie,10.0,22.0,06:00,14:00,450,,13:30,21:30,450,F,21:15,06:15,495,F|S,11,10,8,10,30,45,8,38.5,30,0.1,0,2.0.0,20261133
AZ-001,2026-12-26,plan,26,Samstag,6,52,1,1,2. Weihnachtsfeiertag,Auszubildende_r_3_Ausbildungsjahr,Auszubildende,AUSZUBILDEND,1.0,38.5,9240,9240,8316,10164,5,2,2,8,1,0,nicht anrechenbar,0,0.0,-9240,13,13,0,1,0,2318,1,,,,,,0,,0,,2,2,2,0,927,1,2,2,2,0,811,1,2,1,2,0,580,0,ST-IK1,Normalstation Innere Medizin / Kardiologie,30,Innere Medizin und Kardiologie,10.0,22.0,06:00,14:00,450,,13:30,21:30,450,F,21:15,06:15,495,F|S,11,10,8,10,30,45,8,38.5,30,0.1,0,2.0.0,20261133
AZ-002,2026-12-26,plan,26,Samstag,6,52,1,1,2. Weihnachtsfeiertag,Auszubildende_r_2_Ausbildungsjahr,Auszubildende,AUSZUBILDEND,1.0,38.5,9240,9240,8316,10164,5,2,2,8,1,0,nicht anrechenbar,0,0.0,-9240,13,13,0,1,0,2318,1,,,,,,0,,0,,2,2,2,0,927,1,2,2,2,0,811,1,2,1,2,0,580,0,ST-IK1,Normalstation Innere Medizin / Kardiologie,30,Innere Medizin und Kardiologie,10.0,22.0,06:00,14:00,450,,13:30,21:30,450,F,21:15,06:15,495,F|S,11,10,8,10,30,45,8,38.5,30,0.1,0,2.0.0,20261133
AZ-003,2026-12-26,plan,26,Samstag,6,52,1,1,2. Weihnachtsfeiertag,Auszubildende_r_1_Ausbildungsjahr,Auszubildende,AUSZUBILDEND,1.0,38.5,9240,9240,8316,10164,5,2,2,0,0,0,nicht anrechenbar,0,0.0,-6006,13,13,0,1,0,2318,1,,,,,,0,,0,,2,2,2,0,927,1,2,2,2,0,811,1,2,1,2,0,580,0,ST-IK1,Normalstation Innere Medizin / Kardiologie,30,Innere Medizin und Kardiologie,10.0,22.0,06:00,14:00,450,,13:30,21:30,450,F,21:15,06:15,495,F|S,11,10,8,10,30,45,8,38.5,30,0.1,0,2.0.0,20261133
PH-001,2026-12-26,plan,26,Samstag,6,52,1,1,2. Weihnachtsfeiertag,Pflegehilfskraft,Pflegehilfskraft,PFLEGEHILFE,0.75,28.88,6931,6931,6238,7624,5,2,2,0,0,1,Pflegehilfskraft,0,0.0,-1530,13,13,0,1,0,2318,1,,,,,,0,,0,,2,2,2,0,927,1,2,2,2,0,811,1,2,1,2,0,580,0,ST-IK1,Normalstation Innere Medizin / Kardiologie,30,Innere Medizin und Kardiologie,10.0,22.0,06:00,14:00,450,,13:30,21:30,450,F,21:15,06:15,495,F|S,11,10,8,10,30,45,8,38.5,30,0.1,0,2.0.0,20261133
PH-002,2026-12-26,plan,26,Samstag,6,52,1,1,2. Weihnachtsfeiertag,Pflegehilfskraft,Pflegehilfskraft,PFLEGEHILFE,0.5,19.25,4620,4620,4158,5082,5,2,2,0,0,1,Pflegehilfskraft,0,0.0,-1020,13,13,0,1,0,2318,1,,,,,,0,,0,,2,2,2,0,927,1,2,2,2,0,811,1,2,1,2,0,580,0,ST-IK1,Normalstation Innere Medizin / Kardiologie,30,Innere Medizin und Kardiologie,10.0,22.0,06:00,14:00,450,,13:30,21:30,450,F,21:15,06:15,495,F|S,11,10,8,10,30,45,8,38.5,30,0.1,0,2.0.0,20261133
PK-001,2026-12-26,plan,26,Samstag,6,52,1,1,2. Weihnachtsfeiertag,Stationsleitung,Pflegefachkraft,EXAM|LEITUNG|PRAXISANLEITUNG,1.0,38.5,9240,4620,4158,5082,5,2,2,0,0,1,Pflegefachkraft,1,0.5,2130,13,13,0,1,0,2318,1,,,,,,0,,0,,2,2,2,0,927,1,2,2,2,0,811,1,2,1,2,0,580,0,ST-IK1,Normalstation Innere Medizin / Kardiologie,30,Innere Medizin und Kardiologie,10.0,22.0,06:00,14:00,450,,13:30,21:30,450,F,21:15,06:15,495,F|S,11,10,8,10,30,45,8,38.5,30,0.1,0,2.0.0,20261133
PK-002,2026-12-26,plan,26,Samstag,6,52,1,1,2. Weihnachtsfeiertag,Pflegefachkraft,Pflegefachkraft,EXAM|PRAXISANLEITUNG,0.8,30.8,7392,7392,6653,8131,5,2,2,8,1,1,Pflegefachkraft,0,0.0,-1857,13,13,0,1,0,2318,1,,,,,,0,,0,,2,2,2,0,927,1,2,2,2,0,811,1,2,1,2,0,580,0,ST-IK1,Normalstation Innere Medizin / Kardiologie,30,Innere Medizin und Kardiologie,10.0,22.0,06:00,14:00,450,,13:30,21:30,450,F,21:15,06:15,495,F|S,11,10,8,10,30,45,8,38.5,30,0.1,0,2.0.0,20261133
PK-003,2026-12-26,plan,26,Samstag,6,52,1,1,2. Weihnachtsfeiertag,Pflegefachkraft,Pflegefachkraft,EXAM,0.8,30.8,7392,7392,6653,8131,5,2,2,8,1,1,Pflegefachkraft,0,0.0,-1902,13,13,0,1,0,2318,1,,,,,,0,,0,,2,2,2,0,927,1,2,2,2,0,811,1,2,1,2,0,580,0,ST-IK1,Normalstation Innere Medizin / Kardiologie,30,Innere Medizin und Kardiologie,10.0,22.0,06:00,14:00,450,,13:30,21:30,450,F,21:15,06:15,495,F|S,11,10,8,10,30,45,8,38.5,30,0.1,0,2.0.0,20261133
PK-004,2026-12-26,plan,26,Samstag,6,52,1,1,2. Weihnachtsfeiertag,Pflegefachkraft,Pflegefachkraft,EXAM,1.0,38.5,9240,9240,8316,10164,5,2,2,8,1,1,Pflegefachkraft,0,0.0,-2625,13,13,0,1,0,2318,1,,,,,,0,,0,,2,2,2,0,927,1,2,2,2,0,811,1,2,1,2,0,580,0,ST-IK1,Normalstation Innere Medizin / Kardiologie,30,Innere Medizin und Kardiologie,10.0,22.0,06:00,14:00,450,,13:30,21:30,450,F,21:15,06:15,495,F|S,11,10,8,10,30,45,8,38.5,30,0.1,0,2.0.0,20261133
PK-005,2026-12-26,plan,26,Samstag,6,52,1,1,2. Weihnachtsfeiertag,Pflegefachkraft,Pflegefachkraft,EXAM,1.0,38.5,9240,9240,8316,10164,5,2,2,8,1,1,Pflegefachkraft,0,0.0,-2625,13,13,0,1,0,2318,0,URLAUB,,,,,0,,0,,2,2,2,0,927,1,2,2,2,0,811,1,2,1,2,0,580,0,ST-IK1,Normalstation Innere Medizin / Kardiologie,30,Innere Medizin und Kardiologie,10.0,22.0,06:00,14:00,450,,13:30,21:30,450,F,21:15,06:15,495,F|S,11,10,8,10,30,45,8,38.5,30,0.1,0,2.0.0,20261133
PK-006,2026-12-26,plan,26,Samstag,6,52,1,1,2. Weihnachtsfeiertag,Pflegefachkraft,Pflegefachkraft,EXAM|PRAXISANLEITUNG|KARDIO_MONITORING,1.0,38.5,9240,9240,8316,10164,5,2,2,8,1,1,Pflegefachkraft,0,0.0,1104,13,13,0,1,0,2318,1,,2,,,,0,,0,,2,2,2,0,927,1,2,2,2,0,811,1,2,1,2,0,580,0,ST-IK1,Normalstation Innere Medizin / Kardiologie,30,Innere Medizin und Kardiologie,10.0,22.0,06:00,14:00,450,,13:30,21:30,450,F,21:15,06:15,495,F|S,11,10,8,10,30,45,8,38.5,30,0.1,0,2.0.0,20261133
PK-007,2026-12-26,plan,26,Samstag,6,52,1,1,2. Weihnachtsfeiertag,Pflegefachkraft,Pflegefachkraft,EXAM,0.75,28.88,6931,6931,6238,7624,5,2,2,8,1,1,Pflegefachkraft,0,0.0,-1800,13,13,0,1,0,2318,1,,,,,,0,,0,,2,2,2,0,927,1,2,2,2,0,811,1,2,1,2,0,580,0,ST-IK1,Normalstation Innere Medizin / Kardiologie,30,Innere Medizin und Kardiologie,10.0,22.0,06:00,14:00,450,,13:30,21:30,450,F,21:15,06:15,495,F|S,11,10,8,10,30,45,8,38.5,30,0.1,0,2.0.0,20261133
PK-008,2026-12-26,plan,26,Samstag,6,52,1,1,2. Weihnachtsfeiertag,Pflegefachkraft,Pflegefachkraft,EXAM|PRAXISANLEITUNG,0.6,23.1,5544,5544,4990,6098,5,2,2,8,1,1,Pflegefachkraft,0,0.0,-1449,13,13,0,1,0,2318,1,,1,,,,0,,0,,2,2,2,0,927,1,2,2,2,0,811,1,2,1,2,0,580,0,ST-IK1,Normalstation Innere Medizin / Kardiologie,30,Innere Medizin und Kardiologie,10.0,22.0,06:00,14:00,450,,13:30,21:30,450,F,21:15,06:15,495,F|S,11,10,8,10,30,45,8,38.5,30,0.1,0,2.0.0,20261133
PK-009,2026-12-26,plan,26,Samstag,6,52,1,1,2. Weihnachtsfeiertag,Pflegefachkraft,Pflegefachkraft,EXAM|KARDIO_MONITORING,0.6,23.1,5544,5544,4990,6098,5,2,2,8,1,1,Pflegefachkraft,0,0.0,-1494,13,13,0,1,0,2318,1,,,,,,0,,0,,2,2,2,0,927,1,2,2,2,0,811,1,2,1,2,0,580,0,ST-IK1,Normalstation Innere Medizin / Kardiologie,30,Innere Medizin und Kardiologie,10.0,22.0,06:00,14:00,450,,13:30,21:30,450,F,21:15,06:15,495,F|S,11,10,8,10,30,45,8,38.5,30,0.1,0,2.0.0,20261133
PK-010,2026-12-26,plan,26,Samstag,6,52,1,1,2. Weihnachtsfeiertag,Pflegefachkraft,Pflegefachkraft,EXAM|KARDIO_MONITORING,0.9,34.65,8316,8316,7484,9148,5,2,2,8,1,1,Pflegefachkraft,0,0.0,-1971,13,13,0,1,0,2318,1,,,,,,0,,0,,2,2,2,0,927,1,2,2,2,0,811,1,2,1,2,0,580,0,ST-IK1,Normalstation Innere Medizin / Kardiologie,30,Innere Medizin und Kardiologie,10.0,22.0,06:00,14:00,450,,13:30,21:30,450,F,21:15,06:15,495,F|S,11,10,8,10,30,45,8,38.5,30,0.1,0,2.0.0,20261133
PK-011,2026-12-26,plan,26,Samstag,6,52,1,1,2. Weihnachtsfeiertag,Pflegefachkraft,Pflegefachkraft,EXAM|PRAXISANLEITUNG,0.5,19.25,4620,4620,4158,5082,5,2,2,8,1,1,Pflegefachkraft,0,0.0,-885,13,13,0,1,0,2318,1,,,,,,0,,0,,2,2,2,0,927,1,2,2,2,0,811,1,2,1,2,0,580,0,ST-IK1,Normalstation Innere Medizin / Kardiologie,30,Innere Medizin und Kardiologie,10.0,22.0,06:00,14:00,450,,13:30,21:30,450,F,21:15,06:15,495,F|S,11,10,8,10,30,45,8,38.5,30,0.1,0,2.0.0,20261133
PK-012,2026-12-26,plan,26,Samstag,6,52,1,1,2. Weihnachtsfeiertag,Pflegefachkraft,Pflegefachkraft,EXAM|KARDIO_MONITORING,0.75,28.88,6931,6931,6238,7624,5,2,2,8,1,1,Pflegefachkraft,0,0.0,-1845,13,13,0,1,0,2318,1,,,,,,0,,0,,2,2,2,0,927,1,2,2,2,0,811,1,2,1,2,0,580,0,ST-IK1,Normalstation Innere Medizin / Kardiologie,30,Innere Medizin und Kardiologie,10.0,22.0,06:00,14:00,450,,13:30,21:30,450,F,21:15,06:15,495,F|S,11,10,8,10,30,45,8,38.5,30,0.1,0,2.0.0,20261133
PK-013,2026-12-26,plan,26,Samstag,6,52,1,1,2. Weihnachtsfeiertag,Pflegefachkraft,Pflegefachkraft,EXAM,1.0,38.5,9240,9240,8316,10164,5,2,2,8,1,1,Pflegefachkraft,0,0.0,-2445,13,13,0,1,0,2318,1,,,,,,1,8,0,,2,2,2,0,927,1,2,2,2,0,811,1,2,1,2,0,580,0,ST-IK1,Normalstation Innere Medizin / Kardiologie,30,Innere Medizin und Kardiologie,10.0,22.0,06:00,14:00,450,,13:30,21:30,450,F,21:15,06:15,495,F|S,11,10,8,10,30,45,8,38.5,30,0.1,0,2.0.0,20261133
PK-014,2026-12-26,plan,26,Samstag,6,52,1,1,2. Weihnachtsfeiertag,Pflegefachkraft,Pflegefachkraft,EXAM|PRAXISANLEITUNG,0.75,28.88,6931,6931,6238,7624,5,2,2,8,1,1,Pflegefachkraft,0,0.0,-1440,13,13,0,1,0,2318,1,,,,,,0,,0,,2,2,2,0,927,1,2,2,2,0,811,1,2,1,2,0,580,0,ST-IK1,Normalstation Innere Medizin / Kardiologie,30,Innere Medizin und Kardiologie,10.0,22.0,06:00,14:00,450,,13:30,21:30,450,F,21:15,06:15,495,F|S,11,10,8,10,30,45,8,38.5,30,0.1,0,2.0.0,20261133
PK-015,2026-12-26,plan,26,Samstag,6,52,1,1,2. Weihnachtsfeiertag,Pflegefachkraft,Pflegefachkraft,EXAM|KARDIO_MONITORING,0.8,30.8,7392,7392,6653,8131,5,2,2,8,1,1,Pflegefachkraft,0,0.0,-1992,13,13,0,1,0,2318,1,,,,,,0,,0,,2,2,2,0,927,1,2,2,2,0,811,1,2,1,2,0,580,0,ST-IK1,Normalstation Innere Medizin / Kardiologie,30,Innere Medizin und Kardiologie,10.0,22.0,06:00,14:00,450,,13:30,21:30,450,F,21:15,06:15,495,F|S,11,10,8,10,30,45,8,38.5,30,0.1,0,2.0.0,20261133
PK-016,2026-12-26,plan,26,Samstag,6,52,1,1,2. Weihnachtsfeiertag,Pflegefachkraft,Pflegefachkraft,EXAM|KARDIO_MONITORING,0.7,26.95,6468,6468,5821,7115,5,2,2,8,1,1,Pflegefachkraft,0,0.0,566,13,13,0,1,0,2318,1,,,,,,0,,0,,2,2,2,0,927,1,2,2,2,0,811,1,2,1,2,0,580,0,ST-IK1,Normalstation Innere Medizin / Kardiologie,30,Innere Medizin und Kardiologie,10.0,22.0,06:00,14:00,450,,13:30,21:30,450,F,21:15,06:15,495,F|S,11,10,8,10,30,45,8,38.5,30,0.1,0,2.0.0,20261133
PK-017,2026-12-26,plan,26,Samstag,6,52,1,1,2. Weihnachtsfeiertag,Pflegefachkraft,Pflegefachkraft,EXAM|PRAXISANLEITUNG|KARDIO_MONITORING,1.0,38.5,9240,9240,8316,10164,5,2,2,8,1,1,Pflegefachkraft,0,0.0,-2265,13,13,0,1,0,2318,1,,,S,1,,0,,0,,2,2,2,0,927,1,2,2,2,0,811,1,2,1,2,0,580,0,ST-IK1,Normalstation Innere Medizin / Kardiologie,30,Innere Medizin und Kardiologie,10.0,22.0,06:00,14:00,450,,13:30,21:30,450,F,21:15,06:15,495,F|S,11,10,8,10,30,45,8,38.5,30,0.1,0,2.0.0,20261133
PK-018,2026-12-26,plan,26,Samstag,6,52,1,1,2. Weihnachtsfeiertag,Pflegefachkraft,Pflegefachkraft,EXAM,0.5,19.25,4620,4620,4158,5082,5,2,2,8,1,1,Pflegefachkraft,0,0.0,-885,13,13,0,1,0,2318,0,URLAUB,,,,,0,,0,,2,2,2,0,927,1,2,2,2,0,811,1,2,1,2,0,580,0,ST-IK1,Normalstation Innere Medizin / Kardiologie,30,Innere Medizin und Kardiologie,10.0,22.0,06:00,14:00,450,,13:30,21:30,450,F,21:15,06:15,495,F|S,11,10,8,10,30,45,8,38.5,30,0.1,0,2.0.0,20261133
AZ-001,2026-12-27,plan,27,Sonntag,7,52,1,0,,Auszubildende_r_3_Ausbildungsjahr,Auszubildende,AUSZUBILDEND,1.0,38.5,9240,9240,8316,10164,5,2,2,8,1,0,nicht anrechenbar,0,0.0,-9240,16,16,1,1,0,2463,1,,,,,,0,,0,,3,2,2,1,985,1,3,2,2,1,862,1,2,1,2,0,616,0,ST-IK1,Normalstation Innere Medizin / Kardiologie,30,Innere Medizin und Kardiologie,10.0,22.0,06:00,14:00,450,,13:30,21:30,450,F,21:15,06:15,495,F|S,11,10,8,10,30,45,8,38.5,30,0.1,0,2.0.0,20261133
AZ-002,2026-12-27,plan,27,Sonntag,7,52,1,0,,Auszubildende_r_2_Ausbildungsjahr,Auszubildende,AUSZUBILDEND,1.0,38.5,9240,9240,8316,10164,5,2,2,8,1,0,nicht anrechenbar,0,0.0,-9240,16,16,1,1,0,2463,1,,,,,,0,,0,,3,2,2,1,985,1,3,2,2,1,862,1,2,1,2,0,616,0,ST-IK1,Normalstation Innere Medizin / Kardiologie,30,Innere Medizin und Kardiologie,10.0,22.0,06:00,14:00,450,,13:30,21:30,450,F,21:15,06:15,495,F|S,11,10,8,10,30,45,8,38.5,30,0.1,0,2.0.0,20261133
AZ-003,2026-12-27,plan,27,Sonntag,7,52,1,0,,Auszubildende_r_1_Ausbildungsjahr,Auszubildende,AUSZUBILDEND,1.0,38.5,9240,9240,8316,10164,5,2,2,0,0,0,nicht anrechenbar,0,0.0,-6006,16,16,1,1,0,2463,1,,,,,,0,,0,,3,2,2,1,985,1,3,2,2,1,862,1,2,1,2,0,616,0,ST-IK1,Normalstation Innere Medizin / Kardiologie,30,Innere Medizin und Kardiologie,10.0,22.0,06:00,14:00,450,,13:30,21:30,450,F,21:15,06:15,495,F|S,11,10,8,10,30,45,8,38.5,30,0.1,0,2.0.0,20261133
PH-001,2026-12-27,plan,27,Sonntag,7,52,1,0,,Pflegehilfskraft,Pflegehilfskraft,PFLEGEHILFE,0.75,28.88,6931,6931,6238,7624,5,2,2,0,0,1,Pflegehilfskraft,0,0.0,-1530,16,16,1,1,0,2463,1,,,,,,0,,0,,3,2,2,1,985,1,3,2,2,1,862,1,2,1,2,0,616,0,ST-IK1,Normalstation Innere Medizin / Kardiologie,30,Innere Medizin und Kardiologie,10.0,22.0,06:00,14:00,450,,13:30,21:30,450,F,21:15,06:15,495,F|S,11,10,8,10,30,45,8,38.5,30,0.1,0,2.0.0,20261133
PH-002,2026-12-27,plan,27,Sonntag,7,52,1,0,,Pflegehilfskraft,Pflegehilfskraft,PFLEGEHILFE,0.5,19.25,4620,4620,4158,5082,5,2,2,0,0,1,Pflegehilfskraft,0,0.0,-1020,16,16,1,1,0,2463,1,,,,,,0,,0,,3,2,2,1,985,1,3,2,2,1,862,1,2,1,2,0,616,0,ST-IK1,Normalstation Innere Medizin / Kardiologie,30,Innere Medizin und Kardiologie,10.0,22.0,06:00,14:00,450,,13:30,21:30,450,F,21:15,06:15,495,F|S,11,10,8,10,30,45,8,38.5,30,0.1,0,2.0.0,20261133
PK-001,2026-12-27,plan,27,Sonntag,7,52,1,0,,Stationsleitung,Pflegefachkraft,EXAM|LEITUNG|PRAXISANLEITUNG,1.0,38.5,9240,4620,4158,5082,5,2,2,0,0,1,Pflegefachkraft,1,0.5,2130,16,16,1,1,0,2463,0,FORTBILDUNG,,,,,0,,0,,3,2,2,1,985,1,3,2,2,1,862,1,2,1,2,0,616,0,ST-IK1,Normalstation Innere Medizin / Kardiologie,30,Innere Medizin und Kardiologie,10.0,22.0,06:00,14:00,450,,13:30,21:30,450,F,21:15,06:15,495,F|S,11,10,8,10,30,45,8,38.5,30,0.1,0,2.0.0,20261133
PK-002,2026-12-27,plan,27,Sonntag,7,52,1,0,,Pflegefachkraft,Pflegefachkraft,EXAM|PRAXISANLEITUNG,0.8,30.8,7392,7392,6653,8131,5,2,2,8,1,1,Pflegefachkraft,0,0.0,-1857,16,16,1,1,0,2463,1,,,,,,0,,0,,3,2,2,1,985,1,3,2,2,1,862,1,2,1,2,0,616,0,ST-IK1,Normalstation Innere Medizin / Kardiologie,30,Innere Medizin und Kardiologie,10.0,22.0,06:00,14:00,450,,13:30,21:30,450,F,21:15,06:15,495,F|S,11,10,8,10,30,45,8,38.5,30,0.1,0,2.0.0,20261133
PK-003,2026-12-27,plan,27,Sonntag,7,52,1,0,,Pflegefachkraft,Pflegefachkraft,EXAM,0.8,30.8,7392,7392,6653,8131,5,2,2,8,1,1,Pflegefachkraft,0,0.0,-1902,16,16,1,1,0,2463,1,,,,,,0,,0,,3,2,2,1,985,1,3,2,2,1,862,1,2,1,2,0,616,0,ST-IK1,Normalstation Innere Medizin / Kardiologie,30,Innere Medizin und Kardiologie,10.0,22.0,06:00,14:00,450,,13:30,21:30,450,F,21:15,06:15,495,F|S,11,10,8,10,30,45,8,38.5,30,0.1,0,2.0.0,20261133
PK-004,2026-12-27,plan,27,Sonntag,7,52,1,0,,Pflegefachkraft,Pflegefachkraft,EXAM,1.0,38.5,9240,9240,8316,10164,5,2,2,8,1,1,Pflegefachkraft,0,0.0,-2625,16,16,1,1,0,2463,1,,,,,,0,,0,,3,2,2,1,985,1,3,2,2,1,862,1,2,1,2,0,616,0,ST-IK1,Normalstation Innere Medizin / Kardiologie,30,Innere Medizin und Kardiologie,10.0,22.0,06:00,14:00,450,,13:30,21:30,450,F,21:15,06:15,495,F|S,11,10,8,10,30,45,8,38.5,30,0.1,0,2.0.0,20261133
PK-005,2026-12-27,plan,27,Sonntag,7,52,1,0,,Pflegefachkraft,Pflegefachkraft,EXAM,1.0,38.5,9240,9240,8316,10164,5,2,2,8,1,1,Pflegefachkraft,0,0.0,-2625,16,16,1,1,0,2463,0,URLAUB,,,,,0,,0,,3,2,2,1,985,1,3,2,2,1,862,1,2,1,2,0,616,0,ST-IK1,Normalstation Innere Medizin / Kardiologie,30,Innere Medizin und Kardiologie,10.0,22.0,06:00,14:00,450,,13:30,21:30,450,F,21:15,06:15,495,F|S,11,10,8,10,30,45,8,38.5,30,0.1,0,2.0.0,20261133
PK-006,2026-12-27,plan,27,Sonntag,7,52,1,0,,Pflegefachkraft,Pflegefachkraft,EXAM|PRAXISANLEITUNG|KARDIO_MONITORING,1.0,38.5,9240,9240,8316,10164,5,2,2,8,1,1,Pflegefachkraft,0,0.0,1104,16,16,1,1,0,2463,1,,,,,,0,,0,,3,2,2,1,985,1,3,2,2,1,862,1,2,1,2,0,616,0,ST-IK1,Normalstation Innere Medizin / Kardiologie,30,Innere Medizin und Kardiologie,10.0,22.0,06:00,14:00,450,,13:30,21:30,450,F,21:15,06:15,495,F|S,11,10,8,10,30,45,8,38.5,30,0.1,0,2.0.0,20261133
PK-007,2026-12-27,plan,27,Sonntag,7,52,1,0,,Pflegefachkraft,Pflegefachkraft,EXAM,0.75,28.88,6931,6931,6238,7624,5,2,2,8,1,1,Pflegefachkraft,0,0.0,-1800,16,16,1,1,0,2463,1,,,,,,0,,0,,3,2,2,1,985,1,3,2,2,1,862,1,2,1,2,0,616,0,ST-IK1,Normalstation Innere Medizin / Kardiologie,30,Innere Medizin und Kardiologie,10.0,22.0,06:00,14:00,450,,13:30,21:30,450,F,21:15,06:15,495,F|S,11,10,8,10,30,45,8,38.5,30,0.1,0,2.0.0,20261133
PK-008,2026-12-27,plan,27,Sonntag,7,52,1,0,,Pflegefachkraft,Pflegefachkraft,EXAM|PRAXISANLEITUNG,0.6,23.1,5544,5544,4990,6098,5,2,2,8,1,1,Pflegefachkraft,0,0.0,-1449,16,16,1,1,0,2463,1,,,,,,0,,0,,3,2,2,1,985,1,3,2,2,1,862,1,2,1,2,0,616,0,ST-IK1,Normalstation Innere Medizin / Kardiologie,30,Innere Medizin und Kardiologie,10.0,22.0,06:00,14:00,450,,13:30,21:30,450,F,21:15,06:15,495,F|S,11,10,8,10,30,45,8,38.5,30,0.1,0,2.0.0,20261133
PK-009,2026-12-27,plan,27,Sonntag,7,52,1,0,,Pflegefachkraft,Pflegefachkraft,EXAM|KARDIO_MONITORING,0.6,23.1,5544,5544,4990,6098,5,2,2,8,1,1,Pflegefachkraft,0,0.0,-1494,16,16,1,1,0,2463,1,,,,,,0,,0,,3,2,2,1,985,1,3,2,2,1,862,1,2,1,2,0,616,0,ST-IK1,Normalstation Innere Medizin / Kardiologie,30,Innere Medizin und Kardiologie,10.0,22.0,06:00,14:00,450,,13:30,21:30,450,F,21:15,06:15,495,F|S,11,10,8,10,30,45,8,38.5,30,0.1,0,2.0.0,20261133
PK-010,2026-12-27,plan,27,Sonntag,7,52,1,0,,Pflegefachkraft,Pflegefachkraft,EXAM|KARDIO_MONITORING,0.9,34.65,8316,8316,7484,9148,5,2,2,8,1,1,Pflegefachkraft,0,0.0,-1971,16,16,1,1,0,2463,1,,1,,,,0,,0,,3,2,2,1,985,1,3,2,2,1,862,1,2,1,2,0,616,0,ST-IK1,Normalstation Innere Medizin / Kardiologie,30,Innere Medizin und Kardiologie,10.0,22.0,06:00,14:00,450,,13:30,21:30,450,F,21:15,06:15,495,F|S,11,10,8,10,30,45,8,38.5,30,0.1,0,2.0.0,20261133
PK-011,2026-12-27,plan,27,Sonntag,7,52,1,0,,Pflegefachkraft,Pflegefachkraft,EXAM|PRAXISANLEITUNG,0.5,19.25,4620,4620,4158,5082,5,2,2,8,1,1,Pflegefachkraft,0,0.0,-885,16,16,1,1,0,2463,1,,,,,,0,,0,,3,2,2,1,985,1,3,2,2,1,862,1,2,1,2,0,616,0,ST-IK1,Normalstation Innere Medizin / Kardiologie,30,Innere Medizin und Kardiologie,10.0,22.0,06:00,14:00,450,,13:30,21:30,450,F,21:15,06:15,495,F|S,11,10,8,10,30,45,8,38.5,30,0.1,0,2.0.0,20261133
PK-012,2026-12-27,plan,27,Sonntag,7,52,1,0,,Pflegefachkraft,Pflegefachkraft,EXAM|KARDIO_MONITORING,0.75,28.88,6931,6931,6238,7624,5,2,2,8,1,1,Pflegefachkraft,0,0.0,-1845,16,16,1,1,0,2463,1,,,,,,0,,0,,3,2,2,1,985,1,3,2,2,1,862,1,2,1,2,0,616,0,ST-IK1,Normalstation Innere Medizin / Kardiologie,30,Innere Medizin und Kardiologie,10.0,22.0,06:00,14:00,450,,13:30,21:30,450,F,21:15,06:15,495,F|S,11,10,8,10,30,45,8,38.5,30,0.1,0,2.0.0,20261133
PK-013,2026-12-27,plan,27,Sonntag,7,52,1,0,,Pflegefachkraft,Pflegefachkraft,EXAM,1.0,38.5,9240,9240,8316,10164,5,2,2,8,1,1,Pflegefachkraft,0,0.0,-2445,16,16,1,1,0,2463,1,,,,,,0,,0,,3,2,2,1,985,1,3,2,2,1,862,1,2,1,2,0,616,0,ST-IK1,Normalstation Innere Medizin / Kardiologie,30,Innere Medizin und Kardiologie,10.0,22.0,06:00,14:00,450,,13:30,21:30,450,F,21:15,06:15,495,F|S,11,10,8,10,30,45,8,38.5,30,0.1,0,2.0.0,20261133
PK-014,2026-12-27,plan,27,Sonntag,7,52,1,0,,Pflegefachkraft,Pflegefachkraft,EXAM|PRAXISANLEITUNG,0.75,28.88,6931,6931,6238,7624,5,2,2,8,1,1,Pflegefachkraft,0,0.0,-1440,16,16,1,1,0,2463,1,,,,,,0,,0,,3,2,2,1,985,1,3,2,2,1,862,1,2,1,2,0,616,0,ST-IK1,Normalstation Innere Medizin / Kardiologie,30,Innere Medizin und Kardiologie,10.0,22.0,06:00,14:00,450,,13:30,21:30,450,F,21:15,06:15,495,F|S,11,10,8,10,30,45,8,38.5,30,0.1,0,2.0.0,20261133
PK-015,2026-12-27,plan,27,Sonntag,7,52,1,0,,Pflegefachkraft,Pflegefachkraft,EXAM|KARDIO_MONITORING,0.8,30.8,7392,7392,6653,8131,5,2,2,8,1,1,Pflegefachkraft,0,0.0,-1992,16,16,1,1,0,2463,1,,,,,,0,,0,,3,2,2,1,985,1,3,2,2,1,862,1,2,1,2,0,616,0,ST-IK1,Normalstation Innere Medizin / Kardiologie,30,Innere Medizin und Kardiologie,10.0,22.0,06:00,14:00,450,,13:30,21:30,450,F,21:15,06:15,495,F|S,11,10,8,10,30,45,8,38.5,30,0.1,0,2.0.0,20261133
PK-016,2026-12-27,plan,27,Sonntag,7,52,1,0,,Pflegefachkraft,Pflegefachkraft,EXAM|KARDIO_MONITORING,0.7,26.95,6468,6468,5821,7115,5,2,2,8,1,1,Pflegefachkraft,0,0.0,566,16,16,1,1,0,2463,1,,,,,,0,,0,,3,2,2,1,985,1,3,2,2,1,862,1,2,1,2,0,616,0,ST-IK1,Normalstation Innere Medizin / Kardiologie,30,Innere Medizin und Kardiologie,10.0,22.0,06:00,14:00,450,,13:30,21:30,450,F,21:15,06:15,495,F|S,11,10,8,10,30,45,8,38.5,30,0.1,0,2.0.0,20261133
PK-017,2026-12-27,plan,27,Sonntag,7,52,1,0,,Pflegefachkraft,Pflegefachkraft,EXAM|PRAXISANLEITUNG|KARDIO_MONITORING,1.0,38.5,9240,9240,8316,10164,5,2,2,8,1,1,Pflegefachkraft,0,0.0,-2265,16,16,1,1,0,2463,1,,,,,,0,,0,,3,2,2,1,985,1,3,2,2,1,862,1,2,1,2,0,616,0,ST-IK1,Normalstation Innere Medizin / Kardiologie,30,Innere Medizin und Kardiologie,10.0,22.0,06:00,14:00,450,,13:30,21:30,450,F,21:15,06:15,495,F|S,11,10,8,10,30,45,8,38.5,30,0.1,0,2.0.0,20261133
PK-018,2026-12-27,plan,27,Sonntag,7,52,1,0,,Pflegefachkraft,Pflegefachkraft,EXAM,0.5,19.25,4620,4620,4158,5082,5,2,2,8,1,1,Pflegefachkraft,0,0.0,-885,16,16,1,1,0,2463,0,URLAUB,,,,,0,,0,,3,2,2,1,985,1,3,2,2,1,862,1,2,1,2,0,616,0,ST-IK1,Normalstation Innere Medizin / Kardiologie,30,Innere Medizin und Kardiologie,10.0,22.0,06:00,14:00,450,,13:30,21:30,450,F,21:15,06:15,495,F|S,11,10,8,10,30,45,8,38.5,30,0.1,0,2.0.0,20261133
